Log_Date,ATM_ID,Location_Type,Region,Max_Capacity_IDR,Beginning_Cash_IDR,Replenishment_Amount_IDR,Target_Demand_IDR,Actual_Withdrawal_IDR,Ending_Cash_IDR,Is_Stockout,Holding_Cost_IDR,Logistics_Cost_IDR,Stockout_Penalty_Cost_IDR
2025-11-01,ATM-001,Shopping Mall,Jakarta Pusat,800000000,530282000.0,0.0,89300000.0,89300000.0,440982000.0,0,66524.93,0.0,0
2025-11-02,ATM-001,Shopping Mall,Jakarta Pusat,800000000,440982000.0,0.0,103200000.0,103200000.0,337782000.0,0,53340.0,0.0,0
2025-11-03,ATM-001,Shopping Mall,Jakarta Pusat,800000000,337782000.0,0.0,38400000.0,38400000.0,299382000.0,0,43641.37,0.0,0
2025-11-04,ATM-001,Shopping Mall,Jakarta Pusat,800000000,299382000.0,0.0,33200000.0,33200000.0,266182000.0,0,38737.26,0.0,0
2025-11-05,ATM-001,Shopping Mall,Jakarta Pusat,800000000,266182000.0,0.0,63000000.0,63000000.0,203182000.0,0,32148.22,0.0,0
2025-11-06,ATM-001,Shopping Mall,Jakarta Pusat,800000000,203182000.0,0.0,50200000.0,50200000.0,152982000.0,0,24394.79,0.0,0
2025-11-07,ATM-001,Shopping Mall,Jakarta Pusat,800000000,152982000.0,647018000.0,61400000.0,61400000.0,738600000.0,0,61067.26,372000.0,0
2025-11-08,ATM-001,Shopping Mall,Jakarta Pusat,800000000,738600000.0,0.0,59900000.0,59900000.0,678700000.0,0,97075.34,0.0,0
2025-11-09,ATM-001,Shopping Mall,Jakarta Pusat,800000000,678700000.0,0.0,71600000.0,71600000.0,607100000.0,0,88068.49,0.0,0
2025-11-10,ATM-001,Shopping Mall,Jakarta Pusat,800000000,607100000.0,0.0,42800000.0,42800000.0,564300000.0,0,80232.88,0.0,0
2025-11-11,ATM-001,Shopping Mall,Jakarta Pusat,800000000,564300000.0,0.0,52100000.0,52100000.0,512200000.0,0,73732.88,0.0,0
2025-11-12,ATM-001,Shopping Mall,Jakarta Pusat,800000000,512200000.0,0.0,47600000.0,47600000.0,464600000.0,0,66904.11,0.0,0
2025-11-13,ATM-001,Shopping Mall,Jakarta Pusat,800000000,464600000.0,0.0,56500000.0,56500000.0,408100000.0,0,59773.97,0.0,0
2025-11-14,ATM-001,Shopping Mall,Jakarta Pusat,800000000,408100000.0,0.0,34100000.0,34100000.0,374000000.0,0,53568.49,0.0,0
2025-11-15,ATM-001,Shopping Mall,Jakarta Pusat,800000000,374000000.0,0.0,84800000.0,84800000.0,289200000.0,0,45424.66,0.0,0
2025-11-16,ATM-001,Shopping Mall,Jakarta Pusat,800000000,289200000.0,0.0,110200000.0,110200000.0,179000000.0,0,32068.49,0.0,0
2025-11-17,ATM-001,Shopping Mall,Jakarta Pusat,800000000,179000000.0,0.0,37300000.0,37300000.0,141700000.0,0,21965.75,0.0,0
2025-11-18,ATM-001,Shopping Mall,Jakarta Pusat,800000000,141700000.0,658300000.0,60200000.0,60200000.0,739800000.0,0,60376.71,372000.0,0
2025-11-19,ATM-001,Shopping Mall,Jakarta Pusat,800000000,739800000.0,0.0,26800000.0,26800000.0,713000000.0,0,99506.85,0.0,0
2025-11-20,ATM-001,Shopping Mall,Jakarta Pusat,800000000,713000000.0,0.0,35000000.0,35000000.0,678000000.0,0,95273.97,0.0,0
2025-11-21,ATM-001,Shopping Mall,Jakarta Pusat,800000000,678000000.0,0.0,52100000.0,52100000.0,625900000.0,0,89308.22,0.0,0
2025-11-22,ATM-001,Shopping Mall,Jakarta Pusat,800000000,625900000.0,0.0,60800000.0,60800000.0,565100000.0,0,81575.34,0.0,0
2025-11-23,ATM-001,Shopping Mall,Jakarta Pusat,800000000,565100000.0,0.0,121200000.0,121200000.0,443900000.0,0,69109.59,0.0,0
2025-11-24,ATM-001,Shopping Mall,Jakarta Pusat,800000000,443900000.0,0.0,67700000.0,67700000.0,376200000.0,0,56171.23,0.0,0
2025-11-25,ATM-001,Shopping Mall,Jakarta Pusat,800000000,376200000.0,0.0,33000000.0,33000000.0,343200000.0,0,49273.97,0.0,0
2025-11-26,ATM-001,Shopping Mall,Jakarta Pusat,800000000,343200000.0,0.0,51200000.0,51200000.0,292000000.0,0,43506.85,0.0,0
2025-11-27,ATM-001,Shopping Mall,Jakarta Pusat,800000000,292000000.0,0.0,40100000.0,40100000.0,251900000.0,0,37253.42,0.0,0
2025-11-28,ATM-001,Shopping Mall,Jakarta Pusat,800000000,251900000.0,0.0,32500000.0,32500000.0,219400000.0,0,32280.82,0.0,0
2025-11-29,ATM-001,Shopping Mall,Jakarta Pusat,800000000,219400000.0,0.0,103100000.0,103100000.0,116300000.0,0,22993.15,0.0,0
2025-11-30,ATM-001,Shopping Mall,Jakarta Pusat,800000000,116300000.0,683700000.0,101900000.0,101900000.0,698100000.0,0,55780.82,372000.0,0
2025-12-01,ATM-001,Shopping Mall,Jakarta Pusat,800000000,698100000.0,0.0,39200000.0,39200000.0,658900000.0,0,92945.21,0.0,0
2025-12-02,ATM-001,Shopping Mall,Jakarta Pusat,800000000,658900000.0,0.0,65900000.0,65900000.0,593000000.0,0,85746.58,0.0,0
2025-12-03,ATM-001,Shopping Mall,Jakarta Pusat,800000000,593000000.0,0.0,41100000.0,41100000.0,551900000.0,0,78417.81,0.0,0
2025-12-04,ATM-001,Shopping Mall,Jakarta Pusat,800000000,551900000.0,0.0,41600000.0,41600000.0,510300000.0,0,72753.42,0.0,0
2025-12-05,ATM-001,Shopping Mall,Jakarta Pusat,800000000,510300000.0,0.0,53700000.0,53700000.0,456600000.0,0,66226.03,0.0,0
2025-12-06,ATM-001,Shopping Mall,Jakarta Pusat,800000000,456600000.0,0.0,108000000.0,108000000.0,348600000.0,0,55150.68,0.0,0
2025-12-07,ATM-001,Shopping Mall,Jakarta Pusat,800000000,348600000.0,0.0,55800000.0,55800000.0,292800000.0,0,43931.51,0.0,0
2025-12-08,ATM-001,Shopping Mall,Jakarta Pusat,800000000,292800000.0,0.0,35800000.0,35800000.0,257000000.0,0,37657.53,0.0,0
2025-12-09,ATM-001,Shopping Mall,Jakarta Pusat,800000000,257000000.0,0.0,63800000.0,63800000.0,193200000.0,0,30835.62,0.0,0
2025-12-10,ATM-001,Shopping Mall,Jakarta Pusat,800000000,193200000.0,0.0,32300000.0,32300000.0,160900000.0,0,24253.42,0.0,0
2025-12-11,ATM-001,Shopping Mall,Jakarta Pusat,800000000,160900000.0,0.0,66400000.0,66400000.0,94500000.0,0,17493.15,0.0,0
2025-12-12,ATM-001,Shopping Mall,Jakarta Pusat,800000000,94500000.0,705500000.0,32400000.0,32400000.0,767600000.0,0,59047.95,372000.0,0
2025-12-13,ATM-001,Shopping Mall,Jakarta Pusat,800000000,767600000.0,0.0,70800000.0,70800000.0,696800000.0,0,100301.37,0.0,0
2025-12-14,ATM-001,Shopping Mall,Jakarta Pusat,800000000,696800000.0,0.0,90200000.0,90200000.0,606600000.0,0,89273.97,0.0,0
2025-12-15,ATM-001,Shopping Mall,Jakarta Pusat,800000000,606600000.0,0.0,45100000.0,45100000.0,561500000.0,0,80006.85,0.0,0
2025-12-16,ATM-001,Shopping Mall,Jakarta Pusat,800000000,561500000.0,0.0,43600000.0,43600000.0,517900000.0,0,73931.51,0.0,0
2025-12-17,ATM-001,Shopping Mall,Jakarta Pusat,800000000,517900000.0,0.0,37800000.0,37800000.0,480100000.0,0,68356.16,0.0,0
2025-12-18,ATM-001,Shopping Mall,Jakarta Pusat,800000000,480100000.0,0.0,50400000.0,50400000.0,429700000.0,0,62315.07,0.0,0
2025-12-19,ATM-001,Shopping Mall,Jakarta Pusat,800000000,429700000.0,0.0,33300000.0,33300000.0,396400000.0,0,56582.19,0.0,0
2025-12-20,ATM-001,Shopping Mall,Jakarta Pusat,800000000,396400000.0,0.0,126900000.0,126900000.0,269500000.0,0,45609.59,0.0,0
2025-12-21,ATM-001,Shopping Mall,Jakarta Pusat,800000000,269500000.0,0.0,86900000.0,86900000.0,182600000.0,0,30965.75,0.0,0
2025-12-22,ATM-001,Shopping Mall,Jakarta Pusat,800000000,182600000.0,0.0,29900000.0,29900000.0,152700000.0,0,22965.75,0.0,0
2025-12-23,ATM-001,Shopping Mall,Jakarta Pusat,800000000,152700000.0,647300000.0,41600000.0,41600000.0,758400000.0,0,62404.11,372000.0,0
2025-12-24,ATM-001,Shopping Mall,Jakarta Pusat,800000000,758400000.0,0.0,32800000.0,32800000.0,725600000.0,0,101643.84,0.0,0
2025-12-25,ATM-001,Shopping Mall,Jakarta Pusat,800000000,725600000.0,0.0,33800000.0,33800000.0,691800000.0,0,97082.19,0.0,0
2025-12-26,ATM-001,Shopping Mall,Jakarta Pusat,800000000,691800000.0,0.0,42800000.0,42800000.0,649000000.0,0,91835.62,0.0,0
2025-12-27,ATM-001,Shopping Mall,Jakarta Pusat,800000000,649000000.0,0.0,92400000.0,92400000.0,556600000.0,0,82575.34,0.0,0
2025-12-28,ATM-001,Shopping Mall,Jakarta Pusat,800000000,556600000.0,0.0,79300000.0,79300000.0,477300000.0,0,70815.07,0.0,0
2025-12-29,ATM-001,Shopping Mall,Jakarta Pusat,800000000,477300000.0,0.0,31100000.0,31100000.0,446200000.0,0,63253.42,0.0,0
2025-12-30,ATM-001,Shopping Mall,Jakarta Pusat,800000000,446200000.0,0.0,59700000.0,59700000.0,386500000.0,0,57034.25,0.0,0
2025-12-31,ATM-001,Shopping Mall,Jakarta Pusat,800000000,386500000.0,0.0,49200000.0,49200000.0,337300000.0,0,49575.34,0.0,0
2026-01-01,ATM-001,Shopping Mall,Jakarta Pusat,800000000,337300000.0,0.0,47500000.0,47500000.0,289800000.0,0,42952.05,0.0,0
2026-01-02,ATM-001,Shopping Mall,Jakarta Pusat,800000000,289800000.0,0.0,32000000.0,32000000.0,257800000.0,0,37506.85,0.0,0
2026-01-03,ATM-001,Shopping Mall,Jakarta Pusat,800000000,257800000.0,0.0,84300000.0,84300000.0,173500000.0,0,29541.1,0.0,0
2026-01-04,ATM-001,Shopping Mall,Jakarta Pusat,800000000,173500000.0,0.0,110900000.0,110900000.0,62600000.0,0,16171.23,0.0,0
2026-01-05,ATM-001,Shopping Mall,Jakarta Pusat,800000000,62600000.0,737400000.0,50000000.0,50000000.0,750000000.0,0,55657.53,372000.0,0
2026-01-06,ATM-001,Shopping Mall,Jakarta Pusat,800000000,750000000.0,0.0,39400000.0,39400000.0,710600000.0,0,100041.1,0.0,0
2026-01-07,ATM-001,Shopping Mall,Jakarta Pusat,800000000,710600000.0,0.0,50200000.0,50200000.0,660400000.0,0,93904.11,0.0,0
2026-01-08,ATM-001,Shopping Mall,Jakarta Pusat,800000000,660400000.0,0.0,35000000.0,35000000.0,625400000.0,0,88068.49,0.0,0
2026-01-09,ATM-001,Shopping Mall,Jakarta Pusat,800000000,625400000.0,0.0,38900000.0,38900000.0,586500000.0,0,83006.85,0.0,0
2026-01-10,ATM-001,Shopping Mall,Jakarta Pusat,800000000,586500000.0,0.0,87700000.0,87700000.0,498800000.0,0,74335.62,0.0,0
2026-01-11,ATM-001,Shopping Mall,Jakarta Pusat,800000000,498800000.0,0.0,99100000.0,99100000.0,399700000.0,0,61541.1,0.0,0
2026-01-12,ATM-001,Shopping Mall,Jakarta Pusat,800000000,399700000.0,0.0,38100000.0,38100000.0,361600000.0,0,52143.84,0.0,0
2026-01-13,ATM-001,Shopping Mall,Jakarta Pusat,800000000,361600000.0,0.0,68000000.0,68000000.0,293600000.0,0,44876.71,0.0,0
2026-01-14,ATM-001,Shopping Mall,Jakarta Pusat,800000000,293600000.0,0.0,69100000.0,69100000.0,224500000.0,0,35486.3,0.0,0
2026-01-15,ATM-001,Shopping Mall,Jakarta Pusat,800000000,224500000.0,0.0,48100000.0,48100000.0,176400000.0,0,27458.9,0.0,0
2026-01-16,ATM-001,Shopping Mall,Jakarta Pusat,800000000,176400000.0,0.0,39500000.0,39500000.0,136900000.0,0,21458.9,0.0,0
2026-01-17,ATM-001,Shopping Mall,Jakarta Pusat,800000000,136900000.0,663100000.0,69200000.0,69200000.0,730800000.0,0,59431.51,372000.0,0
2026-01-18,ATM-001,Shopping Mall,Jakarta Pusat,800000000,730800000.0,0.0,98800000.0,98800000.0,632000000.0,0,93342.47,0.0,0
2026-01-19,ATM-001,Shopping Mall,Jakarta Pusat,800000000,632000000.0,0.0,42300000.0,42300000.0,589700000.0,0,83678.08,0.0,0
2026-01-20,ATM-001,Shopping Mall,Jakarta Pusat,800000000,589700000.0,0.0,42300000.0,42300000.0,547400000.0,0,77883.56,0.0,0
2026-01-21,ATM-001,Shopping Mall,Jakarta Pusat,800000000,547400000.0,0.0,70400000.0,70400000.0,477000000.0,0,70164.38,0.0,0
2026-01-22,ATM-001,Shopping Mall,Jakarta Pusat,800000000,477000000.0,0.0,50800000.0,50800000.0,426200000.0,0,61863.01,0.0,0
2026-01-23,ATM-001,Shopping Mall,Jakarta Pusat,800000000,426200000.0,0.0,31800000.0,31800000.0,394400000.0,0,56205.48,0.0,0
2026-01-24,ATM-001,Shopping Mall,Jakarta Pusat,800000000,394400000.0,0.0,121900000.0,121900000.0,272500000.0,0,45678.08,0.0,0
2026-01-25,ATM-001,Shopping Mall,Jakarta Pusat,800000000,272500000.0,0.0,101700000.0,101700000.0,170800000.0,0,30363.01,0.0,0
2026-01-26,ATM-001,Shopping Mall,Jakarta Pusat,800000000,170800000.0,0.0,32800000.0,32800000.0,138000000.0,0,21150.68,0.0,0
2026-01-27,ATM-001,Shopping Mall,Jakarta Pusat,800000000,138000000.0,662000000.0,51400000.0,51400000.0,748600000.0,0,60726.03,372000.0,0
2026-01-28,ATM-001,Shopping Mall,Jakarta Pusat,800000000,748600000.0,0.0,41100000.0,41100000.0,707500000.0,0,99732.88,0.0,0
2026-01-29,ATM-001,Shopping Mall,Jakarta Pusat,800000000,707500000.0,0.0,28300000.0,28300000.0,679200000.0,0,94979.45,0.0,0
2026-01-30,ATM-001,Shopping Mall,Jakarta Pusat,800000000,679200000.0,0.0,51200000.0,51200000.0,628000000.0,0,89534.25,0.0,0
2026-01-31,ATM-001,Shopping Mall,Jakarta Pusat,800000000,628000000.0,0.0,62800000.0,62800000.0,565200000.0,0,81726.03,0.0,0
2026-02-01,ATM-001,Shopping Mall,Jakarta Pusat,800000000,565200000.0,0.0,101900000.0,101900000.0,463300000.0,0,70445.21,0.0,0
2026-02-02,ATM-001,Shopping Mall,Jakarta Pusat,800000000,463300000.0,0.0,50100000.0,50100000.0,413200000.0,0,60034.25,0.0,0
2026-02-03,ATM-001,Shopping Mall,Jakarta Pusat,800000000,413200000.0,0.0,44000000.0,44000000.0,369200000.0,0,53589.04,0.0,0
2026-02-04,ATM-001,Shopping Mall,Jakarta Pusat,800000000,369200000.0,0.0,53600000.0,53600000.0,315600000.0,0,46904.11,0.0,0
2026-02-05,ATM-001,Shopping Mall,Jakarta Pusat,800000000,315600000.0,0.0,39300000.0,39300000.0,276300000.0,0,40541.1,0.0,0
2026-02-06,ATM-001,Shopping Mall,Jakarta Pusat,800000000,276300000.0,0.0,35600000.0,35600000.0,240700000.0,0,35410.96,0.0,0
2026-02-07,ATM-001,Shopping Mall,Jakarta Pusat,800000000,240700000.0,0.0,92300000.0,92300000.0,148400000.0,0,26650.68,0.0,0
2026-02-08,ATM-001,Shopping Mall,Jakarta Pusat,800000000,148400000.0,651600000.0,86900000.0,86900000.0,713100000.0,0,59006.85,372000.0,0
2026-02-09,ATM-001,Shopping Mall,Jakarta Pusat,800000000,713100000.0,0.0,31600000.0,31600000.0,681500000.0,0,95520.55,0.0,0
2026-02-10,ATM-001,Shopping Mall,Jakarta Pusat,800000000,681500000.0,0.0,71900000.0,71900000.0,609600000.0,0,88431.51,0.0,0
2026-02-11,ATM-001,Shopping Mall,Jakarta Pusat,800000000,609600000.0,0.0,28500000.0,28500000.0,581100000.0,0,81554.79,0.0,0
2026-02-12,ATM-001,Shopping Mall,Jakarta Pusat,800000000,581100000.0,0.0,44500000.0,44500000.0,536600000.0,0,76554.79,0.0,0
2026-02-13,ATM-001,Shopping Mall,Jakarta Pusat,800000000,536600000.0,0.0,65000000.0,65000000.0,471600000.0,0,69054.79,0.0,0
2026-02-14,ATM-001,Shopping Mall,Jakarta Pusat,800000000,471600000.0,0.0,70900000.0,70900000.0,400700000.0,0,59746.58,0.0,0
2026-02-15,ATM-001,Shopping Mall,Jakarta Pusat,800000000,400700000.0,0.0,119000000.0,119000000.0,281700000.0,0,46739.73,0.0,0
2026-02-16,ATM-001,Shopping Mall,Jakarta Pusat,800000000,281700000.0,0.0,57800000.0,57800000.0,223900000.0,0,34630.14,0.0,0
2026-02-17,ATM-001,Shopping Mall,Jakarta Pusat,800000000,223900000.0,0.0,39900000.0,39900000.0,184000000.0,0,27938.36,0.0,0
2026-02-18,ATM-001,Shopping Mall,Jakarta Pusat,800000000,184000000.0,0.0,50100000.0,50100000.0,133900000.0,0,21773.97,0.0,0
2026-02-19,ATM-001,Shopping Mall,Jakarta Pusat,800000000,133900000.0,666100000.0,58700000.0,58700000.0,741300000.0,0,59945.21,372000.0,0
2026-02-20,ATM-001,Shopping Mall,Jakarta Pusat,800000000,741300000.0,0.0,28800000.0,28800000.0,712500000.0,0,99575.34,0.0,0
2026-02-21,ATM-001,Shopping Mall,Jakarta Pusat,800000000,712500000.0,0.0,67800000.0,67800000.0,644700000.0,0,92958.9,0.0,0
2026-02-22,ATM-001,Shopping Mall,Jakarta Pusat,800000000,644700000.0,0.0,79500000.0,79500000.0,565200000.0,0,82869.86,0.0,0
2026-02-23,ATM-001,Shopping Mall,Jakarta Pusat,800000000,565200000.0,0.0,45400000.0,45400000.0,519800000.0,0,74315.07,0.0,0
2026-02-24,ATM-001,Shopping Mall,Jakarta Pusat,800000000,519800000.0,0.0,44400000.0,44400000.0,475400000.0,0,68164.38,0.0,0
2026-02-25,ATM-001,Shopping Mall,Jakarta Pusat,800000000,475400000.0,0.0,51900000.0,51900000.0,423500000.0,0,61568.49,0.0,0
2026-02-26,ATM-001,Shopping Mall,Jakarta Pusat,800000000,423500000.0,0.0,46400000.0,46400000.0,377100000.0,0,54835.62,0.0,0
2026-02-27,ATM-001,Shopping Mall,Jakarta Pusat,800000000,377100000.0,0.0,38900000.0,38900000.0,338200000.0,0,48993.15,0.0,0
2026-02-28,ATM-001,Shopping Mall,Jakarta Pusat,800000000,338200000.0,0.0,66700000.0,66700000.0,271500000.0,0,41760.27,0.0,0
2026-03-01,ATM-001,Shopping Mall,Jakarta Pusat,800000000,271500000.0,0.0,88900000.0,88900000.0,182600000.0,0,31102.74,0.0,0
2026-03-02,ATM-001,Shopping Mall,Jakarta Pusat,800000000,182600000.0,0.0,53300000.0,53300000.0,129300000.0,0,21363.01,0.0,0
2026-03-03,ATM-001,Shopping Mall,Jakarta Pusat,800000000,129300000.0,670700000.0,34400000.0,34400000.0,765600000.0,0,61294.52,372000.0,0
2026-03-04,ATM-001,Shopping Mall,Jakarta Pusat,800000000,765600000.0,0.0,37200000.0,37200000.0,728400000.0,0,102328.77,0.0,0
2026-03-05,ATM-001,Shopping Mall,Jakarta Pusat,800000000,728400000.0,0.0,58200000.0,58200000.0,670200000.0,0,95794.52,0.0,0
2026-03-06,ATM-001,Shopping Mall,Jakarta Pusat,800000000,670200000.0,0.0,56900000.0,56900000.0,613300000.0,0,87910.96,0.0,0
2026-03-07,ATM-001,Shopping Mall,Jakarta Pusat,800000000,613300000.0,0.0,58600000.0,58600000.0,554700000.0,0,80000.0,0.0,0
2026-03-08,ATM-001,Shopping Mall,Jakarta Pusat,800000000,554700000.0,0.0,91000000.0,91000000.0,463700000.0,0,69753.42,0.0,0
2026-03-09,ATM-001,Shopping Mall,Jakarta Pusat,800000000,463700000.0,0.0,61700000.0,61700000.0,402000000.0,0,59294.52,0.0,0
2026-03-10,ATM-001,Shopping Mall,Jakarta Pusat,800000000,402000000.0,0.0,50400000.0,50400000.0,351600000.0,0,51616.44,0.0,0
2026-03-11,ATM-001,Shopping Mall,Jakarta Pusat,800000000,351600000.0,0.0,31500000.0,31500000.0,320100000.0,0,46006.85,0.0,0
2026-03-12,ATM-001,Shopping Mall,Jakarta Pusat,800000000,320100000.0,0.0,61600000.0,61600000.0,258500000.0,0,39630.14,0.0,0
2026-03-13,ATM-001,Shopping Mall,Jakarta Pusat,800000000,258500000.0,0.0,44200000.0,44200000.0,214300000.0,0,32383.56,0.0,0
2026-03-14,ATM-001,Shopping Mall,Jakarta Pusat,800000000,214300000.0,0.0,81200000.0,81200000.0,133100000.0,0,23794.52,0.0,0
2026-03-15,ATM-001,Shopping Mall,Jakarta Pusat,800000000,133100000.0,666900000.0,133200000.0,133200000.0,666800000.0,0,54787.67,372000.0,0
2026-03-16,ATM-001,Shopping Mall,Jakarta Pusat,800000000,666800000.0,0.0,62600000.0,62600000.0,604200000.0,0,87054.79,0.0,0
2026-03-17,ATM-001,Shopping Mall,Jakarta Pusat,800000000,604200000.0,0.0,33700000.0,33700000.0,570500000.0,0,80458.9,0.0,0
2026-03-18,ATM-001,Shopping Mall,Jakarta Pusat,800000000,570500000.0,0.0,46900000.0,46900000.0,523600000.0,0,74938.36,0.0,0
2026-03-19,ATM-001,Shopping Mall,Jakarta Pusat,800000000,523600000.0,0.0,61900000.0,61900000.0,461700000.0,0,67486.3,0.0,0
2026-03-20,ATM-001,Shopping Mall,Jakarta Pusat,800000000,461700000.0,0.0,49300000.0,49300000.0,412400000.0,0,59869.86,0.0,0
2026-03-21,ATM-001,Shopping Mall,Jakarta Pusat,800000000,412400000.0,0.0,90400000.0,90400000.0,322000000.0,0,50301.37,0.0,0
2026-03-22,ATM-001,Shopping Mall,Jakarta Pusat,800000000,322000000.0,0.0,128400000.0,128400000.0,193600000.0,0,35315.07,0.0,0
2026-03-23,ATM-001,Shopping Mall,Jakarta Pusat,800000000,193600000.0,0.0,41300000.0,41300000.0,152300000.0,0,23691.78,0.0,0
2026-03-24,ATM-001,Shopping Mall,Jakarta Pusat,800000000,152300000.0,647700000.0,40400000.0,40400000.0,759600000.0,0,62458.9,372000.0,0
2026-03-25,ATM-001,Shopping Mall,Jakarta Pusat,800000000,759600000.0,0.0,48000000.0,48000000.0,711600000.0,0,100767.12,0.0,0
2026-03-26,ATM-001,Shopping Mall,Jakarta Pusat,800000000,711600000.0,0.0,26900000.0,26900000.0,684700000.0,0,95636.99,0.0,0
2026-03-27,ATM-001,Shopping Mall,Jakarta Pusat,800000000,684700000.0,0.0,45700000.0,45700000.0,639000000.0,0,90664.38,0.0,0
2026-03-28,ATM-001,Shopping Mall,Jakarta Pusat,800000000,639000000.0,0.0,107600000.0,107600000.0,531400000.0,0,80164.38,0.0,0
2026-03-29,ATM-001,Shopping Mall,Jakarta Pusat,800000000,531400000.0,0.0,94500000.0,94500000.0,436900000.0,0,66321.92,0.0,0
2026-03-30,ATM-001,Shopping Mall,Jakarta Pusat,800000000,436900000.0,0.0,60300000.0,60300000.0,376600000.0,0,55719.18,0.0,0
2026-03-31,ATM-001,Shopping Mall,Jakarta Pusat,800000000,376600000.0,0.0,49200000.0,49200000.0,327400000.0,0,48219.18,0.0,0
2026-04-01,ATM-001,Shopping Mall,Jakarta Pusat,800000000,327400000.0,0.0,51500000.0,51500000.0,275900000.0,0,41321.92,0.0,0
2026-04-02,ATM-001,Shopping Mall,Jakarta Pusat,800000000,275900000.0,0.0,53400000.0,53400000.0,222500000.0,0,34136.99,0.0,0
2026-04-03,ATM-001,Shopping Mall,Jakarta Pusat,800000000,222500000.0,0.0,32400000.0,32400000.0,190100000.0,0,28260.27,0.0,0
2026-04-04,ATM-001,Shopping Mall,Jakarta Pusat,800000000,190100000.0,0.0,96000000.0,96000000.0,94100000.0,0,19465.75,0.0,0
2026-04-05,ATM-001,Shopping Mall,Jakarta Pusat,800000000,94100000.0,705900000.0,96800000.0,96800000.0,703200000.0,0,54609.59,372000.0,0
2026-04-06,ATM-001,Shopping Mall,Jakarta Pusat,800000000,703200000.0,0.0,42800000.0,42800000.0,660400000.0,0,93397.26,0.0,0
2026-04-07,ATM-001,Shopping Mall,Jakarta Pusat,800000000,660400000.0,0.0,40800000.0,40800000.0,619600000.0,0,87671.23,0.0,0
2026-04-08,ATM-001,Shopping Mall,Jakarta Pusat,800000000,619600000.0,0.0,35200000.0,35200000.0,584400000.0,0,82465.75,0.0,0
2026-04-09,ATM-001,Shopping Mall,Jakarta Pusat,800000000,584400000.0,0.0,50200000.0,50200000.0,534200000.0,0,76616.44,0.0,0
2026-04-10,ATM-001,Shopping Mall,Jakarta Pusat,800000000,534200000.0,0.0,55800000.0,55800000.0,478400000.0,0,69356.16,0.0,0
2026-04-11,ATM-001,Shopping Mall,Jakarta Pusat,800000000,478400000.0,0.0,67800000.0,67800000.0,410600000.0,0,60890.41,0.0,0
2026-04-12,ATM-001,Shopping Mall,Jakarta Pusat,800000000,410600000.0,0.0,93100000.0,93100000.0,317500000.0,0,49869.86,0.0,0
2026-04-13,ATM-001,Shopping Mall,Jakarta Pusat,800000000,317500000.0,0.0,44900000.0,44900000.0,272600000.0,0,40417.81,0.0,0
2026-04-14,ATM-001,Shopping Mall,Jakarta Pusat,800000000,272600000.0,0.0,47500000.0,47500000.0,225100000.0,0,34089.04,0.0,0
2026-04-15,ATM-001,Shopping Mall,Jakarta Pusat,800000000,225100000.0,0.0,37800000.0,37800000.0,187300000.0,0,28246.58,0.0,0
2026-04-16,ATM-001,Shopping Mall,Jakarta Pusat,800000000,187300000.0,0.0,38600000.0,38600000.0,148700000.0,0,23013.7,0.0,0
2026-04-17,ATM-001,Shopping Mall,Jakarta Pusat,800000000,148700000.0,651300000.0,32700000.0,32700000.0,767300000.0,0,62739.73,372000.0,0
2026-04-18,ATM-001,Shopping Mall,Jakarta Pusat,800000000,767300000.0,0.0,124700000.0,124700000.0,642600000.0,0,96568.49,0.0,0
2026-04-19,ATM-001,Shopping Mall,Jakarta Pusat,800000000,642600000.0,0.0,119400000.0,119400000.0,523200000.0,0,79849.32,0.0,0
2026-04-20,ATM-001,Shopping Mall,Jakarta Pusat,800000000,523200000.0,0.0,39800000.0,39800000.0,483400000.0,0,68945.21,0.0,0
2026-04-21,ATM-001,Shopping Mall,Jakarta Pusat,800000000,483400000.0,0.0,27500000.0,27500000.0,455900000.0,0,64335.62,0.0,0
2026-04-22,ATM-001,Shopping Mall,Jakarta Pusat,800000000,455900000.0,0.0,44300000.0,44300000.0,411600000.0,0,59417.81,0.0,0
2026-04-23,ATM-001,Shopping Mall,Jakarta Pusat,800000000,411600000.0,0.0,48900000.0,48900000.0,362700000.0,0,53034.25,0.0,0
2026-04-24,ATM-001,Shopping Mall,Jakarta Pusat,800000000,362700000.0,0.0,38300000.0,38300000.0,324400000.0,0,47061.64,0.0,0
2026-04-25,ATM-001,Shopping Mall,Jakarta Pusat,800000000,324400000.0,0.0,102600000.0,102600000.0,221800000.0,0,37410.96,0.0,0
2026-04-26,ATM-001,Shopping Mall,Jakarta Pusat,800000000,221800000.0,0.0,93500000.0,93500000.0,128300000.0,0,23979.45,0.0,0
2026-04-27,ATM-001,Shopping Mall,Jakarta Pusat,800000000,128300000.0,671700000.0,32700000.0,32700000.0,767300000.0,0,61342.47,372000.0,0
2026-04-28,ATM-001,Shopping Mall,Jakarta Pusat,800000000,767300000.0,0.0,45800000.0,45800000.0,721500000.0,0,101972.6,0.0,0
2026-04-29,ATM-001,Shopping Mall,Jakarta Pusat,800000000,721500000.0,0.0,60000000.0,60000000.0,661500000.0,0,94726.03,0.0,0
2026-04-30,ATM-001,Shopping Mall,Jakarta Pusat,800000000,661500000.0,0.0,44700000.0,44700000.0,616800000.0,0,87554.79,0.0,0
2026-05-01,ATM-001,Shopping Mall,Jakarta Pusat,800000000,616800000.0,0.0,29100000.0,29100000.0,587700000.0,0,82500.0,0.0,0
2026-05-02,ATM-001,Shopping Mall,Jakarta Pusat,800000000,587700000.0,0.0,73900000.0,73900000.0,513800000.0,0,75445.21,0.0,0
2026-05-03,ATM-001,Shopping Mall,Jakarta Pusat,800000000,513800000.0,0.0,92000000.0,92000000.0,421800000.0,0,64082.19,0.0,0
2026-05-04,ATM-001,Shopping Mall,Jakarta Pusat,800000000,421800000.0,0.0,44600000.0,44600000.0,377200000.0,0,54726.03,0.0,0
2026-05-05,ATM-001,Shopping Mall,Jakarta Pusat,800000000,377200000.0,0.0,38600000.0,38600000.0,338600000.0,0,49027.4,0.0,0
2026-05-06,ATM-001,Shopping Mall,Jakarta Pusat,800000000,338600000.0,0.0,40200000.0,40200000.0,298400000.0,0,43630.14,0.0,0
2026-05-07,ATM-001,Shopping Mall,Jakarta Pusat,800000000,298400000.0,0.0,39900000.0,39900000.0,258500000.0,0,38143.84,0.0,0
2026-05-08,ATM-001,Shopping Mall,Jakarta Pusat,800000000,258500000.0,0.0,58200000.0,58200000.0,200300000.0,0,31424.66,0.0,0
2026-05-09,ATM-001,Shopping Mall,Jakarta Pusat,800000000,200300000.0,0.0,64400000.0,64400000.0,135900000.0,0,23027.4,0.0,0
2026-05-10,ATM-001,Shopping Mall,Jakarta Pusat,800000000,135900000.0,664100000.0,83500000.0,83500000.0,716500000.0,0,58383.56,372000.0,0
2026-05-11,ATM-001,Shopping Mall,Jakarta Pusat,800000000,716500000.0,0.0,37300000.0,37300000.0,679200000.0,0,95595.89,0.0,0
2026-05-12,ATM-001,Shopping Mall,Jakarta Pusat,800000000,679200000.0,0.0,42700000.0,42700000.0,636500000.0,0,90116.44,0.0,0
2026-05-13,ATM-001,Shopping Mall,Jakarta Pusat,800000000,636500000.0,0.0,49000000.0,49000000.0,587500000.0,0,83835.62,0.0,0
2026-05-14,ATM-001,Shopping Mall,Jakarta Pusat,800000000,587500000.0,0.0,59800000.0,59800000.0,527700000.0,0,76383.56,0.0,0
2026-05-15,ATM-001,Shopping Mall,Jakarta Pusat,800000000,527700000.0,0.0,56500000.0,56500000.0,471200000.0,0,68417.81,0.0,0
2026-05-16,ATM-001,Shopping Mall,Jakarta Pusat,800000000,471200000.0,0.0,118600000.0,118600000.0,352600000.0,0,56424.66,0.0,0
2026-05-17,ATM-001,Shopping Mall,Jakarta Pusat,800000000,352600000.0,0.0,103400000.0,103400000.0,249200000.0,0,41219.18,0.0,0
2026-05-18,ATM-001,Shopping Mall,Jakarta Pusat,800000000,249200000.0,0.0,56000000.0,56000000.0,193200000.0,0,30301.37,0.0,0
2026-05-19,ATM-001,Shopping Mall,Jakarta Pusat,800000000,193200000.0,0.0,62500000.0,62500000.0,130700000.0,0,22184.93,0.0,0
2025-11-01,ATM-002,Residential Area,Jakarta Selatan,400000000,296961000.0,0.0,36300000.0,36300000.0,260661000.0,0,38193.29,0.0,0
2025-11-02,ATM-002,Residential Area,Jakarta Selatan,400000000,260661000.0,0.0,61400000.0,61400000.0,199261000.0,0,31501.51,0.0,0
2025-11-03,ATM-002,Residential Area,Jakarta Selatan,400000000,199261000.0,0.0,53400000.0,53400000.0,145861000.0,0,23638.49,0.0,0
2025-11-04,ATM-002,Residential Area,Jakarta Selatan,400000000,145861000.0,0.0,34100000.0,34100000.0,111761000.0,0,17645.34,0.0,0
2025-11-05,ATM-002,Residential Area,Jakarta Selatan,400000000,111761000.0,0.0,37600000.0,37600000.0,74161000.0,0,12734.38,0.0,0
2025-11-06,ATM-002,Residential Area,Jakarta Selatan,400000000,74161000.0,325839000.0,43500000.0,43500000.0,356500000.0,0,29497.33,192000.0,0
2025-11-07,ATM-002,Residential Area,Jakarta Selatan,400000000,356500000.0,0.0,31700000.0,31700000.0,324800000.0,0,46664.38,0.0,0
2025-11-08,ATM-002,Residential Area,Jakarta Selatan,400000000,324800000.0,0.0,62500000.0,62500000.0,262300000.0,0,40212.33,0.0,0
2025-11-09,ATM-002,Residential Area,Jakarta Selatan,400000000,262300000.0,0.0,31400000.0,31400000.0,230900000.0,0,33780.82,0.0,0
2025-11-10,ATM-002,Residential Area,Jakarta Selatan,400000000,230900000.0,0.0,50000000.0,50000000.0,180900000.0,0,28205.48,0.0,0
2025-11-11,ATM-002,Residential Area,Jakarta Selatan,400000000,180900000.0,0.0,37100000.0,37100000.0,143800000.0,0,22239.73,0.0,0
2025-11-12,ATM-002,Residential Area,Jakarta Selatan,400000000,143800000.0,0.0,68400000.0,68400000.0,75400000.0,0,15013.7,0.0,0
2025-11-13,ATM-002,Residential Area,Jakarta Selatan,400000000,75400000.0,324600000.0,66100000.0,66100000.0,333900000.0,0,28034.25,192000.0,0
2025-11-14,ATM-002,Residential Area,Jakarta Selatan,400000000,333900000.0,0.0,57700000.0,57700000.0,276200000.0,0,41787.67,0.0,0
2025-11-15,ATM-002,Residential Area,Jakarta Selatan,400000000,276200000.0,0.0,28400000.0,28400000.0,247800000.0,0,35890.41,0.0,0
2025-11-16,ATM-002,Residential Area,Jakarta Selatan,400000000,247800000.0,0.0,68600000.0,68600000.0,179200000.0,0,29246.58,0.0,0
2025-11-17,ATM-002,Residential Area,Jakarta Selatan,400000000,179200000.0,0.0,65900000.0,65900000.0,113300000.0,0,20034.25,0.0,0
2025-11-18,ATM-002,Residential Area,Jakarta Selatan,400000000,113300000.0,0.0,61000000.0,61000000.0,52300000.0,0,11342.47,0.0,0
2025-11-19,ATM-002,Residential Area,Jakarta Selatan,400000000,52300000.0,347700000.0,48100000.0,48100000.0,351900000.0,0,27684.93,192000.0,0
2025-11-20,ATM-002,Residential Area,Jakarta Selatan,400000000,351900000.0,0.0,37800000.0,37800000.0,314100000.0,0,45616.44,0.0,0
2025-11-21,ATM-002,Residential Area,Jakarta Selatan,400000000,314100000.0,0.0,29100000.0,29100000.0,285000000.0,0,41034.25,0.0,0
2025-11-22,ATM-002,Residential Area,Jakarta Selatan,400000000,285000000.0,0.0,55000000.0,55000000.0,230000000.0,0,35273.97,0.0,0
2025-11-23,ATM-002,Residential Area,Jakarta Selatan,400000000,230000000.0,0.0,36100000.0,36100000.0,193900000.0,0,29034.25,0.0,0
2025-11-24,ATM-002,Residential Area,Jakarta Selatan,400000000,193900000.0,0.0,36800000.0,36800000.0,157100000.0,0,24041.1,0.0,0
2025-11-25,ATM-002,Residential Area,Jakarta Selatan,400000000,157100000.0,0.0,29800000.0,29800000.0,127300000.0,0,19479.45,0.0,0
2025-11-26,ATM-002,Residential Area,Jakarta Selatan,400000000,127300000.0,0.0,42600000.0,42600000.0,84700000.0,0,14520.55,0.0,0
2025-11-27,ATM-002,Residential Area,Jakarta Selatan,400000000,84700000.0,0.0,47600000.0,47600000.0,37100000.0,0,8342.47,0.0,0
2025-11-28,ATM-002,Residential Area,Jakarta Selatan,400000000,37100000.0,362900000.0,39700000.0,39700000.0,360300000.0,0,27219.18,192000.0,0
2025-11-29,ATM-002,Residential Area,Jakarta Selatan,400000000,360300000.0,0.0,40000000.0,40000000.0,320300000.0,0,46616.44,0.0,0
2025-11-30,ATM-002,Residential Area,Jakarta Selatan,400000000,320300000.0,0.0,47600000.0,47600000.0,272700000.0,0,40616.44,0.0,0
2025-12-01,ATM-002,Residential Area,Jakarta Selatan,400000000,272700000.0,0.0,49700000.0,49700000.0,223000000.0,0,33952.05,0.0,0
2025-12-02,ATM-002,Residential Area,Jakarta Selatan,400000000,223000000.0,0.0,57000000.0,57000000.0,166000000.0,0,26643.84,0.0,0
2025-12-03,ATM-002,Residential Area,Jakarta Selatan,400000000,166000000.0,0.0,26900000.0,26900000.0,139100000.0,0,20897.26,0.0,0
2025-12-04,ATM-002,Residential Area,Jakarta Selatan,400000000,139100000.0,0.0,61900000.0,61900000.0,77200000.0,0,14815.07,0.0,0
2025-12-05,ATM-002,Residential Area,Jakarta Selatan,400000000,77200000.0,322800000.0,46600000.0,46600000.0,353400000.0,0,29493.15,192000.0,0
2025-12-06,ATM-002,Residential Area,Jakarta Selatan,400000000,353400000.0,0.0,65000000.0,65000000.0,288400000.0,0,43958.9,0.0,0
2025-12-07,ATM-002,Residential Area,Jakarta Selatan,400000000,288400000.0,0.0,71000000.0,71000000.0,217400000.0,0,34643.84,0.0,0
2025-12-08,ATM-002,Residential Area,Jakarta Selatan,400000000,217400000.0,0.0,30700000.0,30700000.0,186700000.0,0,27678.08,0.0,0
2025-12-09,ATM-002,Residential Area,Jakarta Selatan,400000000,186700000.0,0.0,30700000.0,30700000.0,156000000.0,0,23472.6,0.0,0
2025-12-10,ATM-002,Residential Area,Jakarta Selatan,400000000,156000000.0,0.0,58200000.0,58200000.0,97800000.0,0,17383.56,0.0,0
2025-12-11,ATM-002,Residential Area,Jakarta Selatan,400000000,97800000.0,0.0,41800000.0,41800000.0,56000000.0,0,10534.25,0.0,0
2025-12-12,ATM-002,Residential Area,Jakarta Selatan,400000000,56000000.0,344000000.0,52600000.0,52600000.0,347400000.0,0,27630.14,192000.0,0
2025-12-13,ATM-002,Residential Area,Jakarta Selatan,400000000,347400000.0,0.0,59700000.0,59700000.0,287700000.0,0,43500.0,0.0,0
2025-12-14,ATM-002,Residential Area,Jakarta Selatan,400000000,287700000.0,0.0,39000000.0,39000000.0,248700000.0,0,36739.73,0.0,0
2025-12-15,ATM-002,Residential Area,Jakarta Selatan,400000000,248700000.0,0.0,57800000.0,57800000.0,190900000.0,0,30109.59,0.0,0
2025-12-16,ATM-002,Residential Area,Jakarta Selatan,400000000,190900000.0,0.0,28700000.0,28700000.0,162200000.0,0,24184.93,0.0,0
2025-12-17,ATM-002,Residential Area,Jakarta Selatan,400000000,162200000.0,0.0,67600000.0,67600000.0,94600000.0,0,17589.04,0.0,0
2025-12-18,ATM-002,Residential Area,Jakarta Selatan,400000000,94600000.0,0.0,49800000.0,49800000.0,44800000.0,0,9547.95,0.0,0
2025-12-19,ATM-002,Residential Area,Jakarta Selatan,400000000,44800000.0,355200000.0,35600000.0,35600000.0,364400000.0,0,28027.4,192000.0,0
2025-12-20,ATM-002,Residential Area,Jakarta Selatan,400000000,364400000.0,0.0,46300000.0,46300000.0,318100000.0,0,46746.58,0.0,0
2025-12-21,ATM-002,Residential Area,Jakarta Selatan,400000000,318100000.0,0.0,69400000.0,69400000.0,248700000.0,0,38821.92,0.0,0
2025-12-22,ATM-002,Residential Area,Jakarta Selatan,400000000,248700000.0,0.0,45800000.0,45800000.0,202900000.0,0,30931.51,0.0,0
2025-12-23,ATM-002,Residential Area,Jakarta Selatan,400000000,202900000.0,0.0,77200000.0,77200000.0,125700000.0,0,22506.85,0.0,0
2025-12-24,ATM-002,Residential Area,Jakarta Selatan,400000000,125700000.0,0.0,42600000.0,42600000.0,83100000.0,0,14301.37,0.0,0
2025-12-25,ATM-002,Residential Area,Jakarta Selatan,400000000,83100000.0,0.0,44900000.0,44900000.0,38200000.0,0,8308.22,0.0,0
2025-12-26,ATM-002,Residential Area,Jakarta Selatan,400000000,38200000.0,361800000.0,49800000.0,49800000.0,350200000.0,0,26602.74,192000.0,0
2025-12-27,ATM-002,Residential Area,Jakarta Selatan,400000000,350200000.0,0.0,53000000.0,53000000.0,297200000.0,0,44342.47,0.0,0
2025-12-28,ATM-002,Residential Area,Jakarta Selatan,400000000,297200000.0,0.0,72100000.0,72100000.0,225100000.0,0,35773.97,0.0,0
2025-12-29,ATM-002,Residential Area,Jakarta Selatan,400000000,225100000.0,0.0,68400000.0,68400000.0,156700000.0,0,26150.68,0.0,0
2025-12-30,ATM-002,Residential Area,Jakarta Selatan,400000000,156700000.0,0.0,51900000.0,51900000.0,104800000.0,0,17910.96,0.0,0
2025-12-31,ATM-002,Residential Area,Jakarta Selatan,400000000,104800000.0,0.0,62300000.0,62300000.0,42500000.0,0,10089.04,0.0,0
2026-01-01,ATM-002,Residential Area,Jakarta Selatan,400000000,42500000.0,357500000.0,63300000.0,63300000.0,336700000.0,0,25972.6,192000.0,0
2026-01-02,ATM-002,Residential Area,Jakarta Selatan,400000000,336700000.0,0.0,48100000.0,48100000.0,288600000.0,0,42828.77,0.0,0
2026-01-03,ATM-002,Residential Area,Jakarta Selatan,400000000,288600000.0,0.0,53800000.0,53800000.0,234800000.0,0,35849.32,0.0,0
2026-01-04,ATM-002,Residential Area,Jakarta Selatan,400000000,234800000.0,0.0,72500000.0,72500000.0,162300000.0,0,27198.63,0.0,0
2026-01-05,ATM-002,Residential Area,Jakarta Selatan,400000000,162300000.0,0.0,38600000.0,38600000.0,123700000.0,0,19589.04,0.0,0
2026-01-06,ATM-002,Residential Area,Jakarta Selatan,400000000,123700000.0,0.0,39200000.0,39200000.0,84500000.0,0,14260.27,0.0,0
2026-01-07,ATM-002,Residential Area,Jakarta Selatan,400000000,84500000.0,0.0,51800000.0,51800000.0,32700000.0,0,8027.4,0.0,0
2026-01-08,ATM-002,Residential Area,Jakarta Selatan,400000000,32700000.0,367300000.0,35500000.0,35500000.0,364500000.0,0,27205.48,192000.0,0
2026-01-09,ATM-002,Residential Area,Jakarta Selatan,400000000,364500000.0,0.0,33000000.0,33000000.0,331500000.0,0,47671.23,0.0,0
2026-01-10,ATM-002,Residential Area,Jakarta Selatan,400000000,331500000.0,0.0,58000000.0,58000000.0,273500000.0,0,41438.36,0.0,0
2026-01-11,ATM-002,Residential Area,Jakarta Selatan,400000000,273500000.0,0.0,70500000.0,70500000.0,203000000.0,0,32636.99,0.0,0
2026-01-12,ATM-002,Residential Area,Jakarta Selatan,400000000,203000000.0,0.0,33000000.0,33000000.0,170000000.0,0,25547.95,0.0,0
2026-01-13,ATM-002,Residential Area,Jakarta Selatan,400000000,170000000.0,0.0,56700000.0,56700000.0,113300000.0,0,19404.11,0.0,0
2026-01-14,ATM-002,Residential Area,Jakarta Selatan,400000000,113300000.0,0.0,58500000.0,58500000.0,54800000.0,0,11513.7,0.0,0
2026-01-15,ATM-002,Residential Area,Jakarta Selatan,400000000,54800000.0,345200000.0,64900000.0,64900000.0,335100000.0,0,26705.48,192000.0,0
2026-01-16,ATM-002,Residential Area,Jakarta Selatan,400000000,335100000.0,0.0,55600000.0,55600000.0,279500000.0,0,42095.89,0.0,0
2026-01-17,ATM-002,Residential Area,Jakarta Selatan,400000000,279500000.0,0.0,51700000.0,51700000.0,227800000.0,0,34746.58,0.0,0
2026-01-18,ATM-002,Residential Area,Jakarta Selatan,400000000,227800000.0,0.0,41800000.0,41800000.0,186000000.0,0,28342.47,0.0,0
2026-01-19,ATM-002,Residential Area,Jakarta Selatan,400000000,186000000.0,0.0,43600000.0,43600000.0,142400000.0,0,22493.15,0.0,0
2026-01-20,ATM-002,Residential Area,Jakarta Selatan,400000000,142400000.0,0.0,49500000.0,49500000.0,92900000.0,0,16116.44,0.0,0
2026-01-21,ATM-002,Residential Area,Jakarta Selatan,400000000,92900000.0,0.0,51600000.0,51600000.0,41300000.0,0,9191.78,0.0,0
2026-01-22,ATM-002,Residential Area,Jakarta Selatan,400000000,41300000.0,358700000.0,46700000.0,46700000.0,353300000.0,0,27027.4,192000.0,0
2026-01-23,ATM-002,Residential Area,Jakarta Selatan,400000000,353300000.0,0.0,36800000.0,36800000.0,316500000.0,0,45876.71,0.0,0
2026-01-24,ATM-002,Residential Area,Jakarta Selatan,400000000,316500000.0,0.0,30500000.0,30500000.0,286000000.0,0,41267.12,0.0,0
2026-01-25,ATM-002,Residential Area,Jakarta Selatan,400000000,286000000.0,0.0,35300000.0,35300000.0,250700000.0,0,36760.27,0.0,0
2026-01-26,ATM-002,Residential Area,Jakarta Selatan,400000000,250700000.0,0.0,52900000.0,52900000.0,197800000.0,0,30719.18,0.0,0
2026-01-27,ATM-002,Residential Area,Jakarta Selatan,400000000,197800000.0,0.0,38400000.0,38400000.0,159400000.0,0,24465.75,0.0,0
2026-01-28,ATM-002,Residential Area,Jakarta Selatan,400000000,159400000.0,0.0,70200000.0,70200000.0,89200000.0,0,17027.4,0.0,0
2026-01-29,ATM-002,Residential Area,Jakarta Selatan,400000000,89200000.0,0.0,46600000.0,46600000.0,42600000.0,0,9027.4,0.0,0
2026-01-30,ATM-002,Residential Area,Jakarta Selatan,400000000,42600000.0,357400000.0,29900000.0,29900000.0,370100000.0,0,28267.12,192000.0,0
2026-01-31,ATM-002,Residential Area,Jakarta Selatan,400000000,370100000.0,0.0,34100000.0,34100000.0,336000000.0,0,48363.01,0.0,0
2026-02-01,ATM-002,Residential Area,Jakarta Selatan,400000000,336000000.0,0.0,31000000.0,31000000.0,305000000.0,0,43904.11,0.0,0
2026-02-02,ATM-002,Residential Area,Jakarta Selatan,400000000,305000000.0,0.0,48700000.0,48700000.0,256300000.0,0,38445.21,0.0,0
2026-02-03,ATM-002,Residential Area,Jakarta Selatan,400000000,256300000.0,0.0,56300000.0,56300000.0,200000000.0,0,31253.42,0.0,0
2026-02-04,ATM-002,Residential Area,Jakarta Selatan,400000000,200000000.0,0.0,40200000.0,40200000.0,159800000.0,0,24643.84,0.0,0
2026-02-05,ATM-002,Residential Area,Jakarta Selatan,400000000,159800000.0,0.0,57000000.0,57000000.0,102800000.0,0,17986.3,0.0,0
2026-02-06,ATM-002,Residential Area,Jakarta Selatan,400000000,102800000.0,0.0,52300000.0,52300000.0,50500000.0,0,10500.0,0.0,0
2026-02-07,ATM-002,Residential Area,Jakarta Selatan,400000000,50500000.0,349500000.0,41600000.0,41600000.0,358400000.0,0,28006.85,192000.0,0
2026-02-08,ATM-002,Residential Area,Jakarta Selatan,400000000,358400000.0,0.0,37700000.0,37700000.0,320700000.0,0,46513.7,0.0,0
2026-02-09,ATM-002,Residential Area,Jakarta Selatan,400000000,320700000.0,0.0,55400000.0,55400000.0,265300000.0,0,40136.99,0.0,0
2026-02-10,ATM-002,Residential Area,Jakarta Selatan,400000000,265300000.0,0.0,38200000.0,38200000.0,227100000.0,0,33726.03,0.0,0
2026-02-11,ATM-002,Residential Area,Jakarta Selatan,400000000,227100000.0,0.0,45300000.0,45300000.0,181800000.0,0,28006.85,0.0,0
2026-02-12,ATM-002,Residential Area,Jakarta Selatan,400000000,181800000.0,0.0,36900000.0,36900000.0,144900000.0,0,22376.71,0.0,0
2026-02-13,ATM-002,Residential Area,Jakarta Selatan,400000000,144900000.0,0.0,50500000.0,50500000.0,94400000.0,0,16390.41,0.0,0
2026-02-14,ATM-002,Residential Area,Jakarta Selatan,400000000,94400000.0,0.0,38400000.0,38400000.0,56000000.0,0,10301.37,0.0,0
2026-02-15,ATM-002,Residential Area,Jakarta Selatan,400000000,56000000.0,344000000.0,60600000.0,60600000.0,339400000.0,0,27082.19,192000.0,0
2026-02-16,ATM-002,Residential Area,Jakarta Selatan,400000000,339400000.0,0.0,39400000.0,39400000.0,300000000.0,0,43794.52,0.0,0
2026-02-17,ATM-002,Residential Area,Jakarta Selatan,400000000,300000000.0,0.0,46900000.0,46900000.0,253100000.0,0,37883.56,0.0,0
2026-02-18,ATM-002,Residential Area,Jakarta Selatan,400000000,253100000.0,0.0,77000000.0,77000000.0,176100000.0,0,29397.26,0.0,0
2026-02-19,ATM-002,Residential Area,Jakarta Selatan,400000000,176100000.0,0.0,44300000.0,44300000.0,131800000.0,0,21089.04,0.0,0
2026-02-20,ATM-002,Residential Area,Jakarta Selatan,400000000,131800000.0,0.0,59600000.0,59600000.0,72200000.0,0,13972.6,0.0,0
2026-02-21,ATM-002,Residential Area,Jakarta Selatan,400000000,72200000.0,327800000.0,60000000.0,60000000.0,340000000.0,0,28232.88,192000.0,0
2026-02-22,ATM-002,Residential Area,Jakarta Selatan,400000000,340000000.0,0.0,40900000.0,40900000.0,299100000.0,0,43773.97,0.0,0
2026-02-23,ATM-002,Residential Area,Jakarta Selatan,400000000,299100000.0,0.0,31500000.0,31500000.0,267600000.0,0,38815.07,0.0,0
2026-02-24,ATM-002,Residential Area,Jakarta Selatan,400000000,267600000.0,0.0,26400000.0,26400000.0,241200000.0,0,34849.32,0.0,0
2026-02-25,ATM-002,Residential Area,Jakarta Selatan,400000000,241200000.0,0.0,49800000.0,49800000.0,191400000.0,0,29630.14,0.0,0
2026-02-26,ATM-002,Residential Area,Jakarta Selatan,400000000,191400000.0,0.0,37200000.0,37200000.0,154200000.0,0,23671.23,0.0,0
2026-02-27,ATM-002,Residential Area,Jakarta Selatan,400000000,154200000.0,0.0,63000000.0,63000000.0,91200000.0,0,16808.22,0.0,0
2026-02-28,ATM-002,Residential Area,Jakarta Selatan,400000000,91200000.0,0.0,51800000.0,51800000.0,39400000.0,0,8945.21,0.0,0
2026-03-01,ATM-002,Residential Area,Jakarta Selatan,400000000,39400000.0,360600000.0,74700000.0,74700000.0,325300000.0,0,24979.45,192000.0,0
2026-03-02,ATM-002,Residential Area,Jakarta Selatan,400000000,325300000.0,0.0,58500000.0,58500000.0,266800000.0,0,40554.79,0.0,0
2026-03-03,ATM-002,Residential Area,Jakarta Selatan,400000000,266800000.0,0.0,65300000.0,65300000.0,201500000.0,0,32075.34,0.0,0
2026-03-04,ATM-002,Residential Area,Jakarta Selatan,400000000,201500000.0,0.0,54800000.0,54800000.0,146700000.0,0,23849.32,0.0,0
2026-03-05,ATM-002,Residential Area,Jakarta Selatan,400000000,146700000.0,0.0,75000000.0,75000000.0,71700000.0,0,14958.9,0.0,0
2026-03-06,ATM-002,Residential Area,Jakarta Selatan,400000000,71700000.0,328300000.0,28500000.0,28500000.0,371500000.0,0,30356.16,192000.0,0
2026-03-07,ATM-002,Residential Area,Jakarta Selatan,400000000,371500000.0,0.0,46500000.0,46500000.0,325000000.0,0,47705.48,0.0,0
2026-03-08,ATM-002,Residential Area,Jakarta Selatan,400000000,325000000.0,0.0,48300000.0,48300000.0,276700000.0,0,41212.33,0.0,0
2026-03-09,ATM-002,Residential Area,Jakarta Selatan,400000000,276700000.0,0.0,37600000.0,37600000.0,239100000.0,0,35328.77,0.0,0
2026-03-10,ATM-002,Residential Area,Jakarta Selatan,400000000,239100000.0,0.0,68300000.0,68300000.0,170800000.0,0,28075.34,0.0,0
2026-03-11,ATM-002,Residential Area,Jakarta Selatan,400000000,170800000.0,0.0,49900000.0,49900000.0,120900000.0,0,19979.45,0.0,0
2026-03-12,ATM-002,Residential Area,Jakarta Selatan,400000000,120900000.0,0.0,27100000.0,27100000.0,93800000.0,0,14705.48,0.0,0
2026-03-13,ATM-002,Residential Area,Jakarta Selatan,400000000,93800000.0,0.0,43900000.0,43900000.0,49900000.0,0,9842.47,0.0,0
2026-03-14,ATM-002,Residential Area,Jakarta Selatan,400000000,49900000.0,350100000.0,33500000.0,33500000.0,366500000.0,0,28520.55,192000.0,0
2026-03-15,ATM-002,Residential Area,Jakarta Selatan,400000000,366500000.0,0.0,77700000.0,77700000.0,288800000.0,0,44883.56,0.0,0
2026-03-16,ATM-002,Residential Area,Jakarta Selatan,400000000,288800000.0,0.0,62600000.0,62600000.0,226200000.0,0,35273.97,0.0,0
2026-03-17,ATM-002,Residential Area,Jakarta Selatan,400000000,226200000.0,0.0,74800000.0,74800000.0,151400000.0,0,25863.01,0.0,0
2026-03-18,ATM-002,Residential Area,Jakarta Selatan,400000000,151400000.0,0.0,33300000.0,33300000.0,118100000.0,0,18458.9,0.0,0
2026-03-19,ATM-002,Residential Area,Jakarta Selatan,400000000,118100000.0,0.0,59500000.0,59500000.0,58600000.0,0,12102.74,0.0,0
2026-03-20,ATM-002,Residential Area,Jakarta Selatan,400000000,58600000.0,341400000.0,65400000.0,65400000.0,334600000.0,0,26931.51,192000.0,0
2026-03-21,ATM-002,Residential Area,Jakarta Selatan,400000000,334600000.0,0.0,38500000.0,38500000.0,296100000.0,0,43198.63,0.0,0
2026-03-22,ATM-002,Residential Area,Jakarta Selatan,400000000,296100000.0,0.0,55200000.0,55200000.0,240900000.0,0,36780.82,0.0,0
2026-03-23,ATM-002,Residential Area,Jakarta Selatan,400000000,240900000.0,0.0,31600000.0,31600000.0,209300000.0,0,30835.62,0.0,0
2026-03-24,ATM-002,Residential Area,Jakarta Selatan,400000000,209300000.0,0.0,46300000.0,46300000.0,163000000.0,0,25500.0,0.0,0
2026-03-25,ATM-002,Residential Area,Jakarta Selatan,400000000,163000000.0,0.0,59900000.0,59900000.0,103100000.0,0,18226.03,0.0,0
2026-03-26,ATM-002,Residential Area,Jakarta Selatan,400000000,103100000.0,0.0,52900000.0,52900000.0,50200000.0,0,10500.0,0.0,0
2026-03-27,ATM-002,Residential Area,Jakarta Selatan,400000000,50200000.0,349800000.0,76300000.0,76300000.0,323700000.0,0,25609.59,192000.0,0
2026-03-28,ATM-002,Residential Area,Jakarta Selatan,400000000,323700000.0,0.0,51100000.0,51100000.0,272600000.0,0,40842.47,0.0,0
2026-03-29,ATM-002,Residential Area,Jakarta Selatan,400000000,272600000.0,0.0,39600000.0,39600000.0,233000000.0,0,34630.14,0.0,0
2026-03-30,ATM-002,Residential Area,Jakarta Selatan,400000000,233000000.0,0.0,66200000.0,66200000.0,166800000.0,0,27383.56,0.0,0
2026-03-31,ATM-002,Residential Area,Jakarta Selatan,400000000,166800000.0,0.0,60500000.0,60500000.0,106300000.0,0,18705.48,0.0,0
2026-04-01,ATM-002,Residential Area,Jakarta Selatan,400000000,106300000.0,0.0,57300000.0,57300000.0,49000000.0,0,10636.99,0.0,0
2026-04-02,ATM-002,Residential Area,Jakarta Selatan,400000000,49000000.0,351000000.0,40700000.0,40700000.0,359300000.0,0,27965.75,192000.0,0
2026-04-03,ATM-002,Residential Area,Jakarta Selatan,400000000,359300000.0,0.0,49000000.0,49000000.0,310300000.0,0,45863.01,0.0,0
2026-04-04,ATM-002,Residential Area,Jakarta Selatan,400000000,310300000.0,0.0,60700000.0,60700000.0,249600000.0,0,38349.32,0.0,0
2026-04-05,ATM-002,Residential Area,Jakarta Selatan,400000000,249600000.0,0.0,38900000.0,38900000.0,210700000.0,0,31527.4,0.0,0
2026-04-06,ATM-002,Residential Area,Jakarta Selatan,400000000,210700000.0,0.0,65400000.0,65400000.0,145300000.0,0,24383.56,0.0,0
2026-04-07,ATM-002,Residential Area,Jakarta Selatan,400000000,145300000.0,0.0,49200000.0,49200000.0,96100000.0,0,16534.25,0.0,0
2026-04-08,ATM-002,Residential Area,Jakarta Selatan,400000000,96100000.0,0.0,71900000.0,71900000.0,24200000.0,0,8239.73,0.0,0
2026-04-09,ATM-002,Residential Area,Jakarta Selatan,400000000,24200000.0,375800000.0,34200000.0,34200000.0,365800000.0,0,26712.33,192000.0,0
2026-04-10,ATM-002,Residential Area,Jakarta Selatan,400000000,365800000.0,0.0,53100000.0,53100000.0,312700000.0,0,46472.6,0.0,0
2026-04-11,ATM-002,Residential Area,Jakarta Selatan,400000000,312700000.0,0.0,40400000.0,40400000.0,272300000.0,0,40068.49,0.0,0
2026-04-12,ATM-002,Residential Area,Jakarta Selatan,400000000,272300000.0,0.0,65500000.0,65500000.0,206800000.0,0,32815.07,0.0,0
2026-04-13,ATM-002,Residential Area,Jakarta Selatan,400000000,206800000.0,0.0,39300000.0,39300000.0,167500000.0,0,25636.99,0.0,0
2026-04-14,ATM-002,Residential Area,Jakarta Selatan,400000000,167500000.0,0.0,54300000.0,54300000.0,113200000.0,0,19226.03,0.0,0
2026-04-15,ATM-002,Residential Area,Jakarta Selatan,400000000,113200000.0,0.0,45800000.0,45800000.0,67400000.0,0,12369.86,0.0,0
2026-04-16,ATM-002,Residential Area,Jakarta Selatan,400000000,67400000.0,332600000.0,75600000.0,75600000.0,324400000.0,0,26835.62,192000.0,0
2026-04-17,ATM-002,Residential Area,Jakarta Selatan,400000000,324400000.0,0.0,40600000.0,40600000.0,283800000.0,0,41657.53,0.0,0
2026-04-18,ATM-002,Residential Area,Jakarta Selatan,400000000,283800000.0,0.0,53000000.0,53000000.0,230800000.0,0,35246.58,0.0,0
2026-04-19,ATM-002,Residential Area,Jakarta Selatan,400000000,230800000.0,0.0,58000000.0,58000000.0,172800000.0,0,27643.84,0.0,0
2026-04-20,ATM-002,Residential Area,Jakarta Selatan,400000000,172800000.0,0.0,58800000.0,58800000.0,114000000.0,0,19643.84,0.0,0
2026-04-21,ATM-002,Residential Area,Jakarta Selatan,400000000,114000000.0,0.0,59500000.0,59500000.0,54500000.0,0,11541.1,0.0,0
2026-04-22,ATM-002,Residential Area,Jakarta Selatan,400000000,54500000.0,345500000.0,67600000.0,67600000.0,332400000.0,0,26500.0,192000.0,0
2026-04-23,ATM-002,Residential Area,Jakarta Selatan,400000000,332400000.0,0.0,57400000.0,57400000.0,275000000.0,0,41602.74,0.0,0
2026-04-24,ATM-002,Residential Area,Jakarta Selatan,400000000,275000000.0,0.0,43400000.0,43400000.0,231600000.0,0,34698.63,0.0,0
2026-04-25,ATM-002,Residential Area,Jakarta Selatan,400000000,231600000.0,0.0,69700000.0,69700000.0,161900000.0,0,26952.05,0.0,0
2026-04-26,ATM-002,Residential Area,Jakarta Selatan,400000000,161900000.0,0.0,36500000.0,36500000.0,125400000.0,0,19678.08,0.0,0
2026-04-27,ATM-002,Residential Area,Jakarta Selatan,400000000,125400000.0,0.0,44700000.0,44700000.0,80700000.0,0,14116.44,0.0,0
2026-04-28,ATM-002,Residential Area,Jakarta Selatan,400000000,80700000.0,0.0,50800000.0,50800000.0,29900000.0,0,7575.34,0.0,0
2026-04-29,ATM-002,Residential Area,Jakarta Selatan,400000000,29900000.0,370100000.0,37500000.0,37500000.0,362500000.0,0,26876.71,192000.0,0
2026-04-30,ATM-002,Residential Area,Jakarta Selatan,400000000,362500000.0,0.0,59600000.0,59600000.0,302900000.0,0,45575.34,0.0,0
2026-05-01,ATM-002,Residential Area,Jakarta Selatan,400000000,302900000.0,0.0,43700000.0,43700000.0,259200000.0,0,38500.0,0.0,0
2026-05-02,ATM-002,Residential Area,Jakarta Selatan,400000000,259200000.0,0.0,34900000.0,34900000.0,224300000.0,0,33116.44,0.0,0
2026-05-03,ATM-002,Residential Area,Jakarta Selatan,400000000,224300000.0,0.0,65500000.0,65500000.0,158800000.0,0,26239.73,0.0,0
2026-05-04,ATM-002,Residential Area,Jakarta Selatan,400000000,158800000.0,0.0,48400000.0,48400000.0,110400000.0,0,18438.36,0.0,0
2026-05-05,ATM-002,Residential Area,Jakarta Selatan,400000000,110400000.0,0.0,74900000.0,74900000.0,35500000.0,0,9993.15,0.0,0
2026-05-06,ATM-002,Residential Area,Jakarta Selatan,400000000,35500000.0,364500000.0,40600000.0,40600000.0,359400000.0,0,27047.95,192000.0,0
2026-05-07,ATM-002,Residential Area,Jakarta Selatan,400000000,359400000.0,0.0,51900000.0,51900000.0,307500000.0,0,45678.08,0.0,0
2026-05-08,ATM-002,Residential Area,Jakarta Selatan,400000000,307500000.0,0.0,74500000.0,74500000.0,233000000.0,0,37020.55,0.0,0
2026-05-09,ATM-002,Residential Area,Jakarta Selatan,400000000,233000000.0,0.0,48100000.0,48100000.0,184900000.0,0,28623.29,0.0,0
2026-05-10,ATM-002,Residential Area,Jakarta Selatan,400000000,184900000.0,0.0,52600000.0,52600000.0,132300000.0,0,21726.03,0.0,0
2026-05-11,ATM-002,Residential Area,Jakarta Selatan,400000000,132300000.0,0.0,49300000.0,49300000.0,83000000.0,0,14746.58,0.0,0
2026-05-12,ATM-002,Residential Area,Jakarta Selatan,400000000,83000000.0,0.0,35700000.0,35700000.0,47300000.0,0,8924.66,0.0,0
2026-05-13,ATM-002,Residential Area,Jakarta Selatan,400000000,47300000.0,352700000.0,64300000.0,64300000.0,335700000.0,0,26232.88,192000.0,0
2026-05-14,ATM-002,Residential Area,Jakarta Selatan,400000000,335700000.0,0.0,61200000.0,61200000.0,274500000.0,0,41794.52,0.0,0
2026-05-15,ATM-002,Residential Area,Jakarta Selatan,400000000,274500000.0,0.0,73100000.0,73100000.0,201400000.0,0,32595.89,0.0,0
2026-05-16,ATM-002,Residential Area,Jakarta Selatan,400000000,201400000.0,0.0,61300000.0,61300000.0,140100000.0,0,23390.41,0.0,0
2026-05-17,ATM-002,Residential Area,Jakarta Selatan,400000000,140100000.0,0.0,46400000.0,46400000.0,93700000.0,0,16013.7,0.0,0
2026-05-18,ATM-002,Residential Area,Jakarta Selatan,400000000,93700000.0,0.0,69400000.0,69400000.0,24300000.0,0,8082.19,0.0,0
2026-05-19,ATM-002,Residential Area,Jakarta Selatan,400000000,24300000.0,375700000.0,26000000.0,26000000.0,374000000.0,0,27280.82,192000.0,0
2025-11-01,ATM-003,Shopping Mall,Jakarta Timur,800000000,631479000.0,0.0,138200000.0,138200000.0,493279000.0,0,77038.22,0.0,0
2025-11-02,ATM-003,Shopping Mall,Jakarta Timur,800000000,493279000.0,0.0,102000000.0,102000000.0,391279000.0,0,60586.16,0.0,0
2025-11-03,ATM-003,Shopping Mall,Jakarta Timur,800000000,391279000.0,0.0,34700000.0,34700000.0,356579000.0,0,51223.15,0.0,0
2025-11-04,ATM-003,Shopping Mall,Jakarta Timur,800000000,356579000.0,0.0,54900000.0,54900000.0,301679000.0,0,45086.16,0.0,0
2025-11-05,ATM-003,Shopping Mall,Jakarta Timur,800000000,301679000.0,0.0,59000000.0,59000000.0,242679000.0,0,37284.79,0.0,0
2025-11-06,ATM-003,Shopping Mall,Jakarta Timur,800000000,242679000.0,0.0,35100000.0,35100000.0,207579000.0,0,30839.59,0.0,0
2025-11-07,ATM-003,Shopping Mall,Jakarta Timur,800000000,207579000.0,0.0,36900000.0,36900000.0,170679000.0,0,25908.08,0.0,0
2025-11-08,ATM-003,Shopping Mall,Jakarta Timur,800000000,170679000.0,0.0,69600000.0,69600000.0,101079000.0,0,18613.56,0.0,0
2025-11-09,ATM-003,Shopping Mall,Jakarta Timur,800000000,101079000.0,698921000.0,104900000.0,104900000.0,695100000.0,0,54532.81,176000.0,0
2025-11-10,ATM-003,Shopping Mall,Jakarta Timur,800000000,695100000.0,0.0,29200000.0,29200000.0,665900000.0,0,93219.18,0.0,0
2025-11-11,ATM-003,Shopping Mall,Jakarta Timur,800000000,665900000.0,0.0,58800000.0,58800000.0,607100000.0,0,87191.78,0.0,0
2025-11-12,ATM-003,Shopping Mall,Jakarta Timur,800000000,607100000.0,0.0,43400000.0,43400000.0,563700000.0,0,80191.78,0.0,0
2025-11-13,ATM-003,Shopping Mall,Jakarta Timur,800000000,563700000.0,0.0,33800000.0,33800000.0,529900000.0,0,74904.11,0.0,0
2025-11-14,ATM-003,Shopping Mall,Jakarta Timur,800000000,529900000.0,0.0,33900000.0,33900000.0,496000000.0,0,70267.12,0.0,0
2025-11-15,ATM-003,Shopping Mall,Jakarta Timur,800000000,496000000.0,0.0,67900000.0,67900000.0,428100000.0,0,63294.52,0.0,0
2025-11-16,ATM-003,Shopping Mall,Jakarta Timur,800000000,428100000.0,0.0,122200000.0,122200000.0,305900000.0,0,50273.97,0.0,0
2025-11-17,ATM-003,Shopping Mall,Jakarta Timur,800000000,305900000.0,0.0,33900000.0,33900000.0,272000000.0,0,39582.19,0.0,0
2025-11-18,ATM-003,Shopping Mall,Jakarta Timur,800000000,272000000.0,0.0,41800000.0,41800000.0,230200000.0,0,34397.26,0.0,0
2025-11-19,ATM-003,Shopping Mall,Jakarta Timur,800000000,230200000.0,0.0,47700000.0,47700000.0,182500000.0,0,28267.12,0.0,0
2025-11-20,ATM-003,Shopping Mall,Jakarta Timur,800000000,182500000.0,0.0,42700000.0,42700000.0,139800000.0,0,22075.34,0.0,0
2025-11-21,ATM-003,Shopping Mall,Jakarta Timur,800000000,139800000.0,660200000.0,34300000.0,34300000.0,765700000.0,0,62020.55,176000.0,0
2025-11-22,ATM-003,Shopping Mall,Jakarta Timur,800000000,765700000.0,0.0,79600000.0,79600000.0,686100000.0,0,99438.36,0.0,0
2025-11-23,ATM-003,Shopping Mall,Jakarta Timur,800000000,686100000.0,0.0,97100000.0,97100000.0,589000000.0,0,87335.62,0.0,0
2025-11-24,ATM-003,Shopping Mall,Jakarta Timur,800000000,589000000.0,0.0,54900000.0,54900000.0,534100000.0,0,76924.66,0.0,0
2025-11-25,ATM-003,Shopping Mall,Jakarta Timur,800000000,534100000.0,0.0,63100000.0,63100000.0,471000000.0,0,68842.47,0.0,0
2025-11-26,ATM-003,Shopping Mall,Jakarta Timur,800000000,471000000.0,0.0,39200000.0,39200000.0,431800000.0,0,61835.62,0.0,0
2025-11-27,ATM-003,Shopping Mall,Jakarta Timur,800000000,431800000.0,0.0,55500000.0,55500000.0,376300000.0,0,55349.32,0.0,0
2025-11-28,ATM-003,Shopping Mall,Jakarta Timur,800000000,376300000.0,0.0,32800000.0,32800000.0,343500000.0,0,49301.37,0.0,0
2025-11-29,ATM-003,Shopping Mall,Jakarta Timur,800000000,343500000.0,0.0,104300000.0,104300000.0,239200000.0,0,39910.96,0.0,0
2025-11-30,ATM-003,Shopping Mall,Jakarta Timur,800000000,239200000.0,0.0,86400000.0,86400000.0,152800000.0,0,26849.32,0.0,0
2025-12-01,ATM-003,Shopping Mall,Jakarta Timur,800000000,152800000.0,647200000.0,45400000.0,45400000.0,754600000.0,0,62150.68,176000.0,0
2025-12-02,ATM-003,Shopping Mall,Jakarta Timur,800000000,754600000.0,0.0,51500000.0,51500000.0,703100000.0,0,99842.47,0.0,0
2025-12-03,ATM-003,Shopping Mall,Jakarta Timur,800000000,703100000.0,0.0,54800000.0,54800000.0,648300000.0,0,92561.64,0.0,0
2025-12-04,ATM-003,Shopping Mall,Jakarta Timur,800000000,648300000.0,0.0,56500000.0,56500000.0,591800000.0,0,84938.36,0.0,0
2025-12-05,ATM-003,Shopping Mall,Jakarta Timur,800000000,591800000.0,0.0,56700000.0,56700000.0,535100000.0,0,77184.93,0.0,0
2025-12-06,ATM-003,Shopping Mall,Jakarta Timur,800000000,535100000.0,0.0,91200000.0,91200000.0,443900000.0,0,67054.79,0.0,0
2025-12-07,ATM-003,Shopping Mall,Jakarta Timur,800000000,443900000.0,0.0,89200000.0,89200000.0,354700000.0,0,54698.63,0.0,0
2025-12-08,ATM-003,Shopping Mall,Jakarta Timur,800000000,354700000.0,0.0,43500000.0,43500000.0,311200000.0,0,45609.59,0.0,0
2025-12-09,ATM-003,Shopping Mall,Jakarta Timur,800000000,311200000.0,0.0,42700000.0,42700000.0,268500000.0,0,39705.48,0.0,0
2025-12-10,ATM-003,Shopping Mall,Jakarta Timur,800000000,268500000.0,0.0,30100000.0,30100000.0,238400000.0,0,34719.18,0.0,0
2025-12-11,ATM-003,Shopping Mall,Jakarta Timur,800000000,238400000.0,0.0,54900000.0,54900000.0,183500000.0,0,28897.26,0.0,0
2025-12-12,ATM-003,Shopping Mall,Jakarta Timur,800000000,183500000.0,0.0,53500000.0,53500000.0,130000000.0,0,21472.6,0.0,0
2025-12-13,ATM-003,Shopping Mall,Jakarta Timur,800000000,130000000.0,670000000.0,99200000.0,99200000.0,700800000.0,0,56904.11,176000.0,0
2025-12-14,ATM-003,Shopping Mall,Jakarta Timur,800000000,700800000.0,0.0,108700000.0,108700000.0,592100000.0,0,88554.79,0.0,0
2025-12-15,ATM-003,Shopping Mall,Jakarta Timur,800000000,592100000.0,0.0,59500000.0,59500000.0,532600000.0,0,77034.25,0.0,0
2025-12-16,ATM-003,Shopping Mall,Jakarta Timur,800000000,532600000.0,0.0,34000000.0,34000000.0,498600000.0,0,70630.14,0.0,0
2025-12-17,ATM-003,Shopping Mall,Jakarta Timur,800000000,498600000.0,0.0,50400000.0,50400000.0,448200000.0,0,64849.32,0.0,0
2025-12-18,ATM-003,Shopping Mall,Jakarta Timur,800000000,448200000.0,0.0,67500000.0,67500000.0,380700000.0,0,56773.97,0.0,0
2025-12-19,ATM-003,Shopping Mall,Jakarta Timur,800000000,380700000.0,0.0,61700000.0,61700000.0,319000000.0,0,47924.66,0.0,0
2025-12-20,ATM-003,Shopping Mall,Jakarta Timur,800000000,319000000.0,0.0,132400000.0,132400000.0,186600000.0,0,34630.14,0.0,0
2025-12-21,ATM-003,Shopping Mall,Jakarta Timur,800000000,186600000.0,0.0,91500000.0,91500000.0,95100000.0,0,19294.52,0.0,0
2025-12-22,ATM-003,Shopping Mall,Jakarta Timur,800000000,95100000.0,704900000.0,30900000.0,30900000.0,769100000.0,0,59191.78,176000.0,0
2025-12-23,ATM-003,Shopping Mall,Jakarta Timur,800000000,769100000.0,0.0,46700000.0,46700000.0,722400000.0,0,102157.53,0.0,0
2025-12-24,ATM-003,Shopping Mall,Jakarta Timur,800000000,722400000.0,0.0,51900000.0,51900000.0,670500000.0,0,95404.11,0.0,0
2025-12-25,ATM-003,Shopping Mall,Jakarta Timur,800000000,670500000.0,0.0,64300000.0,64300000.0,606200000.0,0,87445.21,0.0,0
2025-12-26,ATM-003,Shopping Mall,Jakarta Timur,800000000,606200000.0,0.0,29700000.0,29700000.0,576500000.0,0,81006.85,0.0,0
2025-12-27,ATM-003,Shopping Mall,Jakarta Timur,800000000,576500000.0,0.0,71000000.0,71000000.0,505500000.0,0,74109.59,0.0,0
2025-12-28,ATM-003,Shopping Mall,Jakarta Timur,800000000,505500000.0,0.0,109200000.0,109200000.0,396300000.0,0,61767.12,0.0,0
2025-12-29,ATM-003,Shopping Mall,Jakarta Timur,800000000,396300000.0,0.0,30200000.0,30200000.0,366100000.0,0,52219.18,0.0,0
2025-12-30,ATM-003,Shopping Mall,Jakarta Timur,800000000,366100000.0,0.0,63700000.0,63700000.0,302400000.0,0,45787.67,0.0,0
2025-12-31,ATM-003,Shopping Mall,Jakarta Timur,800000000,302400000.0,0.0,37600000.0,37600000.0,264800000.0,0,38849.32,0.0,0
2026-01-01,ATM-003,Shopping Mall,Jakarta Timur,800000000,264800000.0,0.0,40300000.0,40300000.0,224500000.0,0,33513.7,0.0,0
2026-01-02,ATM-003,Shopping Mall,Jakarta Timur,800000000,224500000.0,0.0,39000000.0,39000000.0,185500000.0,0,28082.19,0.0,0
2026-01-03,ATM-003,Shopping Mall,Jakarta Timur,800000000,185500000.0,0.0,76000000.0,76000000.0,109500000.0,0,20205.48,0.0,0
2026-01-04,ATM-003,Shopping Mall,Jakarta Timur,800000000,109500000.0,690500000.0,66900000.0,66900000.0,733100000.0,0,57712.33,176000.0,0
2026-01-05,ATM-003,Shopping Mall,Jakarta Timur,800000000,733100000.0,0.0,55000000.0,55000000.0,678100000.0,0,96657.53,0.0,0
2026-01-06,ATM-003,Shopping Mall,Jakarta Timur,800000000,678100000.0,0.0,56500000.0,56500000.0,621600000.0,0,89020.55,0.0,0
2026-01-07,ATM-003,Shopping Mall,Jakarta Timur,800000000,621600000.0,0.0,45000000.0,45000000.0,576600000.0,0,82068.49,0.0,0
2026-01-08,ATM-003,Shopping Mall,Jakarta Timur,800000000,576600000.0,0.0,35600000.0,35600000.0,541000000.0,0,76547.95,0.0,0
2026-01-09,ATM-003,Shopping Mall,Jakarta Timur,800000000,541000000.0,0.0,43000000.0,43000000.0,498000000.0,0,71164.38,0.0,0
2026-01-10,ATM-003,Shopping Mall,Jakarta Timur,800000000,498000000.0,0.0,95200000.0,95200000.0,402800000.0,0,61698.63,0.0,0
2026-01-11,ATM-003,Shopping Mall,Jakarta Timur,800000000,402800000.0,0.0,80400000.0,80400000.0,322400000.0,0,49671.23,0.0,0
2026-01-12,ATM-003,Shopping Mall,Jakarta Timur,800000000,322400000.0,0.0,66800000.0,66800000.0,255600000.0,0,39589.04,0.0,0
2026-01-13,ATM-003,Shopping Mall,Jakarta Timur,800000000,255600000.0,0.0,35400000.0,35400000.0,220200000.0,0,32589.04,0.0,0
2026-01-14,ATM-003,Shopping Mall,Jakarta Timur,800000000,220200000.0,0.0,55200000.0,55200000.0,165000000.0,0,26383.56,0.0,0
2026-01-15,ATM-003,Shopping Mall,Jakarta Timur,800000000,165000000.0,0.0,39100000.0,39100000.0,125900000.0,0,19924.66,0.0,0
2026-01-16,ATM-003,Shopping Mall,Jakarta Timur,800000000,125900000.0,674100000.0,30300000.0,30300000.0,769700000.0,0,61342.47,176000.0,0
2026-01-17,ATM-003,Shopping Mall,Jakarta Timur,800000000,769700000.0,0.0,108900000.0,108900000.0,660800000.0,0,97979.45,0.0,0
2026-01-18,ATM-003,Shopping Mall,Jakarta Timur,800000000,660800000.0,0.0,105400000.0,105400000.0,555400000.0,0,83301.37,0.0,0
2026-01-19,ATM-003,Shopping Mall,Jakarta Timur,800000000,555400000.0,0.0,38700000.0,38700000.0,516700000.0,0,73431.51,0.0,0
2026-01-20,ATM-003,Shopping Mall,Jakarta Timur,800000000,516700000.0,0.0,48100000.0,48100000.0,468600000.0,0,67486.3,0.0,0
2026-01-21,ATM-003,Shopping Mall,Jakarta Timur,800000000,468600000.0,0.0,34700000.0,34700000.0,433900000.0,0,61815.07,0.0,0
2026-01-22,ATM-003,Shopping Mall,Jakarta Timur,800000000,433900000.0,0.0,35500000.0,35500000.0,398400000.0,0,57006.85,0.0,0
2026-01-23,ATM-003,Shopping Mall,Jakarta Timur,800000000,398400000.0,0.0,32100000.0,32100000.0,366300000.0,0,52376.71,0.0,0
2026-01-24,ATM-003,Shopping Mall,Jakarta Timur,800000000,366300000.0,0.0,104500000.0,104500000.0,261800000.0,0,43020.55,0.0,0
2026-01-25,ATM-003,Shopping Mall,Jakarta Timur,800000000,261800000.0,0.0,79900000.0,79900000.0,181900000.0,0,30390.41,0.0,0
2026-01-26,ATM-003,Shopping Mall,Jakarta Timur,800000000,181900000.0,0.0,34400000.0,34400000.0,147500000.0,0,22561.64,0.0,0
2026-01-27,ATM-003,Shopping Mall,Jakarta Timur,800000000,147500000.0,652500000.0,29300000.0,29300000.0,770700000.0,0,62890.41,176000.0,0
2026-01-28,ATM-003,Shopping Mall,Jakarta Timur,800000000,770700000.0,0.0,32600000.0,32600000.0,738100000.0,0,103342.47,0.0,0
2026-01-29,ATM-003,Shopping Mall,Jakarta Timur,800000000,738100000.0,0.0,40400000.0,40400000.0,697700000.0,0,98342.47,0.0,0
2026-01-30,ATM-003,Shopping Mall,Jakarta Timur,800000000,697700000.0,0.0,34000000.0,34000000.0,663700000.0,0,93246.58,0.0,0
2026-01-31,ATM-003,Shopping Mall,Jakarta Timur,800000000,663700000.0,0.0,69000000.0,69000000.0,594700000.0,0,86191.78,0.0,0
2026-02-01,ATM-003,Shopping Mall,Jakarta Timur,800000000,594700000.0,0.0,57800000.0,57800000.0,536900000.0,0,77506.85,0.0,0
2026-02-02,ATM-003,Shopping Mall,Jakarta Timur,800000000,536900000.0,0.0,52800000.0,52800000.0,484100000.0,0,69931.51,0.0,0
2026-02-03,ATM-003,Shopping Mall,Jakarta Timur,800000000,484100000.0,0.0,51900000.0,51900000.0,432200000.0,0,62760.27,0.0,0
2026-02-04,ATM-003,Shopping Mall,Jakarta Timur,800000000,432200000.0,0.0,53600000.0,53600000.0,378600000.0,0,55534.25,0.0,0
2026-02-05,ATM-003,Shopping Mall,Jakarta Timur,800000000,378600000.0,0.0,33300000.0,33300000.0,345300000.0,0,49582.19,0.0,0
2026-02-06,ATM-003,Shopping Mall,Jakarta Timur,800000000,345300000.0,0.0,47700000.0,47700000.0,297600000.0,0,44034.25,0.0,0
2026-02-07,ATM-003,Shopping Mall,Jakarta Timur,800000000,297600000.0,0.0,122700000.0,122700000.0,174900000.0,0,32363.01,0.0,0
2026-02-08,ATM-003,Shopping Mall,Jakarta Timur,800000000,174900000.0,0.0,89800000.0,89800000.0,85100000.0,0,17808.22,0.0,0
2026-02-09,ATM-003,Shopping Mall,Jakarta Timur,800000000,85100000.0,714900000.0,48600000.0,48600000.0,751400000.0,0,57294.52,176000.0,0
2026-02-10,ATM-003,Shopping Mall,Jakarta Timur,800000000,751400000.0,0.0,42600000.0,42600000.0,708800000.0,0,100013.7,0.0,0
2026-02-11,ATM-003,Shopping Mall,Jakarta Timur,800000000,708800000.0,0.0,50400000.0,50400000.0,658400000.0,0,93643.84,0.0,0
2026-02-12,ATM-003,Shopping Mall,Jakarta Timur,800000000,658400000.0,0.0,47500000.0,47500000.0,610900000.0,0,86938.36,0.0,0
2026-02-13,ATM-003,Shopping Mall,Jakarta Timur,800000000,610900000.0,0.0,33800000.0,33800000.0,577100000.0,0,81369.86,0.0,0
2026-02-14,ATM-003,Shopping Mall,Jakarta Timur,800000000,577100000.0,0.0,58200000.0,58200000.0,518900000.0,0,75068.49,0.0,0
2026-02-15,ATM-003,Shopping Mall,Jakarta Timur,800000000,518900000.0,0.0,99900000.0,99900000.0,419000000.0,0,64239.73,0.0,0
2026-02-16,ATM-003,Shopping Mall,Jakarta Timur,800000000,419000000.0,0.0,47600000.0,47600000.0,371400000.0,0,54136.99,0.0,0
2026-02-17,ATM-003,Shopping Mall,Jakarta Timur,800000000,371400000.0,0.0,45100000.0,45100000.0,326300000.0,0,47787.67,0.0,0
2026-02-18,ATM-003,Shopping Mall,Jakarta Timur,800000000,326300000.0,0.0,40400000.0,40400000.0,285900000.0,0,41931.51,0.0,0
2026-02-19,ATM-003,Shopping Mall,Jakarta Timur,800000000,285900000.0,0.0,58300000.0,58300000.0,227600000.0,0,35171.23,0.0,0
2026-02-20,ATM-003,Shopping Mall,Jakarta Timur,800000000,227600000.0,0.0,54900000.0,54900000.0,172700000.0,0,27417.81,0.0,0
2026-02-21,ATM-003,Shopping Mall,Jakarta Timur,800000000,172700000.0,0.0,91500000.0,91500000.0,81200000.0,0,17390.41,0.0,0
2026-02-22,ATM-003,Shopping Mall,Jakarta Timur,800000000,81200000.0,718800000.0,77600000.0,77600000.0,722400000.0,0,55041.1,176000.0,0
2026-02-23,ATM-003,Shopping Mall,Jakarta Timur,800000000,722400000.0,0.0,39400000.0,39400000.0,683000000.0,0,96260.27,0.0,0
2026-02-24,ATM-003,Shopping Mall,Jakarta Timur,800000000,683000000.0,0.0,35600000.0,35600000.0,647400000.0,0,91123.29,0.0,0
2026-02-25,ATM-003,Shopping Mall,Jakarta Timur,800000000,647400000.0,0.0,45600000.0,45600000.0,601800000.0,0,85561.64,0.0,0
2026-02-26,ATM-003,Shopping Mall,Jakarta Timur,800000000,601800000.0,0.0,35500000.0,35500000.0,566300000.0,0,80006.85,0.0,0
2026-02-27,ATM-003,Shopping Mall,Jakarta Timur,800000000,566300000.0,0.0,47700000.0,47700000.0,518600000.0,0,74308.22,0.0,0
2026-02-28,ATM-003,Shopping Mall,Jakarta Timur,800000000,518600000.0,0.0,92000000.0,92000000.0,426600000.0,0,64739.73,0.0,0
2026-03-01,ATM-003,Shopping Mall,Jakarta Timur,800000000,426600000.0,0.0,72100000.0,72100000.0,354500000.0,0,53500.0,0.0,0
2026-03-02,ATM-003,Shopping Mall,Jakarta Timur,800000000,354500000.0,0.0,55600000.0,55600000.0,298900000.0,0,44753.42,0.0,0
2026-03-03,ATM-003,Shopping Mall,Jakarta Timur,800000000,298900000.0,0.0,48800000.0,48800000.0,250100000.0,0,37602.74,0.0,0
2026-03-04,ATM-003,Shopping Mall,Jakarta Timur,800000000,250100000.0,0.0,33900000.0,33900000.0,216200000.0,0,31938.36,0.0,0
2026-03-05,ATM-003,Shopping Mall,Jakarta Timur,800000000,216200000.0,0.0,43300000.0,43300000.0,172900000.0,0,26650.68,0.0,0
2026-03-06,ATM-003,Shopping Mall,Jakarta Timur,800000000,172900000.0,0.0,60200000.0,60200000.0,112700000.0,0,19561.64,0.0,0
2026-03-07,ATM-003,Shopping Mall,Jakarta Timur,800000000,112700000.0,687300000.0,122600000.0,122600000.0,677400000.0,0,54116.44,176000.0,0
2026-03-08,ATM-003,Shopping Mall,Jakarta Timur,800000000,677400000.0,0.0,90300000.0,90300000.0,587100000.0,0,86609.59,0.0,0
2026-03-09,ATM-003,Shopping Mall,Jakarta Timur,800000000,587100000.0,0.0,41900000.0,41900000.0,545200000.0,0,77554.79,0.0,0
2026-03-10,ATM-003,Shopping Mall,Jakarta Timur,800000000,545200000.0,0.0,44200000.0,44200000.0,501000000.0,0,71657.53,0.0,0
2026-03-11,ATM-003,Shopping Mall,Jakarta Timur,800000000,501000000.0,0.0,37800000.0,37800000.0,463200000.0,0,66041.1,0.0,0
2026-03-12,ATM-003,Shopping Mall,Jakarta Timur,800000000,463200000.0,0.0,45300000.0,45300000.0,417900000.0,0,60349.32,0.0,0
2026-03-13,ATM-003,Shopping Mall,Jakarta Timur,800000000,417900000.0,0.0,53000000.0,53000000.0,364900000.0,0,53616.44,0.0,0
2026-03-14,ATM-003,Shopping Mall,Jakarta Timur,800000000,364900000.0,0.0,131700000.0,131700000.0,233200000.0,0,40965.75,0.0,0
2026-03-15,ATM-003,Shopping Mall,Jakarta Timur,800000000,233200000.0,0.0,114100000.0,114100000.0,119100000.0,0,24130.14,0.0,0
2026-03-16,ATM-003,Shopping Mall,Jakarta Timur,800000000,119100000.0,680900000.0,39900000.0,39900000.0,760100000.0,0,60219.18,176000.0,0
2026-03-17,ATM-003,Shopping Mall,Jakarta Timur,800000000,760100000.0,0.0,65500000.0,65500000.0,694600000.0,0,99636.99,0.0,0
2026-03-18,ATM-003,Shopping Mall,Jakarta Timur,800000000,694600000.0,0.0,33200000.0,33200000.0,661400000.0,0,92876.71,0.0,0
2026-03-19,ATM-003,Shopping Mall,Jakarta Timur,800000000,661400000.0,0.0,47200000.0,47200000.0,614200000.0,0,87369.86,0.0,0
2026-03-20,ATM-003,Shopping Mall,Jakarta Timur,800000000,614200000.0,0.0,32300000.0,32300000.0,581900000.0,0,81924.66,0.0,0
2026-03-21,ATM-003,Shopping Mall,Jakarta Timur,800000000,581900000.0,0.0,115200000.0,115200000.0,466700000.0,0,71821.92,0.0,0
2026-03-22,ATM-003,Shopping Mall,Jakarta Timur,800000000,466700000.0,0.0,72000000.0,72000000.0,394700000.0,0,59000.0,0.0,0
2026-03-23,ATM-003,Shopping Mall,Jakarta Timur,800000000,394700000.0,0.0,39800000.0,39800000.0,354900000.0,0,51342.47,0.0,0
2026-03-24,ATM-003,Shopping Mall,Jakarta Timur,800000000,354900000.0,0.0,46400000.0,46400000.0,308500000.0,0,45438.36,0.0,0
2026-03-25,ATM-003,Shopping Mall,Jakarta Timur,800000000,308500000.0,0.0,39900000.0,39900000.0,268600000.0,0,39527.4,0.0,0
2026-03-26,ATM-003,Shopping Mall,Jakarta Timur,800000000,268600000.0,0.0,44700000.0,44700000.0,223900000.0,0,33732.88,0.0,0
2026-03-27,ATM-003,Shopping Mall,Jakarta Timur,800000000,223900000.0,0.0,54700000.0,54700000.0,169200000.0,0,26924.66,0.0,0
2026-03-28,ATM-003,Shopping Mall,Jakarta Timur,800000000,169200000.0,0.0,53400000.0,53400000.0,115800000.0,0,19520.55,0.0,0
2026-03-29,ATM-003,Shopping Mall,Jakarta Timur,800000000,115800000.0,684200000.0,72700000.0,72700000.0,727300000.0,0,57746.58,176000.0,0
2026-03-30,ATM-003,Shopping Mall,Jakarta Timur,800000000,727300000.0,0.0,45600000.0,45600000.0,681700000.0,0,96506.85,0.0,0
2026-03-31,ATM-003,Shopping Mall,Jakarta Timur,800000000,681700000.0,0.0,49600000.0,49600000.0,632100000.0,0,89986.3,0.0,0
2026-04-01,ATM-003,Shopping Mall,Jakarta Timur,800000000,632100000.0,0.0,39300000.0,39300000.0,592800000.0,0,83897.26,0.0,0
2026-04-02,ATM-003,Shopping Mall,Jakarta Timur,800000000,592800000.0,0.0,44500000.0,44500000.0,548300000.0,0,78157.53,0.0,0
2026-04-03,ATM-003,Shopping Mall,Jakarta Timur,800000000,548300000.0,0.0,39200000.0,39200000.0,509100000.0,0,72424.66,0.0,0
2026-04-04,ATM-003,Shopping Mall,Jakarta Timur,800000000,509100000.0,0.0,100200000.0,100200000.0,408900000.0,0,62876.71,0.0,0
2026-04-05,ATM-003,Shopping Mall,Jakarta Timur,800000000,408900000.0,0.0,81800000.0,81800000.0,327100000.0,0,50410.96,0.0,0
2026-04-06,ATM-003,Shopping Mall,Jakarta Timur,800000000,327100000.0,0.0,43500000.0,43500000.0,283600000.0,0,41828.77,0.0,0
2026-04-07,ATM-003,Shopping Mall,Jakarta Timur,800000000,283600000.0,0.0,27800000.0,27800000.0,255800000.0,0,36945.21,0.0,0
2026-04-08,ATM-003,Shopping Mall,Jakarta Timur,800000000,255800000.0,0.0,31100000.0,31100000.0,224700000.0,0,32910.96,0.0,0
2026-04-09,ATM-003,Shopping Mall,Jakarta Timur,800000000,224700000.0,0.0,35100000.0,35100000.0,189600000.0,0,28376.71,0.0,0
2026-04-10,ATM-003,Shopping Mall,Jakarta Timur,800000000,189600000.0,0.0,33200000.0,33200000.0,156400000.0,0,23698.63,0.0,0
2026-04-11,ATM-003,Shopping Mall,Jakarta Timur,800000000,156400000.0,643600000.0,67200000.0,67200000.0,732800000.0,0,60904.11,176000.0,0
2026-04-12,ATM-003,Shopping Mall,Jakarta Timur,800000000,732800000.0,0.0,102200000.0,102200000.0,630600000.0,0,93383.56,0.0,0
2026-04-13,ATM-003,Shopping Mall,Jakarta Timur,800000000,630600000.0,0.0,61700000.0,61700000.0,568900000.0,0,82157.53,0.0,0
2026-04-14,ATM-003,Shopping Mall,Jakarta Timur,800000000,568900000.0,0.0,36800000.0,36800000.0,532100000.0,0,75410.96,0.0,0
2026-04-15,ATM-003,Shopping Mall,Jakarta Timur,800000000,532100000.0,0.0,25200000.0,25200000.0,506900000.0,0,71164.38,0.0,0
2026-04-16,ATM-003,Shopping Mall,Jakarta Timur,800000000,506900000.0,0.0,66000000.0,66000000.0,440900000.0,0,64917.81,0.0,0
2026-04-17,ATM-003,Shopping Mall,Jakarta Timur,800000000,440900000.0,0.0,48700000.0,48700000.0,392200000.0,0,57061.64,0.0,0
2026-04-18,ATM-003,Shopping Mall,Jakarta Timur,800000000,392200000.0,0.0,99200000.0,99200000.0,293000000.0,0,46931.51,0.0,0
2026-04-19,ATM-003,Shopping Mall,Jakarta Timur,800000000,293000000.0,0.0,54100000.0,54100000.0,238900000.0,0,36431.51,0.0,0
2026-04-20,ATM-003,Shopping Mall,Jakarta Timur,800000000,238900000.0,0.0,44500000.0,44500000.0,194400000.0,0,29678.08,0.0,0
2026-04-21,ATM-003,Shopping Mall,Jakarta Timur,800000000,194400000.0,0.0,55000000.0,55000000.0,139400000.0,0,22863.01,0.0,0
2026-04-22,ATM-003,Shopping Mall,Jakarta Timur,800000000,139400000.0,660600000.0,48100000.0,48100000.0,751900000.0,0,61047.95,176000.0,0
2026-04-23,ATM-003,Shopping Mall,Jakarta Timur,800000000,751900000.0,0.0,49700000.0,49700000.0,702200000.0,0,99595.89,0.0,0
2026-04-24,ATM-003,Shopping Mall,Jakarta Timur,800000000,702200000.0,0.0,48100000.0,48100000.0,654100000.0,0,92897.26,0.0,0
2026-04-25,ATM-003,Shopping Mall,Jakarta Timur,800000000,654100000.0,0.0,77400000.0,77400000.0,576700000.0,0,84301.37,0.0,0
2026-04-26,ATM-003,Shopping Mall,Jakarta Timur,800000000,576700000.0,0.0,75000000.0,75000000.0,501700000.0,0,73863.01,0.0,0
2026-04-27,ATM-003,Shopping Mall,Jakarta Timur,800000000,501700000.0,0.0,35200000.0,35200000.0,466500000.0,0,66315.07,0.0,0
2026-04-28,ATM-003,Shopping Mall,Jakarta Timur,800000000,466500000.0,0.0,33600000.0,33600000.0,432900000.0,0,61602.74,0.0,0
2026-04-29,ATM-003,Shopping Mall,Jakarta Timur,800000000,432900000.0,0.0,53700000.0,53700000.0,379200000.0,0,55623.29,0.0,0
2026-04-30,ATM-003,Shopping Mall,Jakarta Timur,800000000,379200000.0,0.0,58400000.0,58400000.0,320800000.0,0,47945.21,0.0,0
2026-05-01,ATM-003,Shopping Mall,Jakarta Timur,800000000,320800000.0,0.0,48700000.0,48700000.0,272100000.0,0,40609.59,0.0,0
2026-05-02,ATM-003,Shopping Mall,Jakarta Timur,800000000,272100000.0,0.0,60500000.0,60500000.0,211600000.0,0,33130.14,0.0,0
2026-05-03,ATM-003,Shopping Mall,Jakarta Timur,800000000,211600000.0,0.0,106200000.0,106200000.0,105400000.0,0,21712.33,0.0,0
2026-05-04,ATM-003,Shopping Mall,Jakarta Timur,800000000,105400000.0,694600000.0,43300000.0,43300000.0,756700000.0,0,59047.95,176000.0,0
2026-05-05,ATM-003,Shopping Mall,Jakarta Timur,800000000,756700000.0,0.0,53100000.0,53100000.0,703600000.0,0,100020.55,0.0,0
2026-05-06,ATM-003,Shopping Mall,Jakarta Timur,800000000,703600000.0,0.0,58100000.0,58100000.0,645500000.0,0,92404.11,0.0,0
2026-05-07,ATM-003,Shopping Mall,Jakarta Timur,800000000,645500000.0,0.0,50800000.0,50800000.0,594700000.0,0,84945.21,0.0,0
2026-05-08,ATM-003,Shopping Mall,Jakarta Timur,800000000,594700000.0,0.0,49500000.0,49500000.0,545200000.0,0,78075.34,0.0,0
2026-05-09,ATM-003,Shopping Mall,Jakarta Timur,800000000,545200000.0,0.0,111700000.0,111700000.0,433500000.0,0,67034.25,0.0,0
2026-05-10,ATM-003,Shopping Mall,Jakarta Timur,800000000,433500000.0,0.0,84000000.0,84000000.0,349500000.0,0,53630.14,0.0,0
2026-05-11,ATM-003,Shopping Mall,Jakarta Timur,800000000,349500000.0,0.0,31300000.0,31300000.0,318200000.0,0,45732.88,0.0,0
2026-05-12,ATM-003,Shopping Mall,Jakarta Timur,800000000,318200000.0,0.0,35600000.0,35600000.0,282600000.0,0,41150.68,0.0,0
2026-05-13,ATM-003,Shopping Mall,Jakarta Timur,800000000,282600000.0,0.0,31800000.0,31800000.0,250800000.0,0,36534.25,0.0,0
2026-05-14,ATM-003,Shopping Mall,Jakarta Timur,800000000,250800000.0,0.0,38600000.0,38600000.0,212200000.0,0,31712.33,0.0,0
2026-05-15,ATM-003,Shopping Mall,Jakarta Timur,800000000,212200000.0,0.0,35900000.0,35900000.0,176300000.0,0,26609.59,0.0,0
2026-05-16,ATM-003,Shopping Mall,Jakarta Timur,800000000,176300000.0,0.0,74000000.0,74000000.0,102300000.0,0,19082.19,0.0,0
2026-05-17,ATM-003,Shopping Mall,Jakarta Timur,800000000,102300000.0,697700000.0,116400000.0,116400000.0,683600000.0,0,53828.77,176000.0,0
2026-05-18,ATM-003,Shopping Mall,Jakarta Timur,800000000,683600000.0,0.0,44500000.0,44500000.0,639100000.0,0,90595.89,0.0,0
2026-05-19,ATM-003,Shopping Mall,Jakarta Timur,800000000,639100000.0,0.0,52100000.0,52100000.0,587000000.0,0,83979.45,0.0,0
2025-11-01,ATM-004,Gas Station,Jakarta Pusat,400000000,347505000.0,0.0,37600000.0,37600000.0,309905000.0,0,45028.08,0.0,0
2025-11-02,ATM-004,Gas Station,Jakarta Pusat,400000000,309905000.0,0.0,36700000.0,36700000.0,273205000.0,0,39939.04,0.0,0
2025-11-03,ATM-004,Gas Station,Jakarta Pusat,400000000,273205000.0,0.0,29500000.0,29500000.0,243705000.0,0,35404.79,0.0,0
2025-11-04,ATM-004,Gas Station,Jakarta Pusat,400000000,243705000.0,0.0,18400000.0,18400000.0,225305000.0,0,32123.97,0.0,0
2025-11-05,ATM-004,Gas Station,Jakarta Pusat,400000000,225305000.0,0.0,44000000.0,44000000.0,181305000.0,0,27850.0,0.0,0
2025-11-06,ATM-004,Gas Station,Jakarta Pusat,400000000,181305000.0,0.0,41500000.0,41500000.0,139805000.0,0,21993.84,0.0,0
2025-11-07,ATM-004,Gas Station,Jakarta Pusat,400000000,139805000.0,0.0,22600000.0,22600000.0,117205000.0,0,17603.42,0.0,0
2025-11-08,ATM-004,Gas Station,Jakarta Pusat,400000000,117205000.0,0.0,32300000.0,32300000.0,84905000.0,0,13843.15,0.0,0
2025-11-09,ATM-004,Gas Station,Jakarta Pusat,400000000,84905000.0,0.0,30800000.0,30800000.0,54105000.0,0,9521.23,0.0,0
2025-11-10,ATM-004,Gas Station,Jakarta Pusat,400000000,54105000.0,345895000.0,28500000.0,28500000.0,371500000.0,0,29151.03,159000.0,0
2025-11-11,ATM-004,Gas Station,Jakarta Pusat,400000000,371500000.0,0.0,30200000.0,30200000.0,341300000.0,0,48821.92,0.0,0
2025-11-12,ATM-004,Gas Station,Jakarta Pusat,400000000,341300000.0,0.0,42300000.0,42300000.0,299000000.0,0,43856.16,0.0,0
2025-11-13,ATM-004,Gas Station,Jakarta Pusat,400000000,299000000.0,0.0,32600000.0,32600000.0,266400000.0,0,38726.03,0.0,0
2025-11-14,ATM-004,Gas Station,Jakarta Pusat,400000000,266400000.0,0.0,24500000.0,24500000.0,241900000.0,0,34815.07,0.0,0
2025-11-15,ATM-004,Gas Station,Jakarta Pusat,400000000,241900000.0,0.0,31100000.0,31100000.0,210800000.0,0,31006.85,0.0,0
2025-11-16,ATM-004,Gas Station,Jakarta Pusat,400000000,210800000.0,0.0,46100000.0,46100000.0,164700000.0,0,25719.18,0.0,0
2025-11-17,ATM-004,Gas Station,Jakarta Pusat,400000000,164700000.0,0.0,43100000.0,43100000.0,121600000.0,0,19609.59,0.0,0
2025-11-18,ATM-004,Gas Station,Jakarta Pusat,400000000,121600000.0,0.0,32100000.0,32100000.0,89500000.0,0,14458.9,0.0,0
2025-11-19,ATM-004,Gas Station,Jakarta Pusat,400000000,89500000.0,0.0,36200000.0,36200000.0,53300000.0,0,9780.82,0.0,0
2025-11-20,ATM-004,Gas Station,Jakarta Pusat,400000000,53300000.0,346700000.0,39200000.0,39200000.0,360800000.0,0,28363.01,159000.0,0
2025-11-21,ATM-004,Gas Station,Jakarta Pusat,400000000,360800000.0,0.0,44500000.0,44500000.0,316300000.0,0,46376.71,0.0,0
2025-11-22,ATM-004,Gas Station,Jakarta Pusat,400000000,316300000.0,0.0,27800000.0,27800000.0,288500000.0,0,41424.66,0.0,0
2025-11-23,ATM-004,Gas Station,Jakarta Pusat,400000000,288500000.0,0.0,49200000.0,49200000.0,239300000.0,0,36150.68,0.0,0
2025-11-24,ATM-004,Gas Station,Jakarta Pusat,400000000,239300000.0,0.0,45400000.0,45400000.0,193900000.0,0,29671.23,0.0,0
2025-11-25,ATM-004,Gas Station,Jakarta Pusat,400000000,193900000.0,0.0,45300000.0,45300000.0,148600000.0,0,23458.9,0.0,0
2025-11-26,ATM-004,Gas Station,Jakarta Pusat,400000000,148600000.0,0.0,37900000.0,37900000.0,110700000.0,0,17760.27,0.0,0
2025-11-27,ATM-004,Gas Station,Jakarta Pusat,400000000,110700000.0,0.0,30900000.0,30900000.0,79800000.0,0,13047.95,0.0,0
2025-11-28,ATM-004,Gas Station,Jakarta Pusat,400000000,79800000.0,320200000.0,26900000.0,26900000.0,373100000.0,0,31020.55,159000.0,0
2025-11-29,ATM-004,Gas Station,Jakarta Pusat,400000000,373100000.0,0.0,31200000.0,31200000.0,341900000.0,0,48972.6,0.0,0
2025-11-30,ATM-004,Gas Station,Jakarta Pusat,400000000,341900000.0,0.0,30800000.0,30800000.0,311100000.0,0,44726.03,0.0,0
2025-12-01,ATM-004,Gas Station,Jakarta Pusat,400000000,311100000.0,0.0,20000000.0,20000000.0,291100000.0,0,41246.58,0.0,0
2025-12-02,ATM-004,Gas Station,Jakarta Pusat,400000000,291100000.0,0.0,38100000.0,38100000.0,253000000.0,0,37267.12,0.0,0
2025-12-03,ATM-004,Gas Station,Jakarta Pusat,400000000,253000000.0,0.0,48900000.0,48900000.0,204100000.0,0,31308.22,0.0,0
2025-12-04,ATM-004,Gas Station,Jakarta Pusat,400000000,204100000.0,0.0,37900000.0,37900000.0,166200000.0,0,25363.01,0.0,0
2025-12-05,ATM-004,Gas Station,Jakarta Pusat,400000000,166200000.0,0.0,33300000.0,33300000.0,132900000.0,0,20486.3,0.0,0
2025-12-06,ATM-004,Gas Station,Jakarta Pusat,400000000,132900000.0,0.0,22800000.0,22800000.0,110100000.0,0,16643.84,0.0,0
2025-12-07,ATM-004,Gas Station,Jakarta Pusat,400000000,110100000.0,0.0,28200000.0,28200000.0,81900000.0,0,13150.68,0.0,0
2025-12-08,ATM-004,Gas Station,Jakarta Pusat,400000000,81900000.0,0.0,48500000.0,48500000.0,33400000.0,0,7897.26,0.0,0
2025-12-09,ATM-004,Gas Station,Jakarta Pusat,400000000,33400000.0,366600000.0,24300000.0,24300000.0,375700000.0,0,28020.55,159000.0,0
2025-12-10,ATM-004,Gas Station,Jakarta Pusat,400000000,375700000.0,0.0,34600000.0,34600000.0,341100000.0,0,49095.89,0.0,0
2025-12-11,ATM-004,Gas Station,Jakarta Pusat,400000000,341100000.0,0.0,26500000.0,26500000.0,314600000.0,0,44910.96,0.0,0
2025-12-12,ATM-004,Gas Station,Jakarta Pusat,400000000,314600000.0,0.0,31400000.0,31400000.0,283200000.0,0,40945.21,0.0,0
2025-12-13,ATM-004,Gas Station,Jakarta Pusat,400000000,283200000.0,0.0,33900000.0,33900000.0,249300000.0,0,36472.6,0.0,0
2025-12-14,ATM-004,Gas Station,Jakarta Pusat,400000000,249300000.0,0.0,32900000.0,32900000.0,216400000.0,0,31897.26,0.0,0
2025-12-15,ATM-004,Gas Station,Jakarta Pusat,400000000,216400000.0,0.0,38600000.0,38600000.0,177800000.0,0,27000.0,0.0,0
2025-12-16,ATM-004,Gas Station,Jakarta Pusat,400000000,177800000.0,0.0,36600000.0,36600000.0,141200000.0,0,21849.32,0.0,0
2025-12-17,ATM-004,Gas Station,Jakarta Pusat,400000000,141200000.0,0.0,48800000.0,48800000.0,92400000.0,0,16000.0,0.0,0
2025-12-18,ATM-004,Gas Station,Jakarta Pusat,400000000,92400000.0,0.0,27100000.0,27100000.0,65300000.0,0,10801.37,0.0,0
2025-12-19,ATM-004,Gas Station,Jakarta Pusat,400000000,65300000.0,334700000.0,42500000.0,42500000.0,357500000.0,0,28958.9,159000.0,0
2025-12-20,ATM-004,Gas Station,Jakarta Pusat,400000000,357500000.0,0.0,49900000.0,49900000.0,307600000.0,0,45554.79,0.0,0
2025-12-21,ATM-004,Gas Station,Jakarta Pusat,400000000,307600000.0,0.0,21700000.0,21700000.0,285900000.0,0,40650.68,0.0,0
2025-12-22,ATM-004,Gas Station,Jakarta Pusat,400000000,285900000.0,0.0,45100000.0,45100000.0,240800000.0,0,36075.34,0.0,0
2025-12-23,ATM-004,Gas Station,Jakarta Pusat,400000000,240800000.0,0.0,30800000.0,30800000.0,210000000.0,0,30876.71,0.0,0
2025-12-24,ATM-004,Gas Station,Jakarta Pusat,400000000,210000000.0,0.0,51800000.0,51800000.0,158200000.0,0,25219.18,0.0,0
2025-12-25,ATM-004,Gas Station,Jakarta Pusat,400000000,158200000.0,0.0,31600000.0,31600000.0,126600000.0,0,19506.85,0.0,0
2025-12-26,ATM-004,Gas Station,Jakarta Pusat,400000000,126600000.0,0.0,32800000.0,32800000.0,93800000.0,0,15095.89,0.0,0
2025-12-27,ATM-004,Gas Station,Jakarta Pusat,400000000,93800000.0,0.0,23800000.0,23800000.0,70000000.0,0,11219.18,0.0,0
2025-12-28,ATM-004,Gas Station,Jakarta Pusat,400000000,70000000.0,330000000.0,43000000.0,43000000.0,357000000.0,0,29246.58,159000.0,0
2025-12-29,ATM-004,Gas Station,Jakarta Pusat,400000000,357000000.0,0.0,31500000.0,31500000.0,325500000.0,0,46746.58,0.0,0
2025-12-30,ATM-004,Gas Station,Jakarta Pusat,400000000,325500000.0,0.0,17100000.0,17100000.0,308400000.0,0,43417.81,0.0,0
2025-12-31,ATM-004,Gas Station,Jakarta Pusat,400000000,308400000.0,0.0,31400000.0,31400000.0,277000000.0,0,40095.89,0.0,0
2026-01-01,ATM-004,Gas Station,Jakarta Pusat,400000000,277000000.0,0.0,47300000.0,47300000.0,229700000.0,0,34705.48,0.0,0
2026-01-02,ATM-004,Gas Station,Jakarta Pusat,400000000,229700000.0,0.0,24400000.0,24400000.0,205300000.0,0,29794.52,0.0,0
2026-01-03,ATM-004,Gas Station,Jakarta Pusat,400000000,205300000.0,0.0,47900000.0,47900000.0,157400000.0,0,24842.47,0.0,0
2026-01-04,ATM-004,Gas Station,Jakarta Pusat,400000000,157400000.0,0.0,37400000.0,37400000.0,120000000.0,0,19000.0,0.0,0
2026-01-05,ATM-004,Gas Station,Jakarta Pusat,400000000,120000000.0,0.0,32400000.0,32400000.0,87600000.0,0,14219.18,0.0,0
2026-01-06,ATM-004,Gas Station,Jakarta Pusat,400000000,87600000.0,0.0,35000000.0,35000000.0,52600000.0,0,9602.74,0.0,0
2026-01-07,ATM-004,Gas Station,Jakarta Pusat,400000000,52600000.0,347400000.0,40300000.0,40300000.0,359700000.0,0,28239.73,159000.0,0
2026-01-08,ATM-004,Gas Station,Jakarta Pusat,400000000,359700000.0,0.0,16800000.0,16800000.0,342900000.0,0,48123.29,0.0,0
2026-01-09,ATM-004,Gas Station,Jakarta Pusat,400000000,342900000.0,0.0,31400000.0,31400000.0,311500000.0,0,44821.92,0.0,0
2026-01-10,ATM-004,Gas Station,Jakarta Pusat,400000000,311500000.0,0.0,39800000.0,39800000.0,271700000.0,0,39945.21,0.0,0
2026-01-11,ATM-004,Gas Station,Jakarta Pusat,400000000,271700000.0,0.0,30300000.0,30300000.0,241400000.0,0,35143.84,0.0,0
2026-01-12,ATM-004,Gas Station,Jakarta Pusat,400000000,241400000.0,0.0,26400000.0,26400000.0,215000000.0,0,31260.27,0.0,0
2026-01-13,ATM-004,Gas Station,Jakarta Pusat,400000000,215000000.0,0.0,20700000.0,20700000.0,194300000.0,0,28034.25,0.0,0
2026-01-14,ATM-004,Gas Station,Jakarta Pusat,400000000,194300000.0,0.0,43100000.0,43100000.0,151200000.0,0,23664.38,0.0,0
2026-01-15,ATM-004,Gas Station,Jakarta Pusat,400000000,151200000.0,0.0,27100000.0,27100000.0,124100000.0,0,18856.16,0.0,0
2026-01-16,ATM-004,Gas Station,Jakarta Pusat,400000000,124100000.0,0.0,30600000.0,30600000.0,93500000.0,0,14904.11,0.0,0
2026-01-17,ATM-004,Gas Station,Jakarta Pusat,400000000,93500000.0,0.0,31800000.0,31800000.0,61700000.0,0,10630.14,0.0,0
2026-01-18,ATM-004,Gas Station,Jakarta Pusat,400000000,61700000.0,338300000.0,23600000.0,23600000.0,376400000.0,0,30006.85,159000.0,0
2026-01-19,ATM-004,Gas Station,Jakarta Pusat,400000000,376400000.0,0.0,34500000.0,34500000.0,341900000.0,0,49198.63,0.0,0
2026-01-20,ATM-004,Gas Station,Jakarta Pusat,400000000,341900000.0,0.0,34600000.0,34600000.0,307300000.0,0,44465.75,0.0,0
2026-01-21,ATM-004,Gas Station,Jakarta Pusat,400000000,307300000.0,0.0,26900000.0,26900000.0,280400000.0,0,40253.42,0.0,0
2026-01-22,ATM-004,Gas Station,Jakarta Pusat,400000000,280400000.0,0.0,22300000.0,22300000.0,258100000.0,0,36883.56,0.0,0
2026-01-23,ATM-004,Gas Station,Jakarta Pusat,400000000,258100000.0,0.0,42100000.0,42100000.0,216000000.0,0,32472.6,0.0,0
2026-01-24,ATM-004,Gas Station,Jakarta Pusat,400000000,216000000.0,0.0,35000000.0,35000000.0,181000000.0,0,27191.78,0.0,0
2026-01-25,ATM-004,Gas Station,Jakarta Pusat,400000000,181000000.0,0.0,36000000.0,36000000.0,145000000.0,0,22328.77,0.0,0
2026-01-26,ATM-004,Gas Station,Jakarta Pusat,400000000,145000000.0,0.0,44600000.0,44600000.0,100400000.0,0,16808.22,0.0,0
2026-01-27,ATM-004,Gas Station,Jakarta Pusat,400000000,100400000.0,0.0,22900000.0,22900000.0,77500000.0,0,12184.93,0.0,0
2026-01-28,ATM-004,Gas Station,Jakarta Pusat,400000000,77500000.0,322500000.0,33200000.0,33200000.0,366800000.0,0,30431.51,159000.0,0
2026-01-29,ATM-004,Gas Station,Jakarta Pusat,400000000,366800000.0,0.0,43100000.0,43100000.0,323700000.0,0,47294.52,0.0,0
2026-01-30,ATM-004,Gas Station,Jakarta Pusat,400000000,323700000.0,0.0,39200000.0,39200000.0,284500000.0,0,41657.53,0.0,0
2026-01-31,ATM-004,Gas Station,Jakarta Pusat,400000000,284500000.0,0.0,21700000.0,21700000.0,262800000.0,0,37486.3,0.0,0
2026-02-01,ATM-004,Gas Station,Jakarta Pusat,400000000,262800000.0,0.0,38600000.0,38600000.0,224200000.0,0,33356.16,0.0,0
2026-02-02,ATM-004,Gas Station,Jakarta Pusat,400000000,224200000.0,0.0,42800000.0,42800000.0,181400000.0,0,27780.82,0.0,0
2026-02-03,ATM-004,Gas Station,Jakarta Pusat,400000000,181400000.0,0.0,43000000.0,43000000.0,138400000.0,0,21904.11,0.0,0
2026-02-04,ATM-004,Gas Station,Jakarta Pusat,400000000,138400000.0,0.0,36600000.0,36600000.0,101800000.0,0,16452.05,0.0,0
2026-02-05,ATM-004,Gas Station,Jakarta Pusat,400000000,101800000.0,0.0,42600000.0,42600000.0,59200000.0,0,11027.4,0.0,0
2026-02-06,ATM-004,Gas Station,Jakarta Pusat,400000000,59200000.0,340800000.0,23500000.0,23500000.0,376500000.0,0,29842.47,159000.0,0
2026-02-07,ATM-004,Gas Station,Jakarta Pusat,400000000,376500000.0,0.0,21200000.0,21200000.0,355300000.0,0,50123.29,0.0,0
2026-02-08,ATM-004,Gas Station,Jakarta Pusat,400000000,355300000.0,0.0,48300000.0,48300000.0,307000000.0,0,45363.01,0.0,0
2026-02-09,ATM-004,Gas Station,Jakarta Pusat,400000000,307000000.0,0.0,50500000.0,50500000.0,256500000.0,0,38595.89,0.0,0
2026-02-10,ATM-004,Gas Station,Jakarta Pusat,400000000,256500000.0,0.0,30400000.0,30400000.0,226100000.0,0,33054.79,0.0,0
2026-02-11,ATM-004,Gas Station,Jakarta Pusat,400000000,226100000.0,0.0,24300000.0,24300000.0,201800000.0,0,29308.22,0.0,0
2026-02-12,ATM-004,Gas Station,Jakarta Pusat,400000000,201800000.0,0.0,49800000.0,49800000.0,152000000.0,0,24232.88,0.0,0
2026-02-13,ATM-004,Gas Station,Jakarta Pusat,400000000,152000000.0,0.0,25500000.0,25500000.0,126500000.0,0,19075.34,0.0,0
2026-02-14,ATM-004,Gas Station,Jakarta Pusat,400000000,126500000.0,0.0,35900000.0,35900000.0,90600000.0,0,14869.86,0.0,0
2026-02-15,ATM-004,Gas Station,Jakarta Pusat,400000000,90600000.0,0.0,49000000.0,49000000.0,41600000.0,0,9054.79,0.0,0
2026-02-16,ATM-004,Gas Station,Jakarta Pusat,400000000,41600000.0,358400000.0,37600000.0,37600000.0,362400000.0,0,27671.23,159000.0,0
2026-02-17,ATM-004,Gas Station,Jakarta Pusat,400000000,362400000.0,0.0,34900000.0,34900000.0,327500000.0,0,47253.42,0.0,0
2026-02-18,ATM-004,Gas Station,Jakarta Pusat,400000000,327500000.0,0.0,48100000.0,48100000.0,279400000.0,0,41568.49,0.0,0
2026-02-19,ATM-004,Gas Station,Jakarta Pusat,400000000,279400000.0,0.0,48000000.0,48000000.0,231400000.0,0,34986.3,0.0,0
2026-02-20,ATM-004,Gas Station,Jakarta Pusat,400000000,231400000.0,0.0,23300000.0,23300000.0,208100000.0,0,30102.74,0.0,0
2026-02-21,ATM-004,Gas Station,Jakarta Pusat,400000000,208100000.0,0.0,45500000.0,45500000.0,162600000.0,0,25390.41,0.0,0
2026-02-22,ATM-004,Gas Station,Jakarta Pusat,400000000,162600000.0,0.0,24700000.0,24700000.0,137900000.0,0,20582.19,0.0,0
2026-02-23,ATM-004,Gas Station,Jakarta Pusat,400000000,137900000.0,0.0,36700000.0,36700000.0,101200000.0,0,16376.71,0.0,0
2026-02-24,ATM-004,Gas Station,Jakarta Pusat,400000000,101200000.0,0.0,37000000.0,37000000.0,64200000.0,0,11328.77,0.0,0
2026-02-25,ATM-004,Gas Station,Jakarta Pusat,400000000,64200000.0,335800000.0,38300000.0,38300000.0,361700000.0,0,29171.23,159000.0,0
2026-02-26,ATM-004,Gas Station,Jakarta Pusat,400000000,361700000.0,0.0,24400000.0,24400000.0,337300000.0,0,47876.71,0.0,0
2026-02-27,ATM-004,Gas Station,Jakarta Pusat,400000000,337300000.0,0.0,36700000.0,36700000.0,300600000.0,0,43691.78,0.0,0
2026-02-28,ATM-004,Gas Station,Jakarta Pusat,400000000,300600000.0,0.0,33700000.0,33700000.0,266900000.0,0,38869.86,0.0,0
2026-03-01,ATM-004,Gas Station,Jakarta Pusat,400000000,266900000.0,0.0,40200000.0,40200000.0,226700000.0,0,33808.22,0.0,0
2026-03-02,ATM-004,Gas Station,Jakarta Pusat,400000000,226700000.0,0.0,37000000.0,37000000.0,189700000.0,0,28520.55,0.0,0
2026-03-03,ATM-004,Gas Station,Jakarta Pusat,400000000,189700000.0,0.0,47200000.0,47200000.0,142500000.0,0,22753.42,0.0,0
2026-03-04,ATM-004,Gas Station,Jakarta Pusat,400000000,142500000.0,0.0,41600000.0,41600000.0,100900000.0,0,16671.23,0.0,0
2026-03-05,ATM-004,Gas Station,Jakarta Pusat,400000000,100900000.0,0.0,42500000.0,42500000.0,58400000.0,0,10910.96,0.0,0
2026-03-06,ATM-004,Gas Station,Jakarta Pusat,400000000,58400000.0,341600000.0,17400000.0,17400000.0,382600000.0,0,30205.48,159000.0,0
2026-03-07,ATM-004,Gas Station,Jakarta Pusat,400000000,382600000.0,0.0,41000000.0,41000000.0,341600000.0,0,49602.74,0.0,0
2026-03-08,ATM-004,Gas Station,Jakarta Pusat,400000000,341600000.0,0.0,32300000.0,32300000.0,309300000.0,0,44582.19,0.0,0
2026-03-09,ATM-004,Gas Station,Jakarta Pusat,400000000,309300000.0,0.0,40900000.0,40900000.0,268400000.0,0,39568.49,0.0,0
2026-03-10,ATM-004,Gas Station,Jakarta Pusat,400000000,268400000.0,0.0,46000000.0,46000000.0,222400000.0,0,33616.44,0.0,0
2026-03-11,ATM-004,Gas Station,Jakarta Pusat,400000000,222400000.0,0.0,44200000.0,44200000.0,178200000.0,0,27438.36,0.0,0
2026-03-12,ATM-004,Gas Station,Jakarta Pusat,400000000,178200000.0,0.0,34400000.0,34400000.0,143800000.0,0,22054.79,0.0,0
2026-03-13,ATM-004,Gas Station,Jakarta Pusat,400000000,143800000.0,0.0,35500000.0,35500000.0,108300000.0,0,17267.12,0.0,0
2026-03-14,ATM-004,Gas Station,Jakarta Pusat,400000000,108300000.0,0.0,25600000.0,25600000.0,82700000.0,0,13082.19,0.0,0
2026-03-15,ATM-004,Gas Station,Jakarta Pusat,400000000,82700000.0,0.0,33400000.0,33400000.0,49300000.0,0,9041.1,0.0,0
2026-03-16,ATM-004,Gas Station,Jakarta Pusat,400000000,49300000.0,350700000.0,33300000.0,33300000.0,366700000.0,0,28493.15,159000.0,0
2026-03-17,ATM-004,Gas Station,Jakarta Pusat,400000000,366700000.0,0.0,27200000.0,27200000.0,339500000.0,0,48369.86,0.0,0
2026-03-18,ATM-004,Gas Station,Jakarta Pusat,400000000,339500000.0,0.0,45600000.0,45600000.0,293900000.0,0,43383.56,0.0,0
2026-03-19,ATM-004,Gas Station,Jakarta Pusat,400000000,293900000.0,0.0,47300000.0,47300000.0,246600000.0,0,37020.55,0.0,0
2026-03-20,ATM-004,Gas Station,Jakarta Pusat,400000000,246600000.0,0.0,27000000.0,27000000.0,219600000.0,0,31931.51,0.0,0
2026-03-21,ATM-004,Gas Station,Jakarta Pusat,400000000,219600000.0,0.0,38900000.0,38900000.0,180700000.0,0,27417.81,0.0,0
2026-03-22,ATM-004,Gas Station,Jakarta Pusat,400000000,180700000.0,0.0,27900000.0,27900000.0,152800000.0,0,22842.47,0.0,0
2026-03-23,ATM-004,Gas Station,Jakarta Pusat,400000000,152800000.0,0.0,46000000.0,46000000.0,106800000.0,0,17780.82,0.0,0
2026-03-24,ATM-004,Gas Station,Jakarta Pusat,400000000,106800000.0,0.0,27800000.0,27800000.0,79000000.0,0,12726.03,0.0,0
2026-03-25,ATM-004,Gas Station,Jakarta Pusat,400000000,79000000.0,321000000.0,22300000.0,22300000.0,377700000.0,0,31280.82,159000.0,0
2026-03-26,ATM-004,Gas Station,Jakarta Pusat,400000000,377700000.0,0.0,53300000.0,53300000.0,324400000.0,0,48089.04,0.0,0
2026-03-27,ATM-004,Gas Station,Jakarta Pusat,400000000,324400000.0,0.0,48400000.0,48400000.0,276000000.0,0,41123.29,0.0,0
2026-03-28,ATM-004,Gas Station,Jakarta Pusat,400000000,276000000.0,0.0,43700000.0,43700000.0,232300000.0,0,34815.07,0.0,0
2026-03-29,ATM-004,Gas Station,Jakarta Pusat,400000000,232300000.0,0.0,29900000.0,29900000.0,202400000.0,0,29773.97,0.0,0
2026-03-30,ATM-004,Gas Station,Jakarta Pusat,400000000,202400000.0,0.0,22300000.0,22300000.0,180100000.0,0,26198.63,0.0,0
2026-03-31,ATM-004,Gas Station,Jakarta Pusat,400000000,180100000.0,0.0,35400000.0,35400000.0,144700000.0,0,22246.58,0.0,0
2026-04-01,ATM-004,Gas Station,Jakarta Pusat,400000000,144700000.0,0.0,34700000.0,34700000.0,110000000.0,0,17445.21,0.0,0
2026-04-02,ATM-004,Gas Station,Jakarta Pusat,400000000,110000000.0,0.0,45000000.0,45000000.0,65000000.0,0,11986.3,0.0,0
2026-04-03,ATM-004,Gas Station,Jakarta Pusat,400000000,65000000.0,335000000.0,32000000.0,32000000.0,368000000.0,0,29657.53,159000.0,0
2026-04-04,ATM-004,Gas Station,Jakarta Pusat,400000000,368000000.0,0.0,35100000.0,35100000.0,332900000.0,0,48006.85,0.0,0
2026-04-05,ATM-004,Gas Station,Jakarta Pusat,400000000,332900000.0,0.0,42000000.0,42000000.0,290900000.0,0,42726.03,0.0,0
2026-04-06,ATM-004,Gas Station,Jakarta Pusat,400000000,290900000.0,0.0,48600000.0,48600000.0,242300000.0,0,36520.55,0.0,0
2026-04-07,ATM-004,Gas Station,Jakarta Pusat,400000000,242300000.0,0.0,26400000.0,26400000.0,215900000.0,0,31383.56,0.0,0
2026-04-08,ATM-004,Gas Station,Jakarta Pusat,400000000,215900000.0,0.0,38500000.0,38500000.0,177400000.0,0,26938.36,0.0,0
2026-04-09,ATM-004,Gas Station,Jakarta Pusat,400000000,177400000.0,0.0,37900000.0,37900000.0,139500000.0,0,21705.48,0.0,0
2026-04-10,ATM-004,Gas Station,Jakarta Pusat,400000000,139500000.0,0.0,51500000.0,51500000.0,88000000.0,0,15582.19,0.0,0
2026-04-11,ATM-004,Gas Station,Jakarta Pusat,400000000,88000000.0,0.0,34200000.0,34200000.0,53800000.0,0,9712.33,0.0,0
2026-04-12,ATM-004,Gas Station,Jakarta Pusat,400000000,53800000.0,346200000.0,47700000.0,47700000.0,352300000.0,0,27815.07,159000.0,0
2026-04-13,ATM-004,Gas Station,Jakarta Pusat,400000000,352300000.0,0.0,38900000.0,38900000.0,313400000.0,0,45595.89,0.0,0
2026-04-14,ATM-004,Gas Station,Jakarta Pusat,400000000,313400000.0,0.0,20400000.0,20400000.0,293000000.0,0,41534.25,0.0,0
2026-04-15,ATM-004,Gas Station,Jakarta Pusat,400000000,293000000.0,0.0,23200000.0,23200000.0,269800000.0,0,38547.95,0.0,0
2026-04-16,ATM-004,Gas Station,Jakarta Pusat,400000000,269800000.0,0.0,38700000.0,38700000.0,231100000.0,0,34308.22,0.0,0
2026-04-17,ATM-004,Gas Station,Jakarta Pusat,400000000,231100000.0,0.0,55800000.0,55800000.0,175300000.0,0,27835.62,0.0,0
2026-04-18,ATM-004,Gas Station,Jakarta Pusat,400000000,175300000.0,0.0,40900000.0,40900000.0,134400000.0,0,21212.33,0.0,0
2026-04-19,ATM-004,Gas Station,Jakarta Pusat,400000000,134400000.0,0.0,39800000.0,39800000.0,94600000.0,0,15684.93,0.0,0
2026-04-20,ATM-004,Gas Station,Jakarta Pusat,400000000,94600000.0,0.0,21900000.0,21900000.0,72700000.0,0,11458.9,0.0,0
2026-04-21,ATM-004,Gas Station,Jakarta Pusat,400000000,72700000.0,327300000.0,36000000.0,36000000.0,364000000.0,0,29910.96,159000.0,0
2026-04-22,ATM-004,Gas Station,Jakarta Pusat,400000000,364000000.0,0.0,29500000.0,29500000.0,334500000.0,0,47842.47,0.0,0
2026-04-23,ATM-004,Gas Station,Jakarta Pusat,400000000,334500000.0,0.0,26200000.0,26200000.0,308300000.0,0,44027.4,0.0,0
2026-04-24,ATM-004,Gas Station,Jakarta Pusat,400000000,308300000.0,0.0,43400000.0,43400000.0,264900000.0,0,39260.27,0.0,0
2026-04-25,ATM-004,Gas Station,Jakarta Pusat,400000000,264900000.0,0.0,46400000.0,46400000.0,218500000.0,0,33109.59,0.0,0
2026-04-26,ATM-004,Gas Station,Jakarta Pusat,400000000,218500000.0,0.0,36300000.0,36300000.0,182200000.0,0,27445.21,0.0,0
2026-04-27,ATM-004,Gas Station,Jakarta Pusat,400000000,182200000.0,0.0,22600000.0,22600000.0,159600000.0,0,23410.96,0.0,0
2026-04-28,ATM-004,Gas Station,Jakarta Pusat,400000000,159600000.0,0.0,39600000.0,39600000.0,120000000.0,0,19150.68,0.0,0
2026-04-29,ATM-004,Gas Station,Jakarta Pusat,400000000,120000000.0,0.0,41600000.0,41600000.0,78400000.0,0,13589.04,0.0,0
2026-04-30,ATM-004,Gas Station,Jakarta Pusat,400000000,78400000.0,321600000.0,39100000.0,39100000.0,360900000.0,0,30089.04,159000.0,0
2026-05-01,ATM-004,Gas Station,Jakarta Pusat,400000000,360900000.0,0.0,35500000.0,35500000.0,325400000.0,0,47006.85,0.0,0
2026-05-02,ATM-004,Gas Station,Jakarta Pusat,400000000,325400000.0,0.0,48400000.0,48400000.0,277000000.0,0,41260.27,0.0,0
2026-05-03,ATM-004,Gas Station,Jakarta Pusat,400000000,277000000.0,0.0,47400000.0,47400000.0,229600000.0,0,34698.63,0.0,0
2026-05-04,ATM-004,Gas Station,Jakarta Pusat,400000000,229600000.0,0.0,24000000.0,24000000.0,205600000.0,0,29808.22,0.0,0
2026-05-05,ATM-004,Gas Station,Jakarta Pusat,400000000,205600000.0,0.0,21300000.0,21300000.0,184300000.0,0,26705.48,0.0,0
2026-05-06,ATM-004,Gas Station,Jakarta Pusat,400000000,184300000.0,0.0,30400000.0,30400000.0,153900000.0,0,23164.38,0.0,0
2026-05-07,ATM-004,Gas Station,Jakarta Pusat,400000000,153900000.0,0.0,35300000.0,35300000.0,118600000.0,0,18664.38,0.0,0
2026-05-08,ATM-004,Gas Station,Jakarta Pusat,400000000,118600000.0,0.0,45400000.0,45400000.0,73200000.0,0,13136.99,0.0,0
2026-05-09,ATM-004,Gas Station,Jakarta Pusat,400000000,73200000.0,326800000.0,54500000.0,54500000.0,345500000.0,0,28678.08,159000.0,0
2026-05-10,ATM-004,Gas Station,Jakarta Pusat,400000000,345500000.0,0.0,22700000.0,22700000.0,322800000.0,0,45773.97,0.0,0
2026-05-11,ATM-004,Gas Station,Jakarta Pusat,400000000,322800000.0,0.0,34200000.0,34200000.0,288600000.0,0,41876.71,0.0,0
2026-05-12,ATM-004,Gas Station,Jakarta Pusat,400000000,288600000.0,0.0,30800000.0,30800000.0,257800000.0,0,37424.66,0.0,0
2026-05-13,ATM-004,Gas Station,Jakarta Pusat,400000000,257800000.0,0.0,23000000.0,23000000.0,234800000.0,0,33739.73,0.0,0
2026-05-14,ATM-004,Gas Station,Jakarta Pusat,400000000,234800000.0,0.0,27400000.0,27400000.0,207400000.0,0,30287.67,0.0,0
2026-05-15,ATM-004,Gas Station,Jakarta Pusat,400000000,207400000.0,0.0,34600000.0,34600000.0,172800000.0,0,26041.1,0.0,0
2026-05-16,ATM-004,Gas Station,Jakarta Pusat,400000000,172800000.0,0.0,39700000.0,39700000.0,133100000.0,0,20952.05,0.0,0
2026-05-17,ATM-004,Gas Station,Jakarta Pusat,400000000,133100000.0,0.0,30700000.0,30700000.0,102400000.0,0,16130.14,0.0,0
2026-05-18,ATM-004,Gas Station,Jakarta Pusat,400000000,102400000.0,0.0,32500000.0,32500000.0,69900000.0,0,11801.37,0.0,0
2026-05-19,ATM-004,Gas Station,Jakarta Pusat,400000000,69900000.0,330100000.0,35200000.0,35200000.0,364800000.0,0,29773.97,159000.0,0
2025-11-01,ATM-005,Residential Area,Jakarta Selatan,400000000,299851000.0,0.0,34300000.0,34300000.0,265551000.0,0,38726.16,0.0,0
2025-11-02,ATM-005,Residential Area,Jakarta Selatan,400000000,265551000.0,0.0,68000000.0,68000000.0,197551000.0,0,31719.32,0.0,0
2025-11-03,ATM-005,Residential Area,Jakarta Selatan,400000000,197551000.0,0.0,60800000.0,60800000.0,136751000.0,0,22897.4,0.0,0
2025-11-04,ATM-005,Residential Area,Jakarta Selatan,400000000,136751000.0,0.0,36200000.0,36200000.0,100551000.0,0,16253.56,0.0,0
2025-11-05,ATM-005,Residential Area,Jakarta Selatan,400000000,100551000.0,0.0,57400000.0,57400000.0,43151000.0,0,9842.6,0.0,0
2025-11-06,ATM-005,Residential Area,Jakarta Selatan,400000000,43151000.0,356849000.0,55500000.0,55500000.0,344500000.0,0,26551.44,302000.0,0
2025-11-07,ATM-005,Residential Area,Jakarta Selatan,400000000,344500000.0,0.0,58600000.0,58600000.0,285900000.0,0,43178.08,0.0,0
2025-11-08,ATM-005,Residential Area,Jakarta Selatan,400000000,285900000.0,0.0,54500000.0,54500000.0,231400000.0,0,35431.51,0.0,0
2025-11-09,ATM-005,Residential Area,Jakarta Selatan,400000000,231400000.0,0.0,65300000.0,65300000.0,166100000.0,0,27226.03,0.0,0
2025-11-10,ATM-005,Residential Area,Jakarta Selatan,400000000,166100000.0,0.0,42900000.0,42900000.0,123200000.0,0,19815.07,0.0,0
2025-11-11,ATM-005,Residential Area,Jakarta Selatan,400000000,123200000.0,0.0,46400000.0,46400000.0,76800000.0,0,13698.63,0.0,0
2025-11-12,ATM-005,Residential Area,Jakarta Selatan,400000000,76800000.0,323200000.0,43200000.0,43200000.0,356800000.0,0,29698.63,302000.0,0
2025-11-13,ATM-005,Residential Area,Jakarta Selatan,400000000,356800000.0,0.0,55500000.0,55500000.0,301300000.0,0,45075.34,0.0,0
2025-11-14,ATM-005,Residential Area,Jakarta Selatan,400000000,301300000.0,0.0,49200000.0,49200000.0,252100000.0,0,37904.11,0.0,0
2025-11-15,ATM-005,Residential Area,Jakarta Selatan,400000000,252100000.0,0.0,48500000.0,48500000.0,203600000.0,0,31212.33,0.0,0
2025-11-16,ATM-005,Residential Area,Jakarta Selatan,400000000,203600000.0,0.0,66100000.0,66100000.0,137500000.0,0,23363.01,0.0,0
2025-11-17,ATM-005,Residential Area,Jakarta Selatan,400000000,137500000.0,0.0,57800000.0,57800000.0,79700000.0,0,14876.71,0.0,0
2025-11-18,ATM-005,Residential Area,Jakarta Selatan,400000000,79700000.0,320300000.0,74400000.0,74400000.0,325600000.0,0,27760.27,302000.0,0
2025-11-19,ATM-005,Residential Area,Jakarta Selatan,400000000,325600000.0,0.0,38100000.0,38100000.0,287500000.0,0,41993.15,0.0,0
2025-11-20,ATM-005,Residential Area,Jakarta Selatan,400000000,287500000.0,0.0,40900000.0,40900000.0,246600000.0,0,36582.19,0.0,0
2025-11-21,ATM-005,Residential Area,Jakarta Selatan,400000000,246600000.0,0.0,33100000.0,33100000.0,213500000.0,0,31513.7,0.0,0
2025-11-22,ATM-005,Residential Area,Jakarta Selatan,400000000,213500000.0,0.0,48100000.0,48100000.0,165400000.0,0,25952.05,0.0,0
2025-11-23,ATM-005,Residential Area,Jakarta Selatan,400000000,165400000.0,0.0,54600000.0,54600000.0,110800000.0,0,18917.81,0.0,0
2025-11-24,ATM-005,Residential Area,Jakarta Selatan,400000000,110800000.0,0.0,45100000.0,45100000.0,65700000.0,0,12089.04,0.0,0
2025-11-25,ATM-005,Residential Area,Jakarta Selatan,400000000,65700000.0,334300000.0,43700000.0,43700000.0,356300000.0,0,28904.11,302000.0,0
2025-11-26,ATM-005,Residential Area,Jakarta Selatan,400000000,356300000.0,0.0,54800000.0,54800000.0,301500000.0,0,45054.79,0.0,0
2025-11-27,ATM-005,Residential Area,Jakarta Selatan,400000000,301500000.0,0.0,49200000.0,49200000.0,252300000.0,0,37931.51,0.0,0
2025-11-28,ATM-005,Residential Area,Jakarta Selatan,400000000,252300000.0,0.0,55600000.0,55600000.0,196700000.0,0,30753.42,0.0,0
2025-11-29,ATM-005,Residential Area,Jakarta Selatan,400000000,196700000.0,0.0,47300000.0,47300000.0,149400000.0,0,23705.48,0.0,0
2025-11-30,ATM-005,Residential Area,Jakarta Selatan,400000000,149400000.0,0.0,47800000.0,47800000.0,101600000.0,0,17191.78,0.0,0
2025-12-01,ATM-005,Residential Area,Jakarta Selatan,400000000,101600000.0,0.0,71500000.0,71500000.0,30100000.0,0,9020.55,0.0,0
2025-12-02,ATM-005,Residential Area,Jakarta Selatan,400000000,30100000.0,369900000.0,67400000.0,67400000.0,332600000.0,0,24842.47,302000.0,0
2025-12-03,ATM-005,Residential Area,Jakarta Selatan,400000000,332600000.0,0.0,46600000.0,46600000.0,286000000.0,0,42369.86,0.0,0
2025-12-04,ATM-005,Residential Area,Jakarta Selatan,400000000,286000000.0,0.0,58100000.0,58100000.0,227900000.0,0,35198.63,0.0,0
2025-12-05,ATM-005,Residential Area,Jakarta Selatan,400000000,227900000.0,0.0,68100000.0,68100000.0,159800000.0,0,26554.79,0.0,0
2025-12-06,ATM-005,Residential Area,Jakarta Selatan,400000000,159800000.0,0.0,57800000.0,57800000.0,102000000.0,0,17931.51,0.0,0
2025-12-07,ATM-005,Residential Area,Jakarta Selatan,400000000,102000000.0,0.0,46300000.0,46300000.0,55700000.0,0,10801.37,0.0,0
2025-12-08,ATM-005,Residential Area,Jakarta Selatan,400000000,55700000.0,344300000.0,57800000.0,57800000.0,342200000.0,0,27253.42,302000.0,0
2025-12-09,ATM-005,Residential Area,Jakarta Selatan,400000000,342200000.0,0.0,54700000.0,54700000.0,287500000.0,0,43130.14,0.0,0
2025-12-10,ATM-005,Residential Area,Jakarta Selatan,400000000,287500000.0,0.0,46500000.0,46500000.0,241000000.0,0,36198.63,0.0,0
2025-12-11,ATM-005,Residential Area,Jakarta Selatan,400000000,241000000.0,0.0,57300000.0,57300000.0,183700000.0,0,29089.04,0.0,0
2025-12-12,ATM-005,Residential Area,Jakarta Selatan,400000000,183700000.0,0.0,28500000.0,28500000.0,155200000.0,0,23212.33,0.0,0
2025-12-13,ATM-005,Residential Area,Jakarta Selatan,400000000,155200000.0,0.0,38800000.0,38800000.0,116400000.0,0,18602.74,0.0,0
2025-12-14,ATM-005,Residential Area,Jakarta Selatan,400000000,116400000.0,0.0,51500000.0,51500000.0,64900000.0,0,12417.81,0.0,0
2025-12-15,ATM-005,Residential Area,Jakarta Selatan,400000000,64900000.0,335100000.0,76800000.0,76800000.0,323200000.0,0,26582.19,302000.0,0
2025-12-16,ATM-005,Residential Area,Jakarta Selatan,400000000,323200000.0,0.0,49000000.0,49000000.0,274200000.0,0,40917.81,0.0,0
2025-12-17,ATM-005,Residential Area,Jakarta Selatan,400000000,274200000.0,0.0,31400000.0,31400000.0,242800000.0,0,35410.96,0.0,0
2025-12-18,ATM-005,Residential Area,Jakarta Selatan,400000000,242800000.0,0.0,45800000.0,45800000.0,197000000.0,0,30123.29,0.0,0
2025-12-19,ATM-005,Residential Area,Jakarta Selatan,400000000,197000000.0,0.0,47200000.0,47200000.0,149800000.0,0,23753.42,0.0,0
2025-12-20,ATM-005,Residential Area,Jakarta Selatan,400000000,149800000.0,0.0,43000000.0,43000000.0,106800000.0,0,17575.34,0.0,0
2025-12-21,ATM-005,Residential Area,Jakarta Selatan,400000000,106800000.0,0.0,41100000.0,41100000.0,65700000.0,0,11815.07,0.0,0
2025-12-22,ATM-005,Residential Area,Jakarta Selatan,400000000,65700000.0,334300000.0,66300000.0,66300000.0,333700000.0,0,27356.16,302000.0,0
2025-12-23,ATM-005,Residential Area,Jakarta Selatan,400000000,333700000.0,0.0,60000000.0,60000000.0,273700000.0,0,41602.74,0.0,0
2025-12-24,ATM-005,Residential Area,Jakarta Selatan,400000000,273700000.0,0.0,47700000.0,47700000.0,226000000.0,0,34226.03,0.0,0
2025-12-25,ATM-005,Residential Area,Jakarta Selatan,400000000,226000000.0,0.0,40800000.0,40800000.0,185200000.0,0,28164.38,0.0,0
2025-12-26,ATM-005,Residential Area,Jakarta Selatan,400000000,185200000.0,0.0,46400000.0,46400000.0,138800000.0,0,22191.78,0.0,0
2025-12-27,ATM-005,Residential Area,Jakarta Selatan,400000000,138800000.0,0.0,38400000.0,38400000.0,100400000.0,0,16383.56,0.0,0
2025-12-28,ATM-005,Residential Area,Jakarta Selatan,400000000,100400000.0,0.0,41400000.0,41400000.0,59000000.0,0,10917.81,0.0,0
2025-12-29,ATM-005,Residential Area,Jakarta Selatan,400000000,59000000.0,341000000.0,40100000.0,40100000.0,359900000.0,0,28691.78,302000.0,0
2025-12-30,ATM-005,Residential Area,Jakarta Selatan,400000000,359900000.0,0.0,75300000.0,75300000.0,284600000.0,0,44143.84,0.0,0
2025-12-31,ATM-005,Residential Area,Jakarta Selatan,400000000,284600000.0,0.0,34700000.0,34700000.0,249900000.0,0,36609.59,0.0,0
2026-01-01,ATM-005,Residential Area,Jakarta Selatan,400000000,249900000.0,0.0,54300000.0,54300000.0,195600000.0,0,30513.7,0.0,0
2026-01-02,ATM-005,Residential Area,Jakarta Selatan,400000000,195600000.0,0.0,78000000.0,78000000.0,117600000.0,0,21452.05,0.0,0
2026-01-03,ATM-005,Residential Area,Jakarta Selatan,400000000,117600000.0,0.0,76500000.0,76500000.0,41100000.0,0,10869.86,0.0,0
2026-01-04,ATM-005,Residential Area,Jakarta Selatan,400000000,41100000.0,358900000.0,38100000.0,38100000.0,361900000.0,0,27602.74,302000.0,0
2026-01-05,ATM-005,Residential Area,Jakarta Selatan,400000000,361900000.0,0.0,55000000.0,55000000.0,306900000.0,0,45808.22,0.0,0
2026-01-06,ATM-005,Residential Area,Jakarta Selatan,400000000,306900000.0,0.0,43000000.0,43000000.0,263900000.0,0,39095.89,0.0,0
2026-01-07,ATM-005,Residential Area,Jakarta Selatan,400000000,263900000.0,0.0,43300000.0,43300000.0,220600000.0,0,33184.93,0.0,0
2026-01-08,ATM-005,Residential Area,Jakarta Selatan,400000000,220600000.0,0.0,60500000.0,60500000.0,160100000.0,0,26075.34,0.0,0
2026-01-09,ATM-005,Residential Area,Jakarta Selatan,400000000,160100000.0,0.0,49500000.0,49500000.0,110600000.0,0,18541.1,0.0,0
2026-01-10,ATM-005,Residential Area,Jakarta Selatan,400000000,110600000.0,0.0,56500000.0,56500000.0,54100000.0,0,11280.82,0.0,0
2026-01-11,ATM-005,Residential Area,Jakarta Selatan,400000000,54100000.0,345900000.0,42400000.0,42400000.0,357600000.0,0,28198.63,302000.0,0
2026-01-12,ATM-005,Residential Area,Jakarta Selatan,400000000,357600000.0,0.0,54100000.0,54100000.0,303500000.0,0,45280.82,0.0,0
2026-01-13,ATM-005,Residential Area,Jakarta Selatan,400000000,303500000.0,0.0,31000000.0,31000000.0,272500000.0,0,39452.05,0.0,0
2026-01-14,ATM-005,Residential Area,Jakarta Selatan,400000000,272500000.0,0.0,49300000.0,49300000.0,223200000.0,0,33952.05,0.0,0
2026-01-15,ATM-005,Residential Area,Jakarta Selatan,400000000,223200000.0,0.0,48800000.0,48800000.0,174400000.0,0,27232.88,0.0,0
2026-01-16,ATM-005,Residential Area,Jakarta Selatan,400000000,174400000.0,0.0,60900000.0,60900000.0,113500000.0,0,19719.18,0.0,0
2026-01-17,ATM-005,Residential Area,Jakarta Selatan,400000000,113500000.0,0.0,54300000.0,54300000.0,59200000.0,0,11828.77,0.0,0
2026-01-18,ATM-005,Residential Area,Jakarta Selatan,400000000,59200000.0,340800000.0,64500000.0,64500000.0,335500000.0,0,27034.25,302000.0,0
2026-01-19,ATM-005,Residential Area,Jakarta Selatan,400000000,335500000.0,0.0,45000000.0,45000000.0,290500000.0,0,42876.71,0.0,0
2026-01-20,ATM-005,Residential Area,Jakarta Selatan,400000000,290500000.0,0.0,45300000.0,45300000.0,245200000.0,0,36691.78,0.0,0
2026-01-21,ATM-005,Residential Area,Jakarta Selatan,400000000,245200000.0,0.0,55400000.0,55400000.0,189800000.0,0,29794.52,0.0,0
2026-01-22,ATM-005,Residential Area,Jakarta Selatan,400000000,189800000.0,0.0,53700000.0,53700000.0,136100000.0,0,22321.92,0.0,0
2026-01-23,ATM-005,Residential Area,Jakarta Selatan,400000000,136100000.0,0.0,69200000.0,69200000.0,66900000.0,0,13904.11,0.0,0
2026-01-24,ATM-005,Residential Area,Jakarta Selatan,400000000,66900000.0,333100000.0,57900000.0,57900000.0,342100000.0,0,28013.7,302000.0,0
2026-01-25,ATM-005,Residential Area,Jakarta Selatan,400000000,342100000.0,0.0,56800000.0,56800000.0,285300000.0,0,42972.6,0.0,0
2026-01-26,ATM-005,Residential Area,Jakarta Selatan,400000000,285300000.0,0.0,80100000.0,80100000.0,205200000.0,0,33595.89,0.0,0
2026-01-27,ATM-005,Residential Area,Jakarta Selatan,400000000,205200000.0,0.0,45800000.0,45800000.0,159400000.0,0,24972.6,0.0,0
2026-01-28,ATM-005,Residential Area,Jakarta Selatan,400000000,159400000.0,0.0,79900000.0,79900000.0,79500000.0,0,16363.01,0.0,0
2026-01-29,ATM-005,Residential Area,Jakarta Selatan,400000000,79500000.0,320500000.0,77100000.0,77100000.0,322900000.0,0,27561.64,302000.0,0
2026-01-30,ATM-005,Residential Area,Jakarta Selatan,400000000,322900000.0,0.0,31200000.0,31200000.0,291700000.0,0,42095.89,0.0,0
2026-01-31,ATM-005,Residential Area,Jakarta Selatan,400000000,291700000.0,0.0,40900000.0,40900000.0,250800000.0,0,37157.53,0.0,0
2026-02-01,ATM-005,Residential Area,Jakarta Selatan,400000000,250800000.0,0.0,49500000.0,49500000.0,201300000.0,0,30965.75,0.0,0
2026-02-02,ATM-005,Residential Area,Jakarta Selatan,400000000,201300000.0,0.0,51600000.0,51600000.0,149700000.0,0,24041.1,0.0,0
2026-02-03,ATM-005,Residential Area,Jakarta Selatan,400000000,149700000.0,0.0,77000000.0,77000000.0,72700000.0,0,15232.88,0.0,0
2026-02-04,ATM-005,Residential Area,Jakarta Selatan,400000000,72700000.0,327300000.0,42700000.0,42700000.0,357300000.0,0,29452.05,302000.0,0
2026-02-05,ATM-005,Residential Area,Jakarta Selatan,400000000,357300000.0,0.0,29800000.0,29800000.0,327500000.0,0,46904.11,0.0,0
2026-02-06,ATM-005,Residential Area,Jakarta Selatan,400000000,327500000.0,0.0,43700000.0,43700000.0,283800000.0,0,41869.86,0.0,0
2026-02-07,ATM-005,Residential Area,Jakarta Selatan,400000000,283800000.0,0.0,41000000.0,41000000.0,242800000.0,0,36068.49,0.0,0
2026-02-08,ATM-005,Residential Area,Jakarta Selatan,400000000,242800000.0,0.0,63300000.0,63300000.0,179500000.0,0,28924.66,0.0,0
2026-02-09,ATM-005,Residential Area,Jakarta Selatan,400000000,179500000.0,0.0,52500000.0,52500000.0,127000000.0,0,20993.15,0.0,0
2026-02-10,ATM-005,Residential Area,Jakarta Selatan,400000000,127000000.0,0.0,74400000.0,74400000.0,52600000.0,0,12301.37,0.0,0
2026-02-11,ATM-005,Residential Area,Jakarta Selatan,400000000,52600000.0,347400000.0,63500000.0,63500000.0,336500000.0,0,26650.68,302000.0,0
2026-02-12,ATM-005,Residential Area,Jakarta Selatan,400000000,336500000.0,0.0,35700000.0,35700000.0,300800000.0,0,43650.68,0.0,0
2026-02-13,ATM-005,Residential Area,Jakarta Selatan,400000000,300800000.0,0.0,32000000.0,32000000.0,268800000.0,0,39013.7,0.0,0
2026-02-14,ATM-005,Residential Area,Jakarta Selatan,400000000,268800000.0,0.0,38600000.0,38600000.0,230200000.0,0,34178.08,0.0,0
2026-02-15,ATM-005,Residential Area,Jakarta Selatan,400000000,230200000.0,0.0,36200000.0,36200000.0,194000000.0,0,29054.79,0.0,0
2026-02-16,ATM-005,Residential Area,Jakarta Selatan,400000000,194000000.0,0.0,71100000.0,71100000.0,122900000.0,0,21705.48,0.0,0
2026-02-17,ATM-005,Residential Area,Jakarta Selatan,400000000,122900000.0,0.0,45800000.0,45800000.0,77100000.0,0,13698.63,0.0,0
2026-02-18,ATM-005,Residential Area,Jakarta Selatan,400000000,77100000.0,322900000.0,32300000.0,32300000.0,367700000.0,0,30465.75,302000.0,0
2026-02-19,ATM-005,Residential Area,Jakarta Selatan,400000000,367700000.0,0.0,47600000.0,47600000.0,320100000.0,0,47109.59,0.0,0
2026-02-20,ATM-005,Residential Area,Jakarta Selatan,400000000,320100000.0,0.0,32000000.0,32000000.0,288100000.0,0,41657.53,0.0,0
2026-02-21,ATM-005,Residential Area,Jakarta Selatan,400000000,288100000.0,0.0,46300000.0,46300000.0,241800000.0,0,36294.52,0.0,0
2026-02-22,ATM-005,Residential Area,Jakarta Selatan,400000000,241800000.0,0.0,71200000.0,71200000.0,170600000.0,0,28246.58,0.0,0
2026-02-23,ATM-005,Residential Area,Jakarta Selatan,400000000,170600000.0,0.0,35900000.0,35900000.0,134700000.0,0,20910.96,0.0,0
2026-02-24,ATM-005,Residential Area,Jakarta Selatan,400000000,134700000.0,0.0,61200000.0,61200000.0,73500000.0,0,14260.27,0.0,0
2026-02-25,ATM-005,Residential Area,Jakarta Selatan,400000000,73500000.0,326500000.0,48500000.0,48500000.0,351500000.0,0,29109.59,302000.0,0
2026-02-26,ATM-005,Residential Area,Jakarta Selatan,400000000,351500000.0,0.0,30400000.0,30400000.0,321100000.0,0,46068.49,0.0,0
2026-02-27,ATM-005,Residential Area,Jakarta Selatan,400000000,321100000.0,0.0,62400000.0,62400000.0,258700000.0,0,39712.33,0.0,0
2026-02-28,ATM-005,Residential Area,Jakarta Selatan,400000000,258700000.0,0.0,47600000.0,47600000.0,211100000.0,0,32178.08,0.0,0
2026-03-01,ATM-005,Residential Area,Jakarta Selatan,400000000,211100000.0,0.0,49600000.0,49600000.0,161500000.0,0,25520.55,0.0,0
2026-03-02,ATM-005,Residential Area,Jakarta Selatan,400000000,161500000.0,0.0,50200000.0,50200000.0,111300000.0,0,18684.93,0.0,0
2026-03-03,ATM-005,Residential Area,Jakarta Selatan,400000000,111300000.0,0.0,44000000.0,44000000.0,67300000.0,0,12232.88,0.0,0
2026-03-04,ATM-005,Residential Area,Jakarta Selatan,400000000,67300000.0,332700000.0,54100000.0,54100000.0,345900000.0,0,28301.37,302000.0,0
2026-03-05,ATM-005,Residential Area,Jakarta Selatan,400000000,345900000.0,0.0,51800000.0,51800000.0,294100000.0,0,43835.62,0.0,0
2026-03-06,ATM-005,Residential Area,Jakarta Selatan,400000000,294100000.0,0.0,34000000.0,34000000.0,260100000.0,0,37958.9,0.0,0
2026-03-07,ATM-005,Residential Area,Jakarta Selatan,400000000,260100000.0,0.0,33100000.0,33100000.0,227000000.0,0,33363.01,0.0,0
2026-03-08,ATM-005,Residential Area,Jakarta Selatan,400000000,227000000.0,0.0,51700000.0,51700000.0,175300000.0,0,27554.79,0.0,0
2026-03-09,ATM-005,Residential Area,Jakarta Selatan,400000000,175300000.0,0.0,33500000.0,33500000.0,141800000.0,0,21719.18,0.0,0
2026-03-10,ATM-005,Residential Area,Jakarta Selatan,400000000,141800000.0,0.0,43000000.0,43000000.0,98800000.0,0,16479.45,0.0,0
2026-03-11,ATM-005,Residential Area,Jakarta Selatan,400000000,98800000.0,0.0,39500000.0,39500000.0,59300000.0,0,10828.77,0.0,0
2026-03-12,ATM-005,Residential Area,Jakarta Selatan,400000000,59300000.0,340700000.0,33800000.0,33800000.0,366200000.0,0,29143.84,302000.0,0
2026-03-13,ATM-005,Residential Area,Jakarta Selatan,400000000,366200000.0,0.0,61200000.0,61200000.0,305000000.0,0,45972.6,0.0,0
2026-03-14,ATM-005,Residential Area,Jakarta Selatan,400000000,305000000.0,0.0,49700000.0,49700000.0,255300000.0,0,38376.71,0.0,0
2026-03-15,ATM-005,Residential Area,Jakarta Selatan,400000000,255300000.0,0.0,31800000.0,31800000.0,223500000.0,0,32794.52,0.0,0
2026-03-16,ATM-005,Residential Area,Jakarta Selatan,400000000,223500000.0,0.0,67800000.0,67800000.0,155700000.0,0,25972.6,0.0,0
2026-03-17,ATM-005,Residential Area,Jakarta Selatan,400000000,155700000.0,0.0,51600000.0,51600000.0,104100000.0,0,17794.52,0.0,0
2026-03-18,ATM-005,Residential Area,Jakarta Selatan,400000000,104100000.0,0.0,61700000.0,61700000.0,42400000.0,0,10034.25,0.0,0
2026-03-19,ATM-005,Residential Area,Jakarta Selatan,400000000,42400000.0,357600000.0,29800000.0,29800000.0,370200000.0,0,28260.27,302000.0,0
2026-03-20,ATM-005,Residential Area,Jakarta Selatan,400000000,370200000.0,0.0,39000000.0,39000000.0,331200000.0,0,48041.1,0.0,0
2026-03-21,ATM-005,Residential Area,Jakarta Selatan,400000000,331200000.0,0.0,55800000.0,55800000.0,275400000.0,0,41547.95,0.0,0
2026-03-22,ATM-005,Residential Area,Jakarta Selatan,400000000,275400000.0,0.0,54700000.0,54700000.0,220700000.0,0,33979.45,0.0,0
2026-03-23,ATM-005,Residential Area,Jakarta Selatan,400000000,220700000.0,0.0,51300000.0,51300000.0,169400000.0,0,26719.18,0.0,0
2026-03-24,ATM-005,Residential Area,Jakarta Selatan,400000000,169400000.0,0.0,72200000.0,72200000.0,97200000.0,0,18260.27,0.0,0
2026-03-25,ATM-005,Residential Area,Jakarta Selatan,400000000,97200000.0,0.0,54100000.0,54100000.0,43100000.0,0,9609.59,0.0,0
2026-03-26,ATM-005,Residential Area,Jakarta Selatan,400000000,43100000.0,356900000.0,66400000.0,66400000.0,333600000.0,0,25801.37,302000.0,0
2026-03-27,ATM-005,Residential Area,Jakarta Selatan,400000000,333600000.0,0.0,75300000.0,75300000.0,258300000.0,0,40541.1,0.0,0
2026-03-28,ATM-005,Residential Area,Jakarta Selatan,400000000,258300000.0,0.0,48300000.0,48300000.0,210000000.0,0,32075.34,0.0,0
2026-03-29,ATM-005,Residential Area,Jakarta Selatan,400000000,210000000.0,0.0,57400000.0,57400000.0,152600000.0,0,24835.62,0.0,0
2026-03-30,ATM-005,Residential Area,Jakarta Selatan,400000000,152600000.0,0.0,52700000.0,52700000.0,99900000.0,0,17294.52,0.0,0
2026-03-31,ATM-005,Residential Area,Jakarta Selatan,400000000,99900000.0,0.0,37700000.0,37700000.0,62200000.0,0,11102.74,0.0,0
2026-04-01,ATM-005,Residential Area,Jakarta Selatan,400000000,62200000.0,337800000.0,55800000.0,55800000.0,344200000.0,0,27835.62,302000.0,0
2026-04-02,ATM-005,Residential Area,Jakarta Selatan,400000000,344200000.0,0.0,31200000.0,31200000.0,313000000.0,0,45013.7,0.0,0
2026-04-03,ATM-005,Residential Area,Jakarta Selatan,400000000,313000000.0,0.0,28400000.0,28400000.0,284600000.0,0,40931.51,0.0,0
2026-04-04,ATM-005,Residential Area,Jakarta Selatan,400000000,284600000.0,0.0,58000000.0,58000000.0,226600000.0,0,35013.7,0.0,0
2026-04-05,ATM-005,Residential Area,Jakarta Selatan,400000000,226600000.0,0.0,57900000.0,57900000.0,168700000.0,0,27075.34,0.0,0
2026-04-06,ATM-005,Residential Area,Jakarta Selatan,400000000,168700000.0,0.0,37400000.0,37400000.0,131300000.0,0,20547.95,0.0,0
2026-04-07,ATM-005,Residential Area,Jakarta Selatan,400000000,131300000.0,0.0,48200000.0,48200000.0,83100000.0,0,14684.93,0.0,0
2026-04-08,ATM-005,Residential Area,Jakarta Selatan,400000000,83100000.0,0.0,49900000.0,49900000.0,33200000.0,0,7965.75,0.0,0
2026-04-09,ATM-005,Residential Area,Jakarta Selatan,400000000,33200000.0,366800000.0,60400000.0,60400000.0,339600000.0,0,25534.25,302000.0,0
2026-04-10,ATM-005,Residential Area,Jakarta Selatan,400000000,339600000.0,0.0,70000000.0,70000000.0,269600000.0,0,41726.03,0.0,0
2026-04-11,ATM-005,Residential Area,Jakarta Selatan,400000000,269600000.0,0.0,27000000.0,27000000.0,242600000.0,0,35082.19,0.0,0
2026-04-12,ATM-005,Residential Area,Jakarta Selatan,400000000,242600000.0,0.0,27700000.0,27700000.0,214900000.0,0,31335.62,0.0,0
2026-04-13,ATM-005,Residential Area,Jakarta Selatan,400000000,214900000.0,0.0,58300000.0,58300000.0,156600000.0,0,25445.21,0.0,0
2026-04-14,ATM-005,Residential Area,Jakarta Selatan,400000000,156600000.0,0.0,35000000.0,35000000.0,121600000.0,0,19054.79,0.0,0
2026-04-15,ATM-005,Residential Area,Jakarta Selatan,400000000,121600000.0,0.0,41200000.0,41200000.0,80400000.0,0,13835.62,0.0,0
2026-04-16,ATM-005,Residential Area,Jakarta Selatan,400000000,80400000.0,0.0,44300000.0,44300000.0,36100000.0,0,7979.45,0.0,0
2026-04-17,ATM-005,Residential Area,Jakarta Selatan,400000000,36100000.0,363900000.0,32300000.0,32300000.0,367700000.0,0,27657.53,302000.0,0
2026-04-18,ATM-005,Residential Area,Jakarta Selatan,400000000,367700000.0,0.0,46800000.0,46800000.0,320900000.0,0,47164.38,0.0,0
2026-04-19,ATM-005,Residential Area,Jakarta Selatan,400000000,320900000.0,0.0,55000000.0,55000000.0,265900000.0,0,40191.78,0.0,0
2026-04-20,ATM-005,Residential Area,Jakarta Selatan,400000000,265900000.0,0.0,57600000.0,57600000.0,208300000.0,0,32479.45,0.0,0
2026-04-21,ATM-005,Residential Area,Jakarta Selatan,400000000,208300000.0,0.0,39400000.0,39400000.0,168900000.0,0,25835.62,0.0,0
2026-04-22,ATM-005,Residential Area,Jakarta Selatan,400000000,168900000.0,0.0,38000000.0,38000000.0,130900000.0,0,20534.25,0.0,0
2026-04-23,ATM-005,Residential Area,Jakarta Selatan,400000000,130900000.0,0.0,35700000.0,35700000.0,95200000.0,0,15486.3,0.0,0
2026-04-24,ATM-005,Residential Area,Jakarta Selatan,400000000,95200000.0,0.0,38300000.0,38300000.0,56900000.0,0,10417.81,0.0,0
2026-04-25,ATM-005,Residential Area,Jakarta Selatan,400000000,56900000.0,343100000.0,75900000.0,75900000.0,324100000.0,0,26095.89,302000.0,0
2026-04-26,ATM-005,Residential Area,Jakarta Selatan,400000000,324100000.0,0.0,53400000.0,53400000.0,270700000.0,0,40739.73,0.0,0
2026-04-27,ATM-005,Residential Area,Jakarta Selatan,400000000,270700000.0,0.0,59200000.0,59200000.0,211500000.0,0,33027.4,0.0,0
2026-04-28,ATM-005,Residential Area,Jakarta Selatan,400000000,211500000.0,0.0,72300000.0,72300000.0,139200000.0,0,24020.55,0.0,0
2026-04-29,ATM-005,Residential Area,Jakarta Selatan,400000000,139200000.0,0.0,57000000.0,57000000.0,82200000.0,0,15164.38,0.0,0
2026-04-30,ATM-005,Residential Area,Jakarta Selatan,400000000,82200000.0,0.0,40100000.0,40100000.0,42100000.0,0,8513.7,0.0,0
2026-05-01,ATM-005,Residential Area,Jakarta Selatan,400000000,42100000.0,357900000.0,49600000.0,49600000.0,350400000.0,0,26883.56,302000.0,0
2026-05-02,ATM-005,Residential Area,Jakarta Selatan,400000000,350400000.0,0.0,55800000.0,55800000.0,294600000.0,0,44178.08,0.0,0
2026-05-03,ATM-005,Residential Area,Jakarta Selatan,400000000,294600000.0,0.0,45500000.0,45500000.0,249100000.0,0,37239.73,0.0,0
2026-05-04,ATM-005,Residential Area,Jakarta Selatan,400000000,249100000.0,0.0,72600000.0,72600000.0,176500000.0,0,29150.68,0.0,0
2026-05-05,ATM-005,Residential Area,Jakarta Selatan,400000000,176500000.0,0.0,62300000.0,62300000.0,114200000.0,0,19910.96,0.0,0
2026-05-06,ATM-005,Residential Area,Jakarta Selatan,400000000,114200000.0,0.0,44600000.0,44600000.0,69600000.0,0,12589.04,0.0,0
2026-05-07,ATM-005,Residential Area,Jakarta Selatan,400000000,69600000.0,330400000.0,35000000.0,35000000.0,365000000.0,0,29767.12,302000.0,0
2026-05-08,ATM-005,Residential Area,Jakarta Selatan,400000000,365000000.0,0.0,65300000.0,65300000.0,299700000.0,0,45527.4,0.0,0
2026-05-09,ATM-005,Residential Area,Jakarta Selatan,400000000,299700000.0,0.0,53500000.0,53500000.0,246200000.0,0,37390.41,0.0,0
2026-05-10,ATM-005,Residential Area,Jakarta Selatan,400000000,246200000.0,0.0,51700000.0,51700000.0,194500000.0,0,30184.93,0.0,0
2026-05-11,ATM-005,Residential Area,Jakarta Selatan,400000000,194500000.0,0.0,43600000.0,43600000.0,150900000.0,0,23657.53,0.0,0
2026-05-12,ATM-005,Residential Area,Jakarta Selatan,400000000,150900000.0,0.0,62200000.0,62200000.0,88700000.0,0,16410.96,0.0,0
2026-05-13,ATM-005,Residential Area,Jakarta Selatan,400000000,88700000.0,0.0,41500000.0,41500000.0,47200000.0,0,9308.22,0.0,0
2026-05-14,ATM-005,Residential Area,Jakarta Selatan,400000000,47200000.0,352800000.0,60400000.0,60400000.0,339600000.0,0,26493.15,302000.0,0
2026-05-15,ATM-005,Residential Area,Jakarta Selatan,400000000,339600000.0,0.0,56400000.0,56400000.0,283200000.0,0,42657.53,0.0,0
2026-05-16,ATM-005,Residential Area,Jakarta Selatan,400000000,283200000.0,0.0,51200000.0,51200000.0,232000000.0,0,35287.67,0.0,0
2026-05-17,ATM-005,Residential Area,Jakarta Selatan,400000000,232000000.0,0.0,36000000.0,36000000.0,196000000.0,0,29315.07,0.0,0
2026-05-18,ATM-005,Residential Area,Jakarta Selatan,400000000,196000000.0,0.0,58000000.0,58000000.0,138000000.0,0,22876.71,0.0,0
2026-05-19,ATM-005,Residential Area,Jakarta Selatan,400000000,138000000.0,0.0,69400000.0,69400000.0,68600000.0,0,14150.68,0.0,0
2025-11-01,ATM-006,Shopping Mall,Jakarta Timur,800000000,538222000.0,0.0,84900000.0,84900000.0,453322000.0,0,67913.97,0.0,0
2025-11-02,ATM-006,Shopping Mall,Jakarta Timur,800000000,453322000.0,0.0,117300000.0,117300000.0,336022000.0,0,54064.66,0.0,0
2025-11-03,ATM-006,Shopping Mall,Jakarta Timur,800000000,336022000.0,0.0,50700000.0,50700000.0,285322000.0,0,42557.81,0.0,0
2025-11-04,ATM-006,Shopping Mall,Jakarta Timur,800000000,285322000.0,0.0,43400000.0,43400000.0,241922000.0,0,36112.6,0.0,0
2025-11-05,ATM-006,Shopping Mall,Jakarta Timur,800000000,241922000.0,0.0,38000000.0,38000000.0,203922000.0,0,30537.26,0.0,0
2025-11-06,ATM-006,Shopping Mall,Jakarta Timur,800000000,203922000.0,0.0,37700000.0,37700000.0,166222000.0,0,25352.33,0.0,0
2025-11-07,ATM-006,Shopping Mall,Jakarta Timur,800000000,166222000.0,0.0,58700000.0,58700000.0,107522000.0,0,18749.59,0.0,0
2025-11-08,ATM-006,Shopping Mall,Jakarta Timur,800000000,107522000.0,692478000.0,128700000.0,128700000.0,671300000.0,0,53343.97,210000.0,0
2025-11-09,ATM-006,Shopping Mall,Jakarta Timur,800000000,671300000.0,0.0,79400000.0,79400000.0,591900000.0,0,86520.55,0.0,0
2025-11-10,ATM-006,Shopping Mall,Jakarta Timur,800000000,591900000.0,0.0,41600000.0,41600000.0,550300000.0,0,78232.88,0.0,0
2025-11-11,ATM-006,Shopping Mall,Jakarta Timur,800000000,550300000.0,0.0,31100000.0,31100000.0,519200000.0,0,73253.42,0.0,0
2025-11-12,ATM-006,Shopping Mall,Jakarta Timur,800000000,519200000.0,0.0,59900000.0,59900000.0,459300000.0,0,67020.55,0.0,0
2025-11-13,ATM-006,Shopping Mall,Jakarta Timur,800000000,459300000.0,0.0,36600000.0,36600000.0,422700000.0,0,60410.96,0.0,0
2025-11-14,ATM-006,Shopping Mall,Jakarta Timur,800000000,422700000.0,0.0,38000000.0,38000000.0,384700000.0,0,55301.37,0.0,0
2025-11-15,ATM-006,Shopping Mall,Jakarta Timur,800000000,384700000.0,0.0,110000000.0,110000000.0,274700000.0,0,45164.38,0.0,0
2025-11-16,ATM-006,Shopping Mall,Jakarta Timur,800000000,274700000.0,0.0,106600000.0,106600000.0,168100000.0,0,30328.77,0.0,0
2025-11-17,ATM-006,Shopping Mall,Jakarta Timur,800000000,168100000.0,0.0,42600000.0,42600000.0,125500000.0,0,20109.59,0.0,0
2025-11-18,ATM-006,Shopping Mall,Jakarta Timur,800000000,125500000.0,674500000.0,62300000.0,62300000.0,737700000.0,0,59123.29,210000.0,0
2025-11-19,ATM-006,Shopping Mall,Jakarta Timur,800000000,737700000.0,0.0,38800000.0,38800000.0,698900000.0,0,98397.26,0.0,0
2025-11-20,ATM-006,Shopping Mall,Jakarta Timur,800000000,698900000.0,0.0,46700000.0,46700000.0,652200000.0,0,92541.1,0.0,0
2025-11-21,ATM-006,Shopping Mall,Jakarta Timur,800000000,652200000.0,0.0,51400000.0,51400000.0,600800000.0,0,85821.92,0.0,0
2025-11-22,ATM-006,Shopping Mall,Jakarta Timur,800000000,600800000.0,0.0,117000000.0,117000000.0,483800000.0,0,74287.67,0.0,0
2025-11-23,ATM-006,Shopping Mall,Jakarta Timur,800000000,483800000.0,0.0,81100000.0,81100000.0,402700000.0,0,60719.18,0.0,0
2025-11-24,ATM-006,Shopping Mall,Jakarta Timur,800000000,402700000.0,0.0,35300000.0,35300000.0,367400000.0,0,52746.58,0.0,0
2025-11-25,ATM-006,Shopping Mall,Jakarta Timur,800000000,367400000.0,0.0,62300000.0,62300000.0,305100000.0,0,46061.64,0.0,0
2025-11-26,ATM-006,Shopping Mall,Jakarta Timur,800000000,305100000.0,0.0,51100000.0,51100000.0,254000000.0,0,38294.52,0.0,0
2025-11-27,ATM-006,Shopping Mall,Jakarta Timur,800000000,254000000.0,0.0,49300000.0,49300000.0,204700000.0,0,31417.81,0.0,0
2025-11-28,ATM-006,Shopping Mall,Jakarta Timur,800000000,204700000.0,0.0,41200000.0,41200000.0,163500000.0,0,25219.18,0.0,0
2025-11-29,ATM-006,Shopping Mall,Jakarta Timur,800000000,163500000.0,0.0,85800000.0,85800000.0,77700000.0,0,16520.55,0.0,0
2025-11-30,ATM-006,Shopping Mall,Jakarta Timur,800000000,77700000.0,722300000.0,103500000.0,103500000.0,696500000.0,0,53027.4,210000.0,0
2025-12-01,ATM-006,Shopping Mall,Jakarta Timur,800000000,696500000.0,0.0,48200000.0,48200000.0,648300000.0,0,92109.59,0.0,0
2025-12-02,ATM-006,Shopping Mall,Jakarta Timur,800000000,648300000.0,0.0,35800000.0,35800000.0,612500000.0,0,86356.16,0.0,0
2025-12-03,ATM-006,Shopping Mall,Jakarta Timur,800000000,612500000.0,0.0,37500000.0,37500000.0,575000000.0,0,81335.62,0.0,0
2025-12-04,ATM-006,Shopping Mall,Jakarta Timur,800000000,575000000.0,0.0,41700000.0,41700000.0,533300000.0,0,75910.96,0.0,0
2025-12-05,ATM-006,Shopping Mall,Jakarta Timur,800000000,533300000.0,0.0,47900000.0,47900000.0,485400000.0,0,69773.97,0.0,0
2025-12-06,ATM-006,Shopping Mall,Jakarta Timur,800000000,485400000.0,0.0,116400000.0,116400000.0,369000000.0,0,58520.55,0.0,0
2025-12-07,ATM-006,Shopping Mall,Jakarta Timur,800000000,369000000.0,0.0,126100000.0,126100000.0,242900000.0,0,41910.96,0.0,0
2025-12-08,ATM-006,Shopping Mall,Jakarta Timur,800000000,242900000.0,0.0,27800000.0,27800000.0,215100000.0,0,31369.86,0.0,0
2025-12-09,ATM-006,Shopping Mall,Jakarta Timur,800000000,215100000.0,0.0,30200000.0,30200000.0,184900000.0,0,27397.26,0.0,0
2025-12-10,ATM-006,Shopping Mall,Jakarta Timur,800000000,184900000.0,0.0,51600000.0,51600000.0,133300000.0,0,21794.52,0.0,0
2025-12-11,ATM-006,Shopping Mall,Jakarta Timur,800000000,133300000.0,666700000.0,36500000.0,36500000.0,763500000.0,0,61424.66,210000.0,0
2025-12-12,ATM-006,Shopping Mall,Jakarta Timur,800000000,763500000.0,0.0,39600000.0,39600000.0,723900000.0,0,101876.71,0.0,0
2025-12-13,ATM-006,Shopping Mall,Jakarta Timur,800000000,723900000.0,0.0,112300000.0,112300000.0,611600000.0,0,91472.6,0.0,0
2025-12-14,ATM-006,Shopping Mall,Jakarta Timur,800000000,611600000.0,0.0,79000000.0,79000000.0,532600000.0,0,78369.86,0.0,0
2025-12-15,ATM-006,Shopping Mall,Jakarta Timur,800000000,532600000.0,0.0,58800000.0,58800000.0,473800000.0,0,68931.51,0.0,0
2025-12-16,ATM-006,Shopping Mall,Jakarta Timur,800000000,473800000.0,0.0,61500000.0,61500000.0,412300000.0,0,60691.78,0.0,0
2025-12-17,ATM-006,Shopping Mall,Jakarta Timur,800000000,412300000.0,0.0,31200000.0,31200000.0,381100000.0,0,54342.47,0.0,0
2025-12-18,ATM-006,Shopping Mall,Jakarta Timur,800000000,381100000.0,0.0,38300000.0,38300000.0,342800000.0,0,49582.19,0.0,0
2025-12-19,ATM-006,Shopping Mall,Jakarta Timur,800000000,342800000.0,0.0,26300000.0,26300000.0,316500000.0,0,45157.53,0.0,0
2025-12-20,ATM-006,Shopping Mall,Jakarta Timur,800000000,316500000.0,0.0,87600000.0,87600000.0,228900000.0,0,37356.16,0.0,0
2025-12-21,ATM-006,Shopping Mall,Jakarta Timur,800000000,228900000.0,0.0,109900000.0,109900000.0,119000000.0,0,23828.77,0.0,0
2025-12-22,ATM-006,Shopping Mall,Jakarta Timur,800000000,119000000.0,681000000.0,46700000.0,46700000.0,753300000.0,0,59746.58,210000.0,0
2025-12-23,ATM-006,Shopping Mall,Jakarta Timur,800000000,753300000.0,0.0,37500000.0,37500000.0,715800000.0,0,100623.29,0.0,0
2025-12-24,ATM-006,Shopping Mall,Jakarta Timur,800000000,715800000.0,0.0,41700000.0,41700000.0,674100000.0,0,95198.63,0.0,0
2025-12-25,ATM-006,Shopping Mall,Jakarta Timur,800000000,674100000.0,0.0,56100000.0,56100000.0,618000000.0,0,88500.0,0.0,0
2025-12-26,ATM-006,Shopping Mall,Jakarta Timur,800000000,618000000.0,0.0,26100000.0,26100000.0,591900000.0,0,82869.86,0.0,0
2025-12-27,ATM-006,Shopping Mall,Jakarta Timur,800000000,591900000.0,0.0,134000000.0,134000000.0,457900000.0,0,71904.11,0.0,0
2025-12-28,ATM-006,Shopping Mall,Jakarta Timur,800000000,457900000.0,0.0,76300000.0,76300000.0,381600000.0,0,57500.0,0.0,0
2025-12-29,ATM-006,Shopping Mall,Jakarta Timur,800000000,381600000.0,0.0,53600000.0,53600000.0,328000000.0,0,48602.74,0.0,0
2025-12-30,ATM-006,Shopping Mall,Jakarta Timur,800000000,328000000.0,0.0,60900000.0,60900000.0,267100000.0,0,40760.27,0.0,0
2025-12-31,ATM-006,Shopping Mall,Jakarta Timur,800000000,267100000.0,0.0,57000000.0,57000000.0,210100000.0,0,32684.93,0.0,0
2026-01-01,ATM-006,Shopping Mall,Jakarta Timur,800000000,210100000.0,0.0,34900000.0,34900000.0,175200000.0,0,26390.41,0.0,0
2026-01-02,ATM-006,Shopping Mall,Jakarta Timur,800000000,175200000.0,0.0,31300000.0,31300000.0,143900000.0,0,21856.16,0.0,0
2026-01-03,ATM-006,Shopping Mall,Jakarta Timur,800000000,143900000.0,656100000.0,105200000.0,105200000.0,694800000.0,0,57445.21,210000.0,0
2026-01-04,ATM-006,Shopping Mall,Jakarta Timur,800000000,694800000.0,0.0,106100000.0,106100000.0,588700000.0,0,87910.96,0.0,0
2026-01-05,ATM-006,Shopping Mall,Jakarta Timur,800000000,588700000.0,0.0,45100000.0,45100000.0,543600000.0,0,77554.79,0.0,0
2026-01-06,ATM-006,Shopping Mall,Jakarta Timur,800000000,543600000.0,0.0,65000000.0,65000000.0,478600000.0,0,70013.7,0.0,0
2026-01-07,ATM-006,Shopping Mall,Jakarta Timur,800000000,478600000.0,0.0,53600000.0,53600000.0,425000000.0,0,61890.41,0.0,0
2026-01-08,ATM-006,Shopping Mall,Jakarta Timur,800000000,425000000.0,0.0,30800000.0,30800000.0,394200000.0,0,56109.59,0.0,0
2026-01-09,ATM-006,Shopping Mall,Jakarta Timur,800000000,394200000.0,0.0,51600000.0,51600000.0,342600000.0,0,50465.75,0.0,0
2026-01-10,ATM-006,Shopping Mall,Jakarta Timur,800000000,342600000.0,0.0,125500000.0,125500000.0,217100000.0,0,38335.62,0.0,0
2026-01-11,ATM-006,Shopping Mall,Jakarta Timur,800000000,217100000.0,0.0,93000000.0,93000000.0,124100000.0,0,23369.86,0.0,0
2026-01-12,ATM-006,Shopping Mall,Jakarta Timur,800000000,124100000.0,675900000.0,28100000.0,28100000.0,771900000.0,0,61369.86,210000.0,0
2026-01-13,ATM-006,Shopping Mall,Jakarta Timur,800000000,771900000.0,0.0,59600000.0,59600000.0,712300000.0,0,101657.53,0.0,0
2026-01-14,ATM-006,Shopping Mall,Jakarta Timur,800000000,712300000.0,0.0,47900000.0,47900000.0,664400000.0,0,94294.52,0.0,0
2026-01-15,ATM-006,Shopping Mall,Jakarta Timur,800000000,664400000.0,0.0,46000000.0,46000000.0,618400000.0,0,87863.01,0.0,0
2026-01-16,ATM-006,Shopping Mall,Jakarta Timur,800000000,618400000.0,0.0,41600000.0,41600000.0,576800000.0,0,81863.01,0.0,0
2026-01-17,ATM-006,Shopping Mall,Jakarta Timur,800000000,576800000.0,0.0,108700000.0,108700000.0,468100000.0,0,71568.49,0.0,0
2026-01-18,ATM-006,Shopping Mall,Jakarta Timur,800000000,468100000.0,0.0,85600000.0,85600000.0,382500000.0,0,58260.27,0.0,0
2026-01-19,ATM-006,Shopping Mall,Jakarta Timur,800000000,382500000.0,0.0,37600000.0,37600000.0,344900000.0,0,49821.92,0.0,0
2026-01-20,ATM-006,Shopping Mall,Jakarta Timur,800000000,344900000.0,0.0,53700000.0,53700000.0,291200000.0,0,43568.49,0.0,0
2026-01-21,ATM-006,Shopping Mall,Jakarta Timur,800000000,291200000.0,0.0,33300000.0,33300000.0,257900000.0,0,37609.59,0.0,0
2026-01-22,ATM-006,Shopping Mall,Jakarta Timur,800000000,257900000.0,0.0,27800000.0,27800000.0,230100000.0,0,33424.66,0.0,0
2026-01-23,ATM-006,Shopping Mall,Jakarta Timur,800000000,230100000.0,0.0,37000000.0,37000000.0,193100000.0,0,28986.3,0.0,0
2026-01-24,ATM-006,Shopping Mall,Jakarta Timur,800000000,193100000.0,0.0,59500000.0,59500000.0,133600000.0,0,22376.71,0.0,0
2026-01-25,ATM-006,Shopping Mall,Jakarta Timur,800000000,133600000.0,666400000.0,88800000.0,88800000.0,711200000.0,0,57863.01,210000.0,0
2026-01-26,ATM-006,Shopping Mall,Jakarta Timur,800000000,711200000.0,0.0,34200000.0,34200000.0,677000000.0,0,95082.19,0.0,0
2026-01-27,ATM-006,Shopping Mall,Jakarta Timur,800000000,677000000.0,0.0,34000000.0,34000000.0,643000000.0,0,90410.96,0.0,0
2026-01-28,ATM-006,Shopping Mall,Jakarta Timur,800000000,643000000.0,0.0,44600000.0,44600000.0,598400000.0,0,85027.4,0.0,0
2026-01-29,ATM-006,Shopping Mall,Jakarta Timur,800000000,598400000.0,0.0,38100000.0,38100000.0,560300000.0,0,79363.01,0.0,0
2026-01-30,ATM-006,Shopping Mall,Jakarta Timur,800000000,560300000.0,0.0,34700000.0,34700000.0,525600000.0,0,74376.71,0.0,0
2026-01-31,ATM-006,Shopping Mall,Jakarta Timur,800000000,525600000.0,0.0,132600000.0,132600000.0,393000000.0,0,62917.81,0.0,0
2026-02-01,ATM-006,Shopping Mall,Jakarta Timur,800000000,393000000.0,0.0,122100000.0,122100000.0,270900000.0,0,45472.6,0.0,0
2026-02-02,ATM-006,Shopping Mall,Jakarta Timur,800000000,270900000.0,0.0,33400000.0,33400000.0,237500000.0,0,34821.92,0.0,0
2026-02-03,ATM-006,Shopping Mall,Jakarta Timur,800000000,237500000.0,0.0,31400000.0,31400000.0,206100000.0,0,30383.56,0.0,0
2026-02-04,ATM-006,Shopping Mall,Jakarta Timur,800000000,206100000.0,0.0,37000000.0,37000000.0,169100000.0,0,25698.63,0.0,0
2026-02-05,ATM-006,Shopping Mall,Jakarta Timur,800000000,169100000.0,0.0,41700000.0,41700000.0,127400000.0,0,20308.22,0.0,0
2026-02-06,ATM-006,Shopping Mall,Jakarta Timur,800000000,127400000.0,672600000.0,37000000.0,37000000.0,763000000.0,0,60986.3,210000.0,0
2026-02-07,ATM-006,Shopping Mall,Jakarta Timur,800000000,763000000.0,0.0,67500000.0,67500000.0,695500000.0,0,99897.26,0.0,0
2026-02-08,ATM-006,Shopping Mall,Jakarta Timur,800000000,695500000.0,0.0,101200000.0,101200000.0,594300000.0,0,88342.47,0.0,0
2026-02-09,ATM-006,Shopping Mall,Jakarta Timur,800000000,594300000.0,0.0,30200000.0,30200000.0,564100000.0,0,79342.47,0.0,0
2026-02-10,ATM-006,Shopping Mall,Jakarta Timur,800000000,564100000.0,0.0,46200000.0,46200000.0,517900000.0,0,74109.59,0.0,0
2026-02-11,ATM-006,Shopping Mall,Jakarta Timur,800000000,517900000.0,0.0,41900000.0,41900000.0,476000000.0,0,68075.34,0.0,0
2026-02-12,ATM-006,Shopping Mall,Jakarta Timur,800000000,476000000.0,0.0,50400000.0,50400000.0,425600000.0,0,61753.42,0.0,0
2026-02-13,ATM-006,Shopping Mall,Jakarta Timur,800000000,425600000.0,0.0,45100000.0,45100000.0,380500000.0,0,55212.33,0.0,0
2026-02-14,ATM-006,Shopping Mall,Jakarta Timur,800000000,380500000.0,0.0,132700000.0,132700000.0,247800000.0,0,43034.25,0.0,0
2026-02-15,ATM-006,Shopping Mall,Jakarta Timur,800000000,247800000.0,0.0,63300000.0,63300000.0,184500000.0,0,29609.59,0.0,0
2026-02-16,ATM-006,Shopping Mall,Jakarta Timur,800000000,184500000.0,0.0,51400000.0,51400000.0,133100000.0,0,21753.42,0.0,0
2026-02-17,ATM-006,Shopping Mall,Jakarta Timur,800000000,133100000.0,666900000.0,46800000.0,46800000.0,753200000.0,0,60705.48,210000.0,0
2026-02-18,ATM-006,Shopping Mall,Jakarta Timur,800000000,753200000.0,0.0,54100000.0,54100000.0,699100000.0,0,99472.6,0.0,0
2026-02-19,ATM-006,Shopping Mall,Jakarta Timur,800000000,699100000.0,0.0,50700000.0,50700000.0,648400000.0,0,92294.52,0.0,0
2026-02-20,ATM-006,Shopping Mall,Jakarta Timur,800000000,648400000.0,0.0,42400000.0,42400000.0,606000000.0,0,85917.81,0.0,0
2026-02-21,ATM-006,Shopping Mall,Jakarta Timur,800000000,606000000.0,0.0,93000000.0,93000000.0,513000000.0,0,76643.84,0.0,0
2026-02-22,ATM-006,Shopping Mall,Jakarta Timur,800000000,513000000.0,0.0,70700000.0,70700000.0,442300000.0,0,65431.51,0.0,0
2026-02-23,ATM-006,Shopping Mall,Jakarta Timur,800000000,442300000.0,0.0,48600000.0,48600000.0,393700000.0,0,57260.27,0.0,0
2026-02-24,ATM-006,Shopping Mall,Jakarta Timur,800000000,393700000.0,0.0,49700000.0,49700000.0,344000000.0,0,50527.4,0.0,0
2026-02-25,ATM-006,Shopping Mall,Jakarta Timur,800000000,344000000.0,0.0,54900000.0,54900000.0,289100000.0,0,43363.01,0.0,0
2026-02-26,ATM-006,Shopping Mall,Jakarta Timur,800000000,289100000.0,0.0,47500000.0,47500000.0,241600000.0,0,36349.32,0.0,0
2026-02-27,ATM-006,Shopping Mall,Jakarta Timur,800000000,241600000.0,0.0,39600000.0,39600000.0,202000000.0,0,30383.56,0.0,0
2026-02-28,ATM-006,Shopping Mall,Jakarta Timur,800000000,202000000.0,0.0,114500000.0,114500000.0,87500000.0,0,19828.77,0.0,0
2026-03-01,ATM-006,Shopping Mall,Jakarta Timur,800000000,87500000.0,712500000.0,103800000.0,103800000.0,696200000.0,0,53678.08,210000.0,0
2026-03-02,ATM-006,Shopping Mall,Jakarta Timur,800000000,696200000.0,0.0,47400000.0,47400000.0,648800000.0,0,92123.29,0.0,0
2026-03-03,ATM-006,Shopping Mall,Jakarta Timur,800000000,648800000.0,0.0,39600000.0,39600000.0,609200000.0,0,86164.38,0.0,0
2026-03-04,ATM-006,Shopping Mall,Jakarta Timur,800000000,609200000.0,0.0,57400000.0,57400000.0,551800000.0,0,79520.55,0.0,0
2026-03-05,ATM-006,Shopping Mall,Jakarta Timur,800000000,551800000.0,0.0,38500000.0,38500000.0,513300000.0,0,72952.05,0.0,0
2026-03-06,ATM-006,Shopping Mall,Jakarta Timur,800000000,513300000.0,0.0,42600000.0,42600000.0,470700000.0,0,67397.26,0.0,0
2026-03-07,ATM-006,Shopping Mall,Jakarta Timur,800000000,470700000.0,0.0,105600000.0,105600000.0,365100000.0,0,57246.58,0.0,0
2026-03-08,ATM-006,Shopping Mall,Jakarta Timur,800000000,365100000.0,0.0,103300000.0,103300000.0,261800000.0,0,42938.36,0.0,0
2026-03-09,ATM-006,Shopping Mall,Jakarta Timur,800000000,261800000.0,0.0,50700000.0,50700000.0,211100000.0,0,32390.41,0.0,0
2026-03-10,ATM-006,Shopping Mall,Jakarta Timur,800000000,211100000.0,0.0,57700000.0,57700000.0,153400000.0,0,24965.75,0.0,0
2026-03-11,ATM-006,Shopping Mall,Jakarta Timur,800000000,153400000.0,646600000.0,41000000.0,41000000.0,759000000.0,0,62493.15,210000.0,0
2026-03-12,ATM-006,Shopping Mall,Jakarta Timur,800000000,759000000.0,0.0,56400000.0,56400000.0,702600000.0,0,100109.59,0.0,0
2026-03-13,ATM-006,Shopping Mall,Jakarta Timur,800000000,702600000.0,0.0,43000000.0,43000000.0,659600000.0,0,93301.37,0.0,0
2026-03-14,ATM-006,Shopping Mall,Jakarta Timur,800000000,659600000.0,0.0,74800000.0,74800000.0,584800000.0,0,85232.88,0.0,0
2026-03-15,ATM-006,Shopping Mall,Jakarta Timur,800000000,584800000.0,0.0,96600000.0,96600000.0,488200000.0,0,73493.15,0.0,0
2026-03-16,ATM-006,Shopping Mall,Jakarta Timur,800000000,488200000.0,0.0,62400000.0,62400000.0,425800000.0,0,62602.74,0.0,0
2026-03-17,ATM-006,Shopping Mall,Jakarta Timur,800000000,425800000.0,0.0,34500000.0,34500000.0,391300000.0,0,55965.75,0.0,0
2026-03-18,ATM-006,Shopping Mall,Jakarta Timur,800000000,391300000.0,0.0,37900000.0,37900000.0,353400000.0,0,51006.85,0.0,0
2026-03-19,ATM-006,Shopping Mall,Jakarta Timur,800000000,353400000.0,0.0,47000000.0,47000000.0,306400000.0,0,45191.78,0.0,0
2026-03-20,ATM-006,Shopping Mall,Jakarta Timur,800000000,306400000.0,0.0,46200000.0,46200000.0,260200000.0,0,38808.22,0.0,0
2026-03-21,ATM-006,Shopping Mall,Jakarta Timur,800000000,260200000.0,0.0,92600000.0,92600000.0,167600000.0,0,29301.37,0.0,0
2026-03-22,ATM-006,Shopping Mall,Jakarta Timur,800000000,167600000.0,0.0,95300000.0,95300000.0,72300000.0,0,16431.51,0.0,0
2026-03-23,ATM-006,Shopping Mall,Jakarta Timur,800000000,72300000.0,727700000.0,32700000.0,32700000.0,767300000.0,0,57506.85,210000.0,0
2026-03-24,ATM-006,Shopping Mall,Jakarta Timur,800000000,767300000.0,0.0,32000000.0,32000000.0,735300000.0,0,102917.81,0.0,0
2026-03-25,ATM-006,Shopping Mall,Jakarta Timur,800000000,735300000.0,0.0,49800000.0,49800000.0,685500000.0,0,97315.07,0.0,0
2026-03-26,ATM-006,Shopping Mall,Jakarta Timur,800000000,685500000.0,0.0,49900000.0,49900000.0,635600000.0,0,90486.3,0.0,0
2026-03-27,ATM-006,Shopping Mall,Jakarta Timur,800000000,635600000.0,0.0,38700000.0,38700000.0,596900000.0,0,84417.81,0.0,0
2026-03-28,ATM-006,Shopping Mall,Jakarta Timur,800000000,596900000.0,0.0,71900000.0,71900000.0,525000000.0,0,76842.47,0.0,0
2026-03-29,ATM-006,Shopping Mall,Jakarta Timur,800000000,525000000.0,0.0,86400000.0,86400000.0,438600000.0,0,66000.0,0.0,0
2026-03-30,ATM-006,Shopping Mall,Jakarta Timur,800000000,438600000.0,0.0,47200000.0,47200000.0,391400000.0,0,56849.32,0.0,0
2026-03-31,ATM-006,Shopping Mall,Jakarta Timur,800000000,391400000.0,0.0,43800000.0,43800000.0,347600000.0,0,50616.44,0.0,0
2026-04-01,ATM-006,Shopping Mall,Jakarta Timur,800000000,347600000.0,0.0,38100000.0,38100000.0,309500000.0,0,45006.85,0.0,0
2026-04-02,ATM-006,Shopping Mall,Jakarta Timur,800000000,309500000.0,0.0,52900000.0,52900000.0,256600000.0,0,38773.97,0.0,0
2026-04-03,ATM-006,Shopping Mall,Jakarta Timur,800000000,256600000.0,0.0,41700000.0,41700000.0,214900000.0,0,32294.52,0.0,0
2026-04-04,ATM-006,Shopping Mall,Jakarta Timur,800000000,214900000.0,0.0,64900000.0,64900000.0,150000000.0,0,24993.15,0.0,0
2026-04-05,ATM-006,Shopping Mall,Jakarta Timur,800000000,150000000.0,650000000.0,71300000.0,71300000.0,728700000.0,0,60184.93,210000.0,0
2026-04-06,ATM-006,Shopping Mall,Jakarta Timur,800000000,728700000.0,0.0,52500000.0,52500000.0,676200000.0,0,96226.03,0.0,0
2026-04-07,ATM-006,Shopping Mall,Jakarta Timur,800000000,676200000.0,0.0,36800000.0,36800000.0,639400000.0,0,90109.59,0.0,0
2026-04-08,ATM-006,Shopping Mall,Jakarta Timur,800000000,639400000.0,0.0,47900000.0,47900000.0,591500000.0,0,84308.22,0.0,0
2026-04-09,ATM-006,Shopping Mall,Jakarta Timur,800000000,591500000.0,0.0,32300000.0,32300000.0,559200000.0,0,78815.07,0.0,0
2026-04-10,ATM-006,Shopping Mall,Jakarta Timur,800000000,559200000.0,0.0,37200000.0,37200000.0,522000000.0,0,74054.79,0.0,0
2026-04-11,ATM-006,Shopping Mall,Jakarta Timur,800000000,522000000.0,0.0,90200000.0,90200000.0,431800000.0,0,65328.77,0.0,0
2026-04-12,ATM-006,Shopping Mall,Jakarta Timur,800000000,431800000.0,0.0,79600000.0,79600000.0,352200000.0,0,53698.63,0.0,0
2026-04-13,ATM-006,Shopping Mall,Jakarta Timur,800000000,352200000.0,0.0,44800000.0,44800000.0,307400000.0,0,45178.08,0.0,0
2026-04-14,ATM-006,Shopping Mall,Jakarta Timur,800000000,307400000.0,0.0,38000000.0,38000000.0,269400000.0,0,39506.85,0.0,0
2026-04-15,ATM-006,Shopping Mall,Jakarta Timur,800000000,269400000.0,0.0,33100000.0,33100000.0,236300000.0,0,34636.99,0.0,0
2026-04-16,ATM-006,Shopping Mall,Jakarta Timur,800000000,236300000.0,0.0,39600000.0,39600000.0,196700000.0,0,29657.53,0.0,0
2026-04-17,ATM-006,Shopping Mall,Jakarta Timur,800000000,196700000.0,0.0,56500000.0,56500000.0,140200000.0,0,23075.34,0.0,0
2026-04-18,ATM-006,Shopping Mall,Jakarta Timur,800000000,140200000.0,659800000.0,102200000.0,102200000.0,697800000.0,0,57397.26,210000.0,0
2026-04-19,ATM-006,Shopping Mall,Jakarta Timur,800000000,697800000.0,0.0,100000000.0,100000000.0,597800000.0,0,88739.73,0.0,0
2026-04-20,ATM-006,Shopping Mall,Jakarta Timur,800000000,597800000.0,0.0,46000000.0,46000000.0,551800000.0,0,78739.73,0.0,0
2026-04-21,ATM-006,Shopping Mall,Jakarta Timur,800000000,551800000.0,0.0,54600000.0,54600000.0,497200000.0,0,71849.32,0.0,0
2026-04-22,ATM-006,Shopping Mall,Jakarta Timur,800000000,497200000.0,0.0,47000000.0,47000000.0,450200000.0,0,64890.41,0.0,0
2026-04-23,ATM-006,Shopping Mall,Jakarta Timur,800000000,450200000.0,0.0,40400000.0,40400000.0,409800000.0,0,58904.11,0.0,0
2026-04-24,ATM-006,Shopping Mall,Jakarta Timur,800000000,409800000.0,0.0,28800000.0,28800000.0,381000000.0,0,54164.38,0.0,0
2026-04-25,ATM-006,Shopping Mall,Jakarta Timur,800000000,381000000.0,0.0,68400000.0,68400000.0,312600000.0,0,47506.85,0.0,0
2026-04-26,ATM-006,Shopping Mall,Jakarta Timur,800000000,312600000.0,0.0,102000000.0,102000000.0,210600000.0,0,35835.62,0.0,0
2026-04-27,ATM-006,Shopping Mall,Jakarta Timur,800000000,210600000.0,0.0,36400000.0,36400000.0,174200000.0,0,26356.16,0.0,0
2026-04-28,ATM-006,Shopping Mall,Jakarta Timur,800000000,174200000.0,0.0,36300000.0,36300000.0,137900000.0,0,21376.71,0.0,0
2026-04-29,ATM-006,Shopping Mall,Jakarta Timur,800000000,137900000.0,662100000.0,52900000.0,52900000.0,747100000.0,0,60616.44,210000.0,0
2026-04-30,ATM-006,Shopping Mall,Jakarta Timur,800000000,747100000.0,0.0,59200000.0,59200000.0,687900000.0,0,98287.67,0.0,0
2026-05-01,ATM-006,Shopping Mall,Jakarta Timur,800000000,687900000.0,0.0,46500000.0,46500000.0,641400000.0,0,91047.95,0.0,0
2026-05-02,ATM-006,Shopping Mall,Jakarta Timur,800000000,641400000.0,0.0,63300000.0,63300000.0,578100000.0,0,83527.4,0.0,0
2026-05-03,ATM-006,Shopping Mall,Jakarta Timur,800000000,578100000.0,0.0,71500000.0,71500000.0,506600000.0,0,74294.52,0.0,0
2026-05-04,ATM-006,Shopping Mall,Jakarta Timur,800000000,506600000.0,0.0,32800000.0,32800000.0,473800000.0,0,67150.68,0.0,0
2026-05-05,ATM-006,Shopping Mall,Jakarta Timur,800000000,473800000.0,0.0,38400000.0,38400000.0,435400000.0,0,62273.97,0.0,0
2026-05-06,ATM-006,Shopping Mall,Jakarta Timur,800000000,435400000.0,0.0,59000000.0,59000000.0,376400000.0,0,55602.74,0.0,0
2026-05-07,ATM-006,Shopping Mall,Jakarta Timur,800000000,376400000.0,0.0,48200000.0,48200000.0,328200000.0,0,48260.27,0.0,0
2026-05-08,ATM-006,Shopping Mall,Jakarta Timur,800000000,328200000.0,0.0,48200000.0,48200000.0,280000000.0,0,41657.53,0.0,0
2026-05-09,ATM-006,Shopping Mall,Jakarta Timur,800000000,280000000.0,0.0,74400000.0,74400000.0,205600000.0,0,33260.27,0.0,0
2026-05-10,ATM-006,Shopping Mall,Jakarta Timur,800000000,205600000.0,0.0,68300000.0,68300000.0,137300000.0,0,23486.3,0.0,0
2026-05-11,ATM-006,Shopping Mall,Jakarta Timur,800000000,137300000.0,662700000.0,35300000.0,35300000.0,764700000.0,0,61780.82,210000.0,0
2026-05-12,ATM-006,Shopping Mall,Jakarta Timur,800000000,764700000.0,0.0,40000000.0,40000000.0,724700000.0,0,102013.7,0.0,0
2026-05-13,ATM-006,Shopping Mall,Jakarta Timur,800000000,724700000.0,0.0,48000000.0,48000000.0,676700000.0,0,95986.3,0.0,0
2026-05-14,ATM-006,Shopping Mall,Jakarta Timur,800000000,676700000.0,0.0,54000000.0,54000000.0,622700000.0,0,89000.0,0.0,0
2026-05-15,ATM-006,Shopping Mall,Jakarta Timur,800000000,622700000.0,0.0,28200000.0,28200000.0,594500000.0,0,83369.86,0.0,0
2026-05-16,ATM-006,Shopping Mall,Jakarta Timur,800000000,594500000.0,0.0,120300000.0,120300000.0,474200000.0,0,73198.63,0.0,0
2026-05-17,ATM-006,Shopping Mall,Jakarta Timur,800000000,474200000.0,0.0,92600000.0,92600000.0,381600000.0,0,58616.44,0.0,0
2026-05-18,ATM-006,Shopping Mall,Jakarta Timur,800000000,381600000.0,0.0,34000000.0,34000000.0,347600000.0,0,49945.21,0.0,0
2026-05-19,ATM-006,Shopping Mall,Jakarta Timur,800000000,347600000.0,0.0,55500000.0,55500000.0,292100000.0,0,43815.07,0.0,0
2025-11-01,ATM-007,Convenience Store,Jakarta Utara,400000000,252290000.0,0.0,49400000.0,49400000.0,202890000.0,0,31176.71,0.0,0
2025-11-02,ATM-007,Convenience Store,Jakarta Utara,400000000,202890000.0,0.0,34700000.0,34700000.0,168190000.0,0,25416.44,0.0,0
2025-11-03,ATM-007,Convenience Store,Jakarta Utara,400000000,168190000.0,0.0,31500000.0,31500000.0,136690000.0,0,20882.19,0.0,0
2025-11-04,ATM-007,Convenience Store,Jakarta Utara,400000000,136690000.0,0.0,43400000.0,43400000.0,93290000.0,0,15752.05,0.0,0
2025-11-05,ATM-007,Convenience Store,Jakarta Utara,400000000,93290000.0,0.0,55300000.0,55300000.0,37990000.0,0,8991.78,0.0,0
2025-11-06,ATM-007,Convenience Store,Jakarta Utara,400000000,37990000.0,362010000.0,30500000.0,30500000.0,369500000.0,0,27910.27,216000.0,0
2025-11-07,ATM-007,Convenience Store,Jakarta Utara,400000000,369500000.0,0.0,35400000.0,35400000.0,334100000.0,0,48191.78,0.0,0
2025-11-08,ATM-007,Convenience Store,Jakarta Utara,400000000,334100000.0,0.0,43500000.0,43500000.0,290600000.0,0,42787.67,0.0,0
2025-11-09,ATM-007,Convenience Store,Jakarta Utara,400000000,290600000.0,0.0,21400000.0,21400000.0,269200000.0,0,38342.47,0.0,0
2025-11-10,ATM-007,Convenience Store,Jakarta Utara,400000000,269200000.0,0.0,23100000.0,23100000.0,246100000.0,0,35294.52,0.0,0
2025-11-11,ATM-007,Convenience Store,Jakarta Utara,400000000,246100000.0,0.0,20500000.0,20500000.0,225600000.0,0,32308.22,0.0,0
2025-11-12,ATM-007,Convenience Store,Jakarta Utara,400000000,225600000.0,0.0,28900000.0,28900000.0,196700000.0,0,28924.66,0.0,0
2025-11-13,ATM-007,Convenience Store,Jakarta Utara,400000000,196700000.0,0.0,32100000.0,32100000.0,164600000.0,0,24746.58,0.0,0
2025-11-14,ATM-007,Convenience Store,Jakarta Utara,400000000,164600000.0,0.0,26000000.0,26000000.0,138600000.0,0,20767.12,0.0,0
2025-11-15,ATM-007,Convenience Store,Jakarta Utara,400000000,138600000.0,0.0,54600000.0,54600000.0,84000000.0,0,15246.58,0.0,0
2025-11-16,ATM-007,Convenience Store,Jakarta Utara,400000000,84000000.0,0.0,33800000.0,33800000.0,50200000.0,0,9191.78,0.0,0
2025-11-17,ATM-007,Convenience Store,Jakarta Utara,400000000,50200000.0,349800000.0,54500000.0,54500000.0,345500000.0,0,27102.74,216000.0,0
2025-11-18,ATM-007,Convenience Store,Jakarta Utara,400000000,345500000.0,0.0,56900000.0,56900000.0,288600000.0,0,43431.51,0.0,0
2025-11-19,ATM-007,Convenience Store,Jakarta Utara,400000000,288600000.0,0.0,39100000.0,39100000.0,249500000.0,0,36856.16,0.0,0
2025-11-20,ATM-007,Convenience Store,Jakarta Utara,400000000,249500000.0,0.0,41400000.0,41400000.0,208100000.0,0,31342.47,0.0,0
2025-11-21,ATM-007,Convenience Store,Jakarta Utara,400000000,208100000.0,0.0,46800000.0,46800000.0,161300000.0,0,25301.37,0.0,0
2025-11-22,ATM-007,Convenience Store,Jakarta Utara,400000000,161300000.0,0.0,45900000.0,45900000.0,115400000.0,0,18952.05,0.0,0
2025-11-23,ATM-007,Convenience Store,Jakarta Utara,400000000,115400000.0,0.0,35800000.0,35800000.0,79600000.0,0,13356.16,0.0,0
2025-11-24,ATM-007,Convenience Store,Jakarta Utara,400000000,79600000.0,320400000.0,27100000.0,27100000.0,372900000.0,0,30993.15,216000.0,0
2025-11-25,ATM-007,Convenience Store,Jakarta Utara,400000000,372900000.0,0.0,35400000.0,35400000.0,337500000.0,0,48657.53,0.0,0
2025-11-26,ATM-007,Convenience Store,Jakarta Utara,400000000,337500000.0,0.0,38900000.0,38900000.0,298600000.0,0,43568.49,0.0,0
2025-11-27,ATM-007,Convenience Store,Jakarta Utara,400000000,298600000.0,0.0,32300000.0,32300000.0,266300000.0,0,38691.78,0.0,0
2025-11-28,ATM-007,Convenience Store,Jakarta Utara,400000000,266300000.0,0.0,45600000.0,45600000.0,220700000.0,0,33356.16,0.0,0
2025-11-29,ATM-007,Convenience Store,Jakarta Utara,400000000,220700000.0,0.0,45200000.0,45200000.0,175500000.0,0,27136.99,0.0,0
2025-11-30,ATM-007,Convenience Store,Jakarta Utara,400000000,175500000.0,0.0,22300000.0,22300000.0,153200000.0,0,22513.7,0.0,0
2025-12-01,ATM-007,Convenience Store,Jakarta Utara,400000000,153200000.0,0.0,45900000.0,45900000.0,107300000.0,0,17842.47,0.0,0
2025-12-02,ATM-007,Convenience Store,Jakarta Utara,400000000,107300000.0,0.0,36000000.0,36000000.0,71300000.0,0,12232.88,0.0,0
2025-12-03,ATM-007,Convenience Store,Jakarta Utara,400000000,71300000.0,328700000.0,25400000.0,25400000.0,374600000.0,0,30541.1,216000.0,0
2025-12-04,ATM-007,Convenience Store,Jakarta Utara,400000000,374600000.0,0.0,32000000.0,32000000.0,342600000.0,0,49123.29,0.0,0
2025-12-05,ATM-007,Convenience Store,Jakarta Utara,400000000,342600000.0,0.0,29100000.0,29100000.0,313500000.0,0,44938.36,0.0,0
2025-12-06,ATM-007,Convenience Store,Jakarta Utara,400000000,313500000.0,0.0,31700000.0,31700000.0,281800000.0,0,40773.97,0.0,0
2025-12-07,ATM-007,Convenience Store,Jakarta Utara,400000000,281800000.0,0.0,31100000.0,31100000.0,250700000.0,0,36472.6,0.0,0
2025-12-08,ATM-007,Convenience Store,Jakarta Utara,400000000,250700000.0,0.0,36800000.0,36800000.0,213900000.0,0,31821.92,0.0,0
2025-12-09,ATM-007,Convenience Store,Jakarta Utara,400000000,213900000.0,0.0,32500000.0,32500000.0,181400000.0,0,27075.34,0.0,0
2025-12-10,ATM-007,Convenience Store,Jakarta Utara,400000000,181400000.0,0.0,18000000.0,18000000.0,163400000.0,0,23616.44,0.0,0
2025-12-11,ATM-007,Convenience Store,Jakarta Utara,400000000,163400000.0,0.0,42800000.0,42800000.0,120600000.0,0,19452.05,0.0,0
2025-12-12,ATM-007,Convenience Store,Jakarta Utara,400000000,120600000.0,0.0,27100000.0,27100000.0,93500000.0,0,14664.38,0.0,0
2025-12-13,ATM-007,Convenience Store,Jakarta Utara,400000000,93500000.0,0.0,26600000.0,26600000.0,66900000.0,0,10986.3,0.0,0
2025-12-14,ATM-007,Convenience Store,Jakarta Utara,400000000,66900000.0,333100000.0,42900000.0,42900000.0,357100000.0,0,29041.1,216000.0,0
2025-12-15,ATM-007,Convenience Store,Jakarta Utara,400000000,357100000.0,0.0,34700000.0,34700000.0,322400000.0,0,46541.1,0.0,0
2025-12-16,ATM-007,Convenience Store,Jakarta Utara,400000000,322400000.0,0.0,34100000.0,34100000.0,288300000.0,0,41828.77,0.0,0
2025-12-17,ATM-007,Convenience Store,Jakarta Utara,400000000,288300000.0,0.0,43600000.0,43600000.0,244700000.0,0,36506.85,0.0,0
2025-12-18,ATM-007,Convenience Store,Jakarta Utara,400000000,244700000.0,0.0,35700000.0,35700000.0,209000000.0,0,31075.34,0.0,0
2025-12-19,ATM-007,Convenience Store,Jakarta Utara,400000000,209000000.0,0.0,36200000.0,36200000.0,172800000.0,0,26150.68,0.0,0
2025-12-20,ATM-007,Convenience Store,Jakarta Utara,400000000,172800000.0,0.0,23900000.0,23900000.0,148900000.0,0,22034.25,0.0,0
2025-12-21,ATM-007,Convenience Store,Jakarta Utara,400000000,148900000.0,0.0,31500000.0,31500000.0,117400000.0,0,18239.73,0.0,0
2025-12-22,ATM-007,Convenience Store,Jakarta Utara,400000000,117400000.0,0.0,28700000.0,28700000.0,88700000.0,0,14116.44,0.0,0
2025-12-23,ATM-007,Convenience Store,Jakarta Utara,400000000,88700000.0,0.0,32900000.0,32900000.0,55800000.0,0,9897.26,0.0,0
2025-12-24,ATM-007,Convenience Store,Jakarta Utara,400000000,55800000.0,344200000.0,29300000.0,29300000.0,370700000.0,0,29212.33,216000.0,0
2025-12-25,ATM-007,Convenience Store,Jakarta Utara,400000000,370700000.0,0.0,28700000.0,28700000.0,342000000.0,0,48815.07,0.0,0
2025-12-26,ATM-007,Convenience Store,Jakarta Utara,400000000,342000000.0,0.0,21900000.0,21900000.0,320100000.0,0,45349.32,0.0,0
2025-12-27,ATM-007,Convenience Store,Jakarta Utara,400000000,320100000.0,0.0,53200000.0,53200000.0,266900000.0,0,40205.48,0.0,0
2025-12-28,ATM-007,Convenience Store,Jakarta Utara,400000000,266900000.0,0.0,27900000.0,27900000.0,239000000.0,0,34650.68,0.0,0
2025-12-29,ATM-007,Convenience Store,Jakarta Utara,400000000,239000000.0,0.0,21100000.0,21100000.0,217900000.0,0,31294.52,0.0,0
2025-12-30,ATM-007,Convenience Store,Jakarta Utara,400000000,217900000.0,0.0,35300000.0,35300000.0,182600000.0,0,27431.51,0.0,0
2025-12-31,ATM-007,Convenience Store,Jakarta Utara,400000000,182600000.0,0.0,33900000.0,33900000.0,148700000.0,0,22691.78,0.0,0
2026-01-01,ATM-007,Convenience Store,Jakarta Utara,400000000,148700000.0,0.0,26800000.0,26800000.0,121900000.0,0,18534.25,0.0,0
2026-01-02,ATM-007,Convenience Store,Jakarta Utara,400000000,121900000.0,0.0,36300000.0,36300000.0,85600000.0,0,14212.33,0.0,0
2026-01-03,ATM-007,Convenience Store,Jakarta Utara,400000000,85600000.0,0.0,42700000.0,42700000.0,42900000.0,0,8801.37,0.0,0
2026-01-04,ATM-007,Convenience Store,Jakarta Utara,400000000,42900000.0,357100000.0,28900000.0,28900000.0,371100000.0,0,28356.16,216000.0,0
2026-01-05,ATM-007,Convenience Store,Jakarta Utara,400000000,371100000.0,0.0,38600000.0,38600000.0,332500000.0,0,48191.78,0.0,0
2026-01-06,ATM-007,Convenience Store,Jakarta Utara,400000000,332500000.0,0.0,43800000.0,43800000.0,288700000.0,0,42547.95,0.0,0
2026-01-07,ATM-007,Convenience Store,Jakarta Utara,400000000,288700000.0,0.0,23700000.0,23700000.0,265000000.0,0,37924.66,0.0,0
2026-01-08,ATM-007,Convenience Store,Jakarta Utara,400000000,265000000.0,0.0,46400000.0,46400000.0,218600000.0,0,33123.29,0.0,0
2026-01-09,ATM-007,Convenience Store,Jakarta Utara,400000000,218600000.0,0.0,19000000.0,19000000.0,199600000.0,0,28643.84,0.0,0
2026-01-10,ATM-007,Convenience Store,Jakarta Utara,400000000,199600000.0,0.0,44100000.0,44100000.0,155500000.0,0,24321.92,0.0,0
2026-01-11,ATM-007,Convenience Store,Jakarta Utara,400000000,155500000.0,0.0,37400000.0,37400000.0,118100000.0,0,18739.73,0.0,0
2026-01-12,ATM-007,Convenience Store,Jakarta Utara,400000000,118100000.0,0.0,25200000.0,25200000.0,92900000.0,0,14452.05,0.0,0
2026-01-13,ATM-007,Convenience Store,Jakarta Utara,400000000,92900000.0,0.0,23600000.0,23600000.0,69300000.0,0,11109.59,0.0,0
2026-01-14,ATM-007,Convenience Store,Jakarta Utara,400000000,69300000.0,330700000.0,38100000.0,38100000.0,361900000.0,0,29534.25,216000.0,0
2026-01-15,ATM-007,Convenience Store,Jakarta Utara,400000000,361900000.0,0.0,42500000.0,42500000.0,319400000.0,0,46664.38,0.0,0
2026-01-16,ATM-007,Convenience Store,Jakarta Utara,400000000,319400000.0,0.0,46400000.0,46400000.0,273000000.0,0,40575.34,0.0,0
2026-01-17,ATM-007,Convenience Store,Jakarta Utara,400000000,273000000.0,0.0,36600000.0,36600000.0,236400000.0,0,34890.41,0.0,0
2026-01-18,ATM-007,Convenience Store,Jakarta Utara,400000000,236400000.0,0.0,35700000.0,35700000.0,200700000.0,0,29938.36,0.0,0
2026-01-19,ATM-007,Convenience Store,Jakarta Utara,400000000,200700000.0,0.0,39000000.0,39000000.0,161700000.0,0,24821.92,0.0,0
2026-01-20,ATM-007,Convenience Store,Jakarta Utara,400000000,161700000.0,0.0,25100000.0,25100000.0,136600000.0,0,20431.51,0.0,0
2026-01-21,ATM-007,Convenience Store,Jakarta Utara,400000000,136600000.0,0.0,48500000.0,48500000.0,88100000.0,0,15390.41,0.0,0
2026-01-22,ATM-007,Convenience Store,Jakarta Utara,400000000,88100000.0,0.0,23400000.0,23400000.0,64700000.0,0,10465.75,0.0,0
2026-01-23,ATM-007,Convenience Store,Jakarta Utara,400000000,64700000.0,335300000.0,38200000.0,38200000.0,361800000.0,0,29212.33,216000.0,0
2026-01-24,ATM-007,Convenience Store,Jakarta Utara,400000000,361800000.0,0.0,58900000.0,58900000.0,302900000.0,0,45527.4,0.0,0
2026-01-25,ATM-007,Convenience Store,Jakarta Utara,400000000,302900000.0,0.0,40900000.0,40900000.0,262000000.0,0,38691.78,0.0,0
2026-01-26,ATM-007,Convenience Store,Jakarta Utara,400000000,262000000.0,0.0,47100000.0,47100000.0,214900000.0,0,32664.38,0.0,0
2026-01-27,ATM-007,Convenience Store,Jakarta Utara,400000000,214900000.0,0.0,33200000.0,33200000.0,181700000.0,0,27164.38,0.0,0
2026-01-28,ATM-007,Convenience Store,Jakarta Utara,400000000,181700000.0,0.0,50700000.0,50700000.0,131000000.0,0,21417.81,0.0,0
2026-01-29,ATM-007,Convenience Store,Jakarta Utara,400000000,131000000.0,0.0,34800000.0,34800000.0,96200000.0,0,15561.64,0.0,0
2026-01-30,ATM-007,Convenience Store,Jakarta Utara,400000000,96200000.0,0.0,19900000.0,19900000.0,76300000.0,0,11815.07,0.0,0
2026-01-31,ATM-007,Convenience Store,Jakarta Utara,400000000,76300000.0,323700000.0,17500000.0,17500000.0,382500000.0,0,31424.66,216000.0,0
2026-02-01,ATM-007,Convenience Store,Jakarta Utara,400000000,382500000.0,0.0,43800000.0,43800000.0,338700000.0,0,49397.26,0.0,0
2026-02-02,ATM-007,Convenience Store,Jakarta Utara,400000000,338700000.0,0.0,38900000.0,38900000.0,299800000.0,0,43732.88,0.0,0
2026-02-03,ATM-007,Convenience Store,Jakarta Utara,400000000,299800000.0,0.0,35100000.0,35100000.0,264700000.0,0,38664.38,0.0,0
2026-02-04,ATM-007,Convenience Store,Jakarta Utara,400000000,264700000.0,0.0,22800000.0,22800000.0,241900000.0,0,34698.63,0.0,0
2026-02-05,ATM-007,Convenience Store,Jakarta Utara,400000000,241900000.0,0.0,35100000.0,35100000.0,206800000.0,0,30732.88,0.0,0
2026-02-06,ATM-007,Convenience Store,Jakarta Utara,400000000,206800000.0,0.0,29400000.0,29400000.0,177400000.0,0,26315.07,0.0,0
2026-02-07,ATM-007,Convenience Store,Jakarta Utara,400000000,177400000.0,0.0,29300000.0,29300000.0,148100000.0,0,22294.52,0.0,0
2026-02-08,ATM-007,Convenience Store,Jakarta Utara,400000000,148100000.0,0.0,34500000.0,34500000.0,113600000.0,0,17924.66,0.0,0
2026-02-09,ATM-007,Convenience Store,Jakarta Utara,400000000,113600000.0,0.0,44300000.0,44300000.0,69300000.0,0,12527.4,0.0,0
2026-02-10,ATM-007,Convenience Store,Jakarta Utara,400000000,69300000.0,330700000.0,33400000.0,33400000.0,366600000.0,0,29856.16,216000.0,0
2026-02-11,ATM-007,Convenience Store,Jakarta Utara,400000000,366600000.0,0.0,44700000.0,44700000.0,321900000.0,0,47157.53,0.0,0
2026-02-12,ATM-007,Convenience Store,Jakarta Utara,400000000,321900000.0,0.0,37400000.0,37400000.0,284500000.0,0,41534.25,0.0,0
2026-02-13,ATM-007,Convenience Store,Jakarta Utara,400000000,284500000.0,0.0,22000000.0,22000000.0,262500000.0,0,37465.75,0.0,0
2026-02-14,ATM-007,Convenience Store,Jakarta Utara,400000000,262500000.0,0.0,35100000.0,35100000.0,227400000.0,0,33554.79,0.0,0
2026-02-15,ATM-007,Convenience Store,Jakarta Utara,400000000,227400000.0,0.0,32100000.0,32100000.0,195300000.0,0,28952.05,0.0,0
2026-02-16,ATM-007,Convenience Store,Jakarta Utara,400000000,195300000.0,0.0,35800000.0,35800000.0,159500000.0,0,24301.37,0.0,0
2026-02-17,ATM-007,Convenience Store,Jakarta Utara,400000000,159500000.0,0.0,44600000.0,44600000.0,114900000.0,0,18794.52,0.0,0
2026-02-18,ATM-007,Convenience Store,Jakarta Utara,400000000,114900000.0,0.0,29400000.0,29400000.0,85500000.0,0,13726.03,0.0,0
2026-02-19,ATM-007,Convenience Store,Jakarta Utara,400000000,85500000.0,0.0,39700000.0,39700000.0,45800000.0,0,8993.15,0.0,0
2026-02-20,ATM-007,Convenience Store,Jakarta Utara,400000000,45800000.0,354200000.0,36100000.0,36100000.0,363900000.0,0,28061.64,216000.0,0
2026-02-21,ATM-007,Convenience Store,Jakarta Utara,400000000,363900000.0,0.0,26500000.0,26500000.0,337400000.0,0,48034.25,0.0,0
2026-02-22,ATM-007,Convenience Store,Jakarta Utara,400000000,337400000.0,0.0,32400000.0,32400000.0,305000000.0,0,44000.0,0.0,0
2026-02-23,ATM-007,Convenience Store,Jakarta Utara,400000000,305000000.0,0.0,35000000.0,35000000.0,270000000.0,0,39383.56,0.0,0
2026-02-24,ATM-007,Convenience Store,Jakarta Utara,400000000,270000000.0,0.0,40200000.0,40200000.0,229800000.0,0,34232.88,0.0,0
2026-02-25,ATM-007,Convenience Store,Jakarta Utara,400000000,229800000.0,0.0,23800000.0,23800000.0,206000000.0,0,29849.32,0.0,0
2026-02-26,ATM-007,Convenience Store,Jakarta Utara,400000000,206000000.0,0.0,31000000.0,31000000.0,175000000.0,0,26095.89,0.0,0
2026-02-27,ATM-007,Convenience Store,Jakarta Utara,400000000,175000000.0,0.0,31800000.0,31800000.0,143200000.0,0,21794.52,0.0,0
2026-02-28,ATM-007,Convenience Store,Jakarta Utara,400000000,143200000.0,0.0,35900000.0,35900000.0,107300000.0,0,17157.53,0.0,0
2026-03-01,ATM-007,Convenience Store,Jakarta Utara,400000000,107300000.0,0.0,28000000.0,28000000.0,79300000.0,0,12780.82,0.0,0
2026-03-02,ATM-007,Convenience Store,Jakarta Utara,400000000,79300000.0,320700000.0,23800000.0,23800000.0,376200000.0,0,31198.63,216000.0,0
2026-03-03,ATM-007,Convenience Store,Jakarta Utara,400000000,376200000.0,0.0,37200000.0,37200000.0,339000000.0,0,48986.3,0.0,0
2026-03-04,ATM-007,Convenience Store,Jakarta Utara,400000000,339000000.0,0.0,28800000.0,28800000.0,310200000.0,0,44465.75,0.0,0
2026-03-05,ATM-007,Convenience Store,Jakarta Utara,400000000,310200000.0,0.0,41200000.0,41200000.0,269000000.0,0,39671.23,0.0,0
2026-03-06,ATM-007,Convenience Store,Jakarta Utara,400000000,269000000.0,0.0,32600000.0,32600000.0,236400000.0,0,34616.44,0.0,0
2026-03-07,ATM-007,Convenience Store,Jakarta Utara,400000000,236400000.0,0.0,28700000.0,28700000.0,207700000.0,0,30417.81,0.0,0
2026-03-08,ATM-007,Convenience Store,Jakarta Utara,400000000,207700000.0,0.0,46700000.0,46700000.0,161000000.0,0,25253.42,0.0,0
2026-03-09,ATM-007,Convenience Store,Jakarta Utara,400000000,161000000.0,0.0,52000000.0,52000000.0,109000000.0,0,18493.15,0.0,0
2026-03-10,ATM-007,Convenience Store,Jakarta Utara,400000000,109000000.0,0.0,30300000.0,30300000.0,78700000.0,0,12856.16,0.0,0
2026-03-11,ATM-007,Convenience Store,Jakarta Utara,400000000,78700000.0,321300000.0,35400000.0,35400000.0,364600000.0,0,30363.01,216000.0,0
2026-03-12,ATM-007,Convenience Store,Jakarta Utara,400000000,364600000.0,0.0,23400000.0,23400000.0,341200000.0,0,48342.47,0.0,0
2026-03-13,ATM-007,Convenience Store,Jakarta Utara,400000000,341200000.0,0.0,31200000.0,31200000.0,310000000.0,0,44602.74,0.0,0
2026-03-14,ATM-007,Convenience Store,Jakarta Utara,400000000,310000000.0,0.0,41000000.0,41000000.0,269000000.0,0,39657.53,0.0,0
2026-03-15,ATM-007,Convenience Store,Jakarta Utara,400000000,269000000.0,0.0,52600000.0,52600000.0,216400000.0,0,33246.58,0.0,0
2026-03-16,ATM-007,Convenience Store,Jakarta Utara,400000000,216400000.0,0.0,40200000.0,40200000.0,176200000.0,0,26890.41,0.0,0
2026-03-17,ATM-007,Convenience Store,Jakarta Utara,400000000,176200000.0,0.0,31000000.0,31000000.0,145200000.0,0,22013.7,0.0,0
2026-03-18,ATM-007,Convenience Store,Jakarta Utara,400000000,145200000.0,0.0,42200000.0,42200000.0,103000000.0,0,17000.0,0.0,0
2026-03-19,ATM-007,Convenience Store,Jakarta Utara,400000000,103000000.0,0.0,29400000.0,29400000.0,73600000.0,0,12095.89,0.0,0
2026-03-20,ATM-007,Convenience Store,Jakarta Utara,400000000,73600000.0,326400000.0,26700000.0,26700000.0,373300000.0,0,30609.59,216000.0,0
2026-03-21,ATM-007,Convenience Store,Jakarta Utara,400000000,373300000.0,0.0,30500000.0,30500000.0,342800000.0,0,49047.95,0.0,0
2026-03-22,ATM-007,Convenience Store,Jakarta Utara,400000000,342800000.0,0.0,35200000.0,35200000.0,307600000.0,0,44547.95,0.0,0
2026-03-23,ATM-007,Convenience Store,Jakarta Utara,400000000,307600000.0,0.0,38600000.0,38600000.0,269000000.0,0,39493.15,0.0,0
2026-03-24,ATM-007,Convenience Store,Jakarta Utara,400000000,269000000.0,0.0,30000000.0,30000000.0,239000000.0,0,34794.52,0.0,0
2026-03-25,ATM-007,Convenience Store,Jakarta Utara,400000000,239000000.0,0.0,38400000.0,38400000.0,200600000.0,0,30109.59,0.0,0
2026-03-26,ATM-007,Convenience Store,Jakarta Utara,400000000,200600000.0,0.0,19500000.0,19500000.0,181100000.0,0,26143.84,0.0,0
2026-03-27,ATM-007,Convenience Store,Jakarta Utara,400000000,181100000.0,0.0,25300000.0,25300000.0,155800000.0,0,23075.34,0.0,0
2026-03-28,ATM-007,Convenience Store,Jakarta Utara,400000000,155800000.0,0.0,52000000.0,52000000.0,103800000.0,0,17780.82,0.0,0
2026-03-29,ATM-007,Convenience Store,Jakarta Utara,400000000,103800000.0,0.0,38900000.0,38900000.0,64900000.0,0,11554.79,0.0,0
2026-03-30,ATM-007,Convenience Store,Jakarta Utara,400000000,64900000.0,335100000.0,45300000.0,45300000.0,354700000.0,0,28739.73,216000.0,0
2026-03-31,ATM-007,Convenience Store,Jakarta Utara,400000000,354700000.0,0.0,35200000.0,35200000.0,319500000.0,0,46178.08,0.0,0
2026-04-01,ATM-007,Convenience Store,Jakarta Utara,400000000,319500000.0,0.0,32100000.0,32100000.0,287400000.0,0,41568.49,0.0,0
2026-04-02,ATM-007,Convenience Store,Jakarta Utara,400000000,287400000.0,0.0,28600000.0,28600000.0,258800000.0,0,37410.96,0.0,0
2026-04-03,ATM-007,Convenience Store,Jakarta Utara,400000000,258800000.0,0.0,54100000.0,54100000.0,204700000.0,0,31746.58,0.0,0
2026-04-04,ATM-007,Convenience Store,Jakarta Utara,400000000,204700000.0,0.0,26600000.0,26600000.0,178100000.0,0,26219.18,0.0,0
2026-04-05,ATM-007,Convenience Store,Jakarta Utara,400000000,178100000.0,0.0,47300000.0,47300000.0,130800000.0,0,21157.53,0.0,0
2026-04-06,ATM-007,Convenience Store,Jakarta Utara,400000000,130800000.0,0.0,38900000.0,38900000.0,91900000.0,0,15253.42,0.0,0
2026-04-07,ATM-007,Convenience Store,Jakarta Utara,400000000,91900000.0,0.0,41100000.0,41100000.0,50800000.0,0,9773.97,0.0,0
2026-04-08,ATM-007,Convenience Store,Jakarta Utara,400000000,50800000.0,349200000.0,19500000.0,19500000.0,380500000.0,0,29541.1,216000.0,0
2026-04-09,ATM-007,Convenience Store,Jakarta Utara,400000000,380500000.0,0.0,37000000.0,37000000.0,343500000.0,0,49589.04,0.0,0
2026-04-10,ATM-007,Convenience Store,Jakarta Utara,400000000,343500000.0,0.0,36100000.0,36100000.0,307400000.0,0,44582.19,0.0,0
2026-04-11,ATM-007,Convenience Store,Jakarta Utara,400000000,307400000.0,0.0,43800000.0,43800000.0,263600000.0,0,39109.59,0.0,0
2026-04-12,ATM-007,Convenience Store,Jakarta Utara,400000000,263600000.0,0.0,25800000.0,25800000.0,237800000.0,0,34342.47,0.0,0
2026-04-13,ATM-007,Convenience Store,Jakarta Utara,400000000,237800000.0,0.0,47600000.0,47600000.0,190200000.0,0,29315.07,0.0,0
2026-04-14,ATM-007,Convenience Store,Jakarta Utara,400000000,190200000.0,0.0,39000000.0,39000000.0,151200000.0,0,23383.56,0.0,0
2026-04-15,ATM-007,Convenience Store,Jakarta Utara,400000000,151200000.0,0.0,23400000.0,23400000.0,127800000.0,0,19109.59,0.0,0
2026-04-16,ATM-007,Convenience Store,Jakarta Utara,400000000,127800000.0,0.0,29000000.0,29000000.0,98800000.0,0,15520.55,0.0,0
2026-04-17,ATM-007,Convenience Store,Jakarta Utara,400000000,98800000.0,0.0,32400000.0,32400000.0,66400000.0,0,11315.07,0.0,0
2026-04-18,ATM-007,Convenience Store,Jakarta Utara,400000000,66400000.0,333600000.0,24600000.0,24600000.0,375400000.0,0,30260.27,216000.0,0
2026-04-19,ATM-007,Convenience Store,Jakarta Utara,400000000,375400000.0,0.0,32700000.0,32700000.0,342700000.0,0,49184.93,0.0,0
2026-04-20,ATM-007,Convenience Store,Jakarta Utara,400000000,342700000.0,0.0,43200000.0,43200000.0,299500000.0,0,43986.3,0.0,0
2026-04-21,ATM-007,Convenience Store,Jakarta Utara,400000000,299500000.0,0.0,26500000.0,26500000.0,273000000.0,0,39212.33,0.0,0
2026-04-22,ATM-007,Convenience Store,Jakarta Utara,400000000,273000000.0,0.0,20400000.0,20400000.0,252600000.0,0,36000.0,0.0,0
2026-04-23,ATM-007,Convenience Store,Jakarta Utara,400000000,252600000.0,0.0,45900000.0,45900000.0,206700000.0,0,31458.9,0.0,0
2026-04-24,ATM-007,Convenience Store,Jakarta Utara,400000000,206700000.0,0.0,33400000.0,33400000.0,173300000.0,0,26027.4,0.0,0
2026-04-25,ATM-007,Convenience Store,Jakarta Utara,400000000,173300000.0,0.0,42000000.0,42000000.0,131300000.0,0,20863.01,0.0,0
2026-04-26,ATM-007,Convenience Store,Jakarta Utara,400000000,131300000.0,0.0,20400000.0,20400000.0,110900000.0,0,16589.04,0.0,0
2026-04-27,ATM-007,Convenience Store,Jakarta Utara,400000000,110900000.0,0.0,30800000.0,30800000.0,80100000.0,0,13082.19,0.0,0
2026-04-28,ATM-007,Convenience Store,Jakarta Utara,400000000,80100000.0,0.0,36400000.0,36400000.0,43700000.0,0,8479.45,0.0,0
2026-04-29,ATM-007,Convenience Store,Jakarta Utara,400000000,43700000.0,356300000.0,40400000.0,40400000.0,359600000.0,0,27623.29,216000.0,0
2026-04-30,ATM-007,Convenience Store,Jakarta Utara,400000000,359600000.0,0.0,31500000.0,31500000.0,328100000.0,0,47102.74,0.0,0
2026-05-01,ATM-007,Convenience Store,Jakarta Utara,400000000,328100000.0,0.0,38200000.0,38200000.0,289900000.0,0,42328.77,0.0,0
2026-05-02,ATM-007,Convenience Store,Jakarta Utara,400000000,289900000.0,0.0,38000000.0,38000000.0,251900000.0,0,37109.59,0.0,0
2026-05-03,ATM-007,Convenience Store,Jakarta Utara,400000000,251900000.0,0.0,19500000.0,19500000.0,232400000.0,0,33171.23,0.0,0
2026-05-04,ATM-007,Convenience Store,Jakarta Utara,400000000,232400000.0,0.0,53600000.0,53600000.0,178800000.0,0,28164.38,0.0,0
2026-05-05,ATM-007,Convenience Store,Jakarta Utara,400000000,178800000.0,0.0,27000000.0,27000000.0,151800000.0,0,22643.84,0.0,0
2026-05-06,ATM-007,Convenience Store,Jakarta Utara,400000000,151800000.0,0.0,32800000.0,32800000.0,119000000.0,0,18547.95,0.0,0
2026-05-07,ATM-007,Convenience Store,Jakarta Utara,400000000,119000000.0,0.0,40600000.0,40600000.0,78400000.0,0,13520.55,0.0,0
2026-05-08,ATM-007,Convenience Store,Jakarta Utara,400000000,78400000.0,321600000.0,31200000.0,31200000.0,368800000.0,0,30630.14,216000.0,0
2026-05-09,ATM-007,Convenience Store,Jakarta Utara,400000000,368800000.0,0.0,17100000.0,17100000.0,351700000.0,0,49349.32,0.0,0
2026-05-10,ATM-007,Convenience Store,Jakarta Utara,400000000,351700000.0,0.0,46000000.0,46000000.0,305700000.0,0,45027.4,0.0,0
2026-05-11,ATM-007,Convenience Store,Jakarta Utara,400000000,305700000.0,0.0,27700000.0,27700000.0,278000000.0,0,39979.45,0.0,0
2026-05-12,ATM-007,Convenience Store,Jakarta Utara,400000000,278000000.0,0.0,41900000.0,41900000.0,236100000.0,0,35212.33,0.0,0
2026-05-13,ATM-007,Convenience Store,Jakarta Utara,400000000,236100000.0,0.0,20900000.0,20900000.0,215200000.0,0,30910.96,0.0,0
2026-05-14,ATM-007,Convenience Store,Jakarta Utara,400000000,215200000.0,0.0,25800000.0,25800000.0,189400000.0,0,27712.33,0.0,0
2026-05-15,ATM-007,Convenience Store,Jakarta Utara,400000000,189400000.0,0.0,42800000.0,42800000.0,146600000.0,0,23013.7,0.0,0
2026-05-16,ATM-007,Convenience Store,Jakarta Utara,400000000,146600000.0,0.0,22400000.0,22400000.0,124200000.0,0,18547.95,0.0,0
2026-05-17,ATM-007,Convenience Store,Jakarta Utara,400000000,124200000.0,0.0,22300000.0,22300000.0,101900000.0,0,15486.3,0.0,0
2026-05-18,ATM-007,Convenience Store,Jakarta Utara,400000000,101900000.0,0.0,23400000.0,23400000.0,78500000.0,0,12356.16,0.0,0
2026-05-19,ATM-007,Convenience Store,Jakarta Utara,400000000,78500000.0,321500000.0,37800000.0,37800000.0,362200000.0,0,30184.93,216000.0,0
2025-11-01,ATM-008,Convenience Store,Jakarta Barat,400000000,314301000.0,0.0,25100000.0,25100000.0,289201000.0,0,41335.75,0.0,0
2025-11-02,ATM-008,Convenience Store,Jakarta Barat,400000000,289201000.0,0.0,33000000.0,33000000.0,256201000.0,0,37356.3,0.0,0
2025-11-03,ATM-008,Convenience Store,Jakarta Barat,400000000,256201000.0,0.0,19900000.0,19900000.0,236301000.0,0,33733.01,0.0,0
2025-11-04,ATM-008,Convenience Store,Jakarta Barat,400000000,236301000.0,0.0,21200000.0,21200000.0,215101000.0,0,30917.95,0.0,0
2025-11-05,ATM-008,Convenience Store,Jakarta Barat,400000000,215101000.0,0.0,47000000.0,47000000.0,168101000.0,0,26246.71,0.0,0
2025-11-06,ATM-008,Convenience Store,Jakarta Barat,400000000,168101000.0,0.0,43600000.0,43600000.0,124501000.0,0,20041.23,0.0,0
2025-11-07,ATM-008,Convenience Store,Jakarta Barat,400000000,124501000.0,0.0,52400000.0,52400000.0,72101000.0,0,13465.89,0.0,0
2025-11-08,ATM-008,Convenience Store,Jakarta Barat,400000000,72101000.0,327899000.0,41000000.0,41000000.0,359000000.0,0,29527.47,393000.0,0
2025-11-09,ATM-008,Convenience Store,Jakarta Barat,400000000,359000000.0,0.0,36100000.0,36100000.0,322900000.0,0,46705.48,0.0,0
2025-11-10,ATM-008,Convenience Store,Jakarta Barat,400000000,322900000.0,0.0,47400000.0,47400000.0,275500000.0,0,40986.3,0.0,0
2025-11-11,ATM-008,Convenience Store,Jakarta Barat,400000000,275500000.0,0.0,27600000.0,27600000.0,247900000.0,0,35849.32,0.0,0
2025-11-12,ATM-008,Convenience Store,Jakarta Barat,400000000,247900000.0,0.0,26200000.0,26200000.0,221700000.0,0,32164.38,0.0,0
2025-11-13,ATM-008,Convenience Store,Jakarta Barat,400000000,221700000.0,0.0,52100000.0,52100000.0,169600000.0,0,26801.37,0.0,0
2025-11-14,ATM-008,Convenience Store,Jakarta Barat,400000000,169600000.0,0.0,26000000.0,26000000.0,143600000.0,0,21452.05,0.0,0
2025-11-15,ATM-008,Convenience Store,Jakarta Barat,400000000,143600000.0,0.0,39700000.0,39700000.0,103900000.0,0,16952.05,0.0,0
2025-11-16,ATM-008,Convenience Store,Jakarta Barat,400000000,103900000.0,0.0,59500000.0,59500000.0,44400000.0,0,10157.53,0.0,0
2025-11-17,ATM-008,Convenience Store,Jakarta Barat,400000000,44400000.0,355600000.0,24400000.0,24400000.0,375600000.0,0,28767.12,393000.0,0
2025-11-18,ATM-008,Convenience Store,Jakarta Barat,400000000,375600000.0,0.0,31500000.0,31500000.0,344100000.0,0,49294.52,0.0,0
2025-11-19,ATM-008,Convenience Store,Jakarta Barat,400000000,344100000.0,0.0,39100000.0,39100000.0,305000000.0,0,44458.9,0.0,0
2025-11-20,ATM-008,Convenience Store,Jakarta Barat,400000000,305000000.0,0.0,44300000.0,44300000.0,260700000.0,0,38746.58,0.0,0
2025-11-21,ATM-008,Convenience Store,Jakarta Barat,400000000,260700000.0,0.0,50800000.0,50800000.0,209900000.0,0,32232.88,0.0,0
2025-11-22,ATM-008,Convenience Store,Jakarta Barat,400000000,209900000.0,0.0,34800000.0,34800000.0,175100000.0,0,26369.86,0.0,0
2025-11-23,ATM-008,Convenience Store,Jakarta Barat,400000000,175100000.0,0.0,39500000.0,39500000.0,135600000.0,0,21280.82,0.0,0
2025-11-24,ATM-008,Convenience Store,Jakarta Barat,400000000,135600000.0,0.0,42400000.0,42400000.0,93200000.0,0,15671.23,0.0,0
2025-11-25,ATM-008,Convenience Store,Jakarta Barat,400000000,93200000.0,0.0,47700000.0,47700000.0,45500000.0,0,9500.0,0.0,0
2025-11-26,ATM-008,Convenience Store,Jakarta Barat,400000000,45500000.0,354500000.0,22500000.0,22500000.0,377500000.0,0,28972.6,393000.0,0
2025-11-27,ATM-008,Convenience Store,Jakarta Barat,400000000,377500000.0,0.0,49700000.0,49700000.0,327800000.0,0,48308.22,0.0,0
2025-11-28,ATM-008,Convenience Store,Jakarta Barat,400000000,327800000.0,0.0,32300000.0,32300000.0,295500000.0,0,42691.78,0.0,0
2025-11-29,ATM-008,Convenience Store,Jakarta Barat,400000000,295500000.0,0.0,57200000.0,57200000.0,238300000.0,0,36561.64,0.0,0
2025-11-30,ATM-008,Convenience Store,Jakarta Barat,400000000,238300000.0,0.0,32100000.0,32100000.0,206200000.0,0,30445.21,0.0,0
2025-12-01,ATM-008,Convenience Store,Jakarta Barat,400000000,206200000.0,0.0,29000000.0,29000000.0,177200000.0,0,26260.27,0.0,0
2025-12-02,ATM-008,Convenience Store,Jakarta Barat,400000000,177200000.0,0.0,23900000.0,23900000.0,153300000.0,0,22636.99,0.0,0
2025-12-03,ATM-008,Convenience Store,Jakarta Barat,400000000,153300000.0,0.0,28600000.0,28600000.0,124700000.0,0,19041.1,0.0,0
2025-12-04,ATM-008,Convenience Store,Jakarta Barat,400000000,124700000.0,0.0,41900000.0,41900000.0,82800000.0,0,14212.33,0.0,0
2025-12-05,ATM-008,Convenience Store,Jakarta Barat,400000000,82800000.0,0.0,26000000.0,26000000.0,56800000.0,0,9561.64,0.0,0
2025-12-06,ATM-008,Convenience Store,Jakarta Barat,400000000,56800000.0,343200000.0,54100000.0,54100000.0,345900000.0,0,27582.19,393000.0,0
2025-12-07,ATM-008,Convenience Store,Jakarta Barat,400000000,345900000.0,0.0,24000000.0,24000000.0,321900000.0,0,45739.73,0.0,0
2025-12-08,ATM-008,Convenience Store,Jakarta Barat,400000000,321900000.0,0.0,43900000.0,43900000.0,278000000.0,0,41089.04,0.0,0
2025-12-09,ATM-008,Convenience Store,Jakarta Barat,400000000,278000000.0,0.0,49200000.0,49200000.0,228800000.0,0,34712.33,0.0,0
2025-12-10,ATM-008,Convenience Store,Jakarta Barat,400000000,228800000.0,0.0,54300000.0,54300000.0,174500000.0,0,27623.29,0.0,0
2025-12-11,ATM-008,Convenience Store,Jakarta Barat,400000000,174500000.0,0.0,36700000.0,36700000.0,137800000.0,0,21390.41,0.0,0
2025-12-12,ATM-008,Convenience Store,Jakarta Barat,400000000,137800000.0,0.0,26800000.0,26800000.0,111000000.0,0,17041.1,0.0,0
2025-12-13,ATM-008,Convenience Store,Jakarta Barat,400000000,111000000.0,0.0,24800000.0,24800000.0,86200000.0,0,13506.85,0.0,0
2025-12-14,ATM-008,Convenience Store,Jakarta Barat,400000000,86200000.0,0.0,29200000.0,29200000.0,57000000.0,0,9808.22,0.0,0
2025-12-15,ATM-008,Convenience Store,Jakarta Barat,400000000,57000000.0,343000000.0,51800000.0,51800000.0,348200000.0,0,27753.42,393000.0,0
2025-12-16,ATM-008,Convenience Store,Jakarta Barat,400000000,348200000.0,0.0,34300000.0,34300000.0,313900000.0,0,45349.32,0.0,0
2025-12-17,ATM-008,Convenience Store,Jakarta Barat,400000000,313900000.0,0.0,52900000.0,52900000.0,261000000.0,0,39376.71,0.0,0
2025-12-18,ATM-008,Convenience Store,Jakarta Barat,400000000,261000000.0,0.0,53400000.0,53400000.0,207600000.0,0,32095.89,0.0,0
2025-12-19,ATM-008,Convenience Store,Jakarta Barat,400000000,207600000.0,0.0,27600000.0,27600000.0,180000000.0,0,26547.95,0.0,0
2025-12-20,ATM-008,Convenience Store,Jakarta Barat,400000000,180000000.0,0.0,23300000.0,23300000.0,156700000.0,0,23061.64,0.0,0
2025-12-21,ATM-008,Convenience Store,Jakarta Barat,400000000,156700000.0,0.0,34600000.0,34600000.0,122100000.0,0,19095.89,0.0,0
2025-12-22,ATM-008,Convenience Store,Jakarta Barat,400000000,122100000.0,0.0,49400000.0,49400000.0,72700000.0,0,13342.47,0.0,0
2025-12-23,ATM-008,Convenience Store,Jakarta Barat,400000000,72700000.0,327300000.0,46400000.0,46400000.0,353600000.0,0,29198.63,393000.0,0
2025-12-24,ATM-008,Convenience Store,Jakarta Barat,400000000,353600000.0,0.0,59100000.0,59100000.0,294500000.0,0,44390.41,0.0,0
2025-12-25,ATM-008,Convenience Store,Jakarta Barat,400000000,294500000.0,0.0,21800000.0,21800000.0,272700000.0,0,38849.32,0.0,0
2025-12-26,ATM-008,Convenience Store,Jakarta Barat,400000000,272700000.0,0.0,56500000.0,56500000.0,216200000.0,0,33486.3,0.0,0
2025-12-27,ATM-008,Convenience Store,Jakarta Barat,400000000,216200000.0,0.0,27300000.0,27300000.0,188900000.0,0,27746.58,0.0,0
2025-12-28,ATM-008,Convenience Store,Jakarta Barat,400000000,188900000.0,0.0,41200000.0,41200000.0,147700000.0,0,23054.79,0.0,0
2025-12-29,ATM-008,Convenience Store,Jakarta Barat,400000000,147700000.0,0.0,37900000.0,37900000.0,109800000.0,0,17636.99,0.0,0
2025-12-30,ATM-008,Convenience Store,Jakarta Barat,400000000,109800000.0,0.0,42900000.0,42900000.0,66900000.0,0,12102.74,0.0,0
2025-12-31,ATM-008,Convenience Store,Jakarta Barat,400000000,66900000.0,333100000.0,38900000.0,38900000.0,361100000.0,0,29315.07,393000.0,0
2026-01-01,ATM-008,Convenience Store,Jakarta Barat,400000000,361100000.0,0.0,43600000.0,43600000.0,317500000.0,0,46479.45,0.0,0
2026-01-02,ATM-008,Convenience Store,Jakarta Barat,400000000,317500000.0,0.0,45600000.0,45600000.0,271900000.0,0,40369.86,0.0,0
2026-01-03,ATM-008,Convenience Store,Jakarta Barat,400000000,271900000.0,0.0,25200000.0,25200000.0,246700000.0,0,35520.55,0.0,0
2026-01-04,ATM-008,Convenience Store,Jakarta Barat,400000000,246700000.0,0.0,19900000.0,19900000.0,226800000.0,0,32431.51,0.0,0
2026-01-05,ATM-008,Convenience Store,Jakarta Barat,400000000,226800000.0,0.0,18600000.0,18600000.0,208200000.0,0,29794.52,0.0,0
2026-01-06,ATM-008,Convenience Store,Jakarta Barat,400000000,208200000.0,0.0,34500000.0,34500000.0,173700000.0,0,26157.53,0.0,0
2026-01-07,ATM-008,Convenience Store,Jakarta Barat,400000000,173700000.0,0.0,56600000.0,56600000.0,117100000.0,0,19917.81,0.0,0
2026-01-08,ATM-008,Convenience Store,Jakarta Barat,400000000,117100000.0,0.0,33100000.0,33100000.0,84000000.0,0,13773.97,0.0,0
2026-01-09,ATM-008,Convenience Store,Jakarta Barat,400000000,84000000.0,0.0,30600000.0,30600000.0,53400000.0,0,9410.96,0.0,0
2026-01-10,ATM-008,Convenience Store,Jakarta Barat,400000000,53400000.0,346600000.0,39400000.0,39400000.0,360600000.0,0,28356.16,393000.0,0
2026-01-11,ATM-008,Convenience Store,Jakarta Barat,400000000,360600000.0,0.0,42500000.0,42500000.0,318100000.0,0,46486.3,0.0,0
2026-01-12,ATM-008,Convenience Store,Jakarta Barat,400000000,318100000.0,0.0,20600000.0,20600000.0,297500000.0,0,42164.38,0.0,0
2026-01-13,ATM-008,Convenience Store,Jakarta Barat,400000000,297500000.0,0.0,41700000.0,41700000.0,255800000.0,0,37897.26,0.0,0
2026-01-14,ATM-008,Convenience Store,Jakarta Barat,400000000,255800000.0,0.0,34900000.0,34900000.0,220900000.0,0,32650.68,0.0,0
2026-01-15,ATM-008,Convenience Store,Jakarta Barat,400000000,220900000.0,0.0,19300000.0,19300000.0,201600000.0,0,28938.36,0.0,0
2026-01-16,ATM-008,Convenience Store,Jakarta Barat,400000000,201600000.0,0.0,34200000.0,34200000.0,167400000.0,0,25273.97,0.0,0
2026-01-17,ATM-008,Convenience Store,Jakarta Barat,400000000,167400000.0,0.0,42200000.0,42200000.0,125200000.0,0,20041.1,0.0,0
2026-01-18,ATM-008,Convenience Store,Jakarta Barat,400000000,125200000.0,0.0,23700000.0,23700000.0,101500000.0,0,15527.4,0.0,0
2026-01-19,ATM-008,Convenience Store,Jakarta Barat,400000000,101500000.0,0.0,38100000.0,38100000.0,63400000.0,0,11294.52,0.0,0
2026-01-20,ATM-008,Convenience Store,Jakarta Barat,400000000,63400000.0,336600000.0,24600000.0,24600000.0,375400000.0,0,30054.79,393000.0,0
2026-01-21,ATM-008,Convenience Store,Jakarta Barat,400000000,375400000.0,0.0,28800000.0,28800000.0,346600000.0,0,49452.05,0.0,0
2026-01-22,ATM-008,Convenience Store,Jakarta Barat,400000000,346600000.0,0.0,20800000.0,20800000.0,325800000.0,0,46054.79,0.0,0
2026-01-23,ATM-008,Convenience Store,Jakarta Barat,400000000,325800000.0,0.0,22900000.0,22900000.0,302900000.0,0,43061.64,0.0,0
2026-01-24,ATM-008,Convenience Store,Jakarta Barat,400000000,302900000.0,0.0,44500000.0,44500000.0,258400000.0,0,38445.21,0.0,0
2026-01-25,ATM-008,Convenience Store,Jakarta Barat,400000000,258400000.0,0.0,38000000.0,38000000.0,220400000.0,0,32794.52,0.0,0
2026-01-26,ATM-008,Convenience Store,Jakarta Barat,400000000,220400000.0,0.0,25500000.0,25500000.0,194900000.0,0,28445.21,0.0,0
2026-01-27,ATM-008,Convenience Store,Jakarta Barat,400000000,194900000.0,0.0,22100000.0,22100000.0,172800000.0,0,25184.93,0.0,0
2026-01-28,ATM-008,Convenience Store,Jakarta Barat,400000000,172800000.0,0.0,38900000.0,38900000.0,133900000.0,0,21006.85,0.0,0
2026-01-29,ATM-008,Convenience Store,Jakarta Barat,400000000,133900000.0,0.0,29900000.0,29900000.0,104000000.0,0,16294.52,0.0,0
2026-01-30,ATM-008,Convenience Store,Jakarta Barat,400000000,104000000.0,0.0,30700000.0,30700000.0,73300000.0,0,12143.84,0.0,0
2026-01-31,ATM-008,Convenience Store,Jakarta Barat,400000000,73300000.0,326700000.0,33400000.0,33400000.0,366600000.0,0,30130.14,393000.0,0
2026-02-01,ATM-008,Convenience Store,Jakarta Barat,400000000,366600000.0,0.0,18000000.0,18000000.0,348600000.0,0,48986.3,0.0,0
2026-02-02,ATM-008,Convenience Store,Jakarta Barat,400000000,348600000.0,0.0,23900000.0,23900000.0,324700000.0,0,46116.44,0.0,0
2026-02-03,ATM-008,Convenience Store,Jakarta Barat,400000000,324700000.0,0.0,41800000.0,41800000.0,282900000.0,0,41616.44,0.0,0
2026-02-04,ATM-008,Convenience Store,Jakarta Barat,400000000,282900000.0,0.0,31800000.0,31800000.0,251100000.0,0,36575.34,0.0,0
2026-02-05,ATM-008,Convenience Store,Jakarta Barat,400000000,251100000.0,0.0,33300000.0,33300000.0,217800000.0,0,32116.44,0.0,0
2026-02-06,ATM-008,Convenience Store,Jakarta Barat,400000000,217800000.0,0.0,31700000.0,31700000.0,186100000.0,0,27664.38,0.0,0
2026-02-07,ATM-008,Convenience Store,Jakarta Barat,400000000,186100000.0,0.0,44100000.0,44100000.0,142000000.0,0,22472.6,0.0,0
2026-02-08,ATM-008,Convenience Store,Jakarta Barat,400000000,142000000.0,0.0,30200000.0,30200000.0,111800000.0,0,17383.56,0.0,0
2026-02-09,ATM-008,Convenience Store,Jakarta Barat,400000000,111800000.0,0.0,30200000.0,30200000.0,81600000.0,0,13246.58,0.0,0
2026-02-10,ATM-008,Convenience Store,Jakarta Barat,400000000,81600000.0,0.0,23100000.0,23100000.0,58500000.0,0,9595.89,0.0,0
2026-02-11,ATM-008,Convenience Store,Jakarta Barat,400000000,58500000.0,341500000.0,45400000.0,45400000.0,354600000.0,0,28294.52,393000.0,0
2026-02-12,ATM-008,Convenience Store,Jakarta Barat,400000000,354600000.0,0.0,21200000.0,21200000.0,333400000.0,0,47123.29,0.0,0
2026-02-13,ATM-008,Convenience Store,Jakarta Barat,400000000,333400000.0,0.0,43100000.0,43100000.0,290300000.0,0,42719.18,0.0,0
2026-02-14,ATM-008,Convenience Store,Jakarta Barat,400000000,290300000.0,0.0,38500000.0,38500000.0,251800000.0,0,37130.14,0.0,0
2026-02-15,ATM-008,Convenience Store,Jakarta Barat,400000000,251800000.0,0.0,51000000.0,51000000.0,200800000.0,0,31000.0,0.0,0
2026-02-16,ATM-008,Convenience Store,Jakarta Barat,400000000,200800000.0,0.0,33000000.0,33000000.0,167800000.0,0,25246.58,0.0,0
2026-02-17,ATM-008,Convenience Store,Jakarta Barat,400000000,167800000.0,0.0,45500000.0,45500000.0,122300000.0,0,19869.86,0.0,0
2026-02-18,ATM-008,Convenience Store,Jakarta Barat,400000000,122300000.0,0.0,46000000.0,46000000.0,76300000.0,0,13602.74,0.0,0
2026-02-19,ATM-008,Convenience Store,Jakarta Barat,400000000,76300000.0,323700000.0,26000000.0,26000000.0,374000000.0,0,30842.47,393000.0,0
2026-02-20,ATM-008,Convenience Store,Jakarta Barat,400000000,374000000.0,0.0,41500000.0,41500000.0,332500000.0,0,48390.41,0.0,0
2026-02-21,ATM-008,Convenience Store,Jakarta Barat,400000000,332500000.0,0.0,52700000.0,52700000.0,279800000.0,0,41938.36,0.0,0
2026-02-22,ATM-008,Convenience Store,Jakarta Barat,400000000,279800000.0,0.0,42300000.0,42300000.0,237500000.0,0,35431.51,0.0,0
2026-02-23,ATM-008,Convenience Store,Jakarta Barat,400000000,237500000.0,0.0,26000000.0,26000000.0,211500000.0,0,30753.42,0.0,0
2026-02-24,ATM-008,Convenience Store,Jakarta Barat,400000000,211500000.0,0.0,30100000.0,30100000.0,181400000.0,0,26910.96,0.0,0
2026-02-25,ATM-008,Convenience Store,Jakarta Barat,400000000,181400000.0,0.0,55200000.0,55200000.0,126200000.0,0,21068.49,0.0,0
2026-02-26,ATM-008,Convenience Store,Jakarta Barat,400000000,126200000.0,0.0,23100000.0,23100000.0,103100000.0,0,15705.48,0.0,0
2026-02-27,ATM-008,Convenience Store,Jakarta Barat,400000000,103100000.0,0.0,48400000.0,48400000.0,54700000.0,0,10808.22,0.0,0
2026-02-28,ATM-008,Convenience Store,Jakarta Barat,400000000,54700000.0,345300000.0,52500000.0,52500000.0,347500000.0,0,27547.95,393000.0,0
2026-03-01,ATM-008,Convenience Store,Jakarta Barat,400000000,347500000.0,0.0,40700000.0,40700000.0,306800000.0,0,44815.07,0.0,0
2026-03-02,ATM-008,Convenience Store,Jakarta Barat,400000000,306800000.0,0.0,55200000.0,55200000.0,251600000.0,0,38246.58,0.0,0
2026-03-03,ATM-008,Convenience Store,Jakarta Barat,400000000,251600000.0,0.0,21000000.0,21000000.0,230600000.0,0,33027.4,0.0,0
2026-03-04,ATM-008,Convenience Store,Jakarta Barat,400000000,230600000.0,0.0,29700000.0,29700000.0,200900000.0,0,29554.79,0.0,0
2026-03-05,ATM-008,Convenience Store,Jakarta Barat,400000000,200900000.0,0.0,27800000.0,27800000.0,173100000.0,0,25616.44,0.0,0
2026-03-06,ATM-008,Convenience Store,Jakarta Barat,400000000,173100000.0,0.0,51500000.0,51500000.0,121600000.0,0,20184.93,0.0,0
2026-03-07,ATM-008,Convenience Store,Jakarta Barat,400000000,121600000.0,0.0,39000000.0,39000000.0,82600000.0,0,13986.3,0.0,0
2026-03-08,ATM-008,Convenience Store,Jakarta Barat,400000000,82600000.0,0.0,31500000.0,31500000.0,51100000.0,0,9157.53,0.0,0
2026-03-09,ATM-008,Convenience Store,Jakarta Barat,400000000,51100000.0,348900000.0,25300000.0,25300000.0,374700000.0,0,29164.38,393000.0,0
2026-03-10,ATM-008,Convenience Store,Jakarta Barat,400000000,374700000.0,0.0,50300000.0,50300000.0,324400000.0,0,47883.56,0.0,0
2026-03-11,ATM-008,Convenience Store,Jakarta Barat,400000000,324400000.0,0.0,48900000.0,48900000.0,275500000.0,0,41089.04,0.0,0
2026-03-12,ATM-008,Convenience Store,Jakarta Barat,400000000,275500000.0,0.0,21100000.0,21100000.0,254400000.0,0,36294.52,0.0,0
2026-03-13,ATM-008,Convenience Store,Jakarta Barat,400000000,254400000.0,0.0,33800000.0,33800000.0,220600000.0,0,32534.25,0.0,0
2026-03-14,ATM-008,Convenience Store,Jakarta Barat,400000000,220600000.0,0.0,30800000.0,30800000.0,189800000.0,0,28109.59,0.0,0
2026-03-15,ATM-008,Convenience Store,Jakarta Barat,400000000,189800000.0,0.0,36100000.0,36100000.0,153700000.0,0,23527.4,0.0,0
2026-03-16,ATM-008,Convenience Store,Jakarta Barat,400000000,153700000.0,0.0,19200000.0,19200000.0,134500000.0,0,19739.73,0.0,0
2026-03-17,ATM-008,Convenience Store,Jakarta Barat,400000000,134500000.0,0.0,25400000.0,25400000.0,109100000.0,0,16684.93,0.0,0
2026-03-18,ATM-008,Convenience Store,Jakarta Barat,400000000,109100000.0,0.0,33300000.0,33300000.0,75800000.0,0,12664.38,0.0,0
2026-03-19,ATM-008,Convenience Store,Jakarta Barat,400000000,75800000.0,324200000.0,43500000.0,43500000.0,356500000.0,0,29609.59,393000.0,0
2026-03-20,ATM-008,Convenience Store,Jakarta Barat,400000000,356500000.0,0.0,29800000.0,29800000.0,326700000.0,0,46794.52,0.0,0
2026-03-21,ATM-008,Convenience Store,Jakarta Barat,400000000,326700000.0,0.0,55200000.0,55200000.0,271500000.0,0,40972.6,0.0,0
2026-03-22,ATM-008,Convenience Store,Jakarta Barat,400000000,271500000.0,0.0,23200000.0,23200000.0,248300000.0,0,35602.74,0.0,0
2026-03-23,ATM-008,Convenience Store,Jakarta Barat,400000000,248300000.0,0.0,26500000.0,26500000.0,221800000.0,0,32198.63,0.0,0
2026-03-24,ATM-008,Convenience Store,Jakarta Barat,400000000,221800000.0,0.0,37500000.0,37500000.0,184300000.0,0,27815.07,0.0,0
2026-03-25,ATM-008,Convenience Store,Jakarta Barat,400000000,184300000.0,0.0,26300000.0,26300000.0,158000000.0,0,23445.21,0.0,0
2026-03-26,ATM-008,Convenience Store,Jakarta Barat,400000000,158000000.0,0.0,28600000.0,28600000.0,129400000.0,0,19684.93,0.0,0
2026-03-27,ATM-008,Convenience Store,Jakarta Barat,400000000,129400000.0,0.0,37600000.0,37600000.0,91800000.0,0,15150.68,0.0,0
2026-03-28,ATM-008,Convenience Store,Jakarta Barat,400000000,91800000.0,0.0,27100000.0,27100000.0,64700000.0,0,10719.18,0.0,0
2026-03-29,ATM-008,Convenience Store,Jakarta Barat,400000000,64700000.0,335300000.0,34500000.0,34500000.0,365500000.0,0,29465.75,393000.0,0
2026-03-30,ATM-008,Convenience Store,Jakarta Barat,400000000,365500000.0,0.0,29800000.0,29800000.0,335700000.0,0,48027.4,0.0,0
2026-03-31,ATM-008,Convenience Store,Jakarta Barat,400000000,335700000.0,0.0,46600000.0,46600000.0,289100000.0,0,42794.52,0.0,0
2026-04-01,ATM-008,Convenience Store,Jakarta Barat,400000000,289100000.0,0.0,51900000.0,51900000.0,237200000.0,0,36047.95,0.0,0
2026-04-02,ATM-008,Convenience Store,Jakarta Barat,400000000,237200000.0,0.0,30600000.0,30600000.0,206600000.0,0,30397.26,0.0,0
2026-04-03,ATM-008,Convenience Store,Jakarta Barat,400000000,206600000.0,0.0,29400000.0,29400000.0,177200000.0,0,26287.67,0.0,0
2026-04-04,ATM-008,Convenience Store,Jakarta Barat,400000000,177200000.0,0.0,27500000.0,27500000.0,149700000.0,0,22390.41,0.0,0
2026-04-05,ATM-008,Convenience Store,Jakarta Barat,400000000,149700000.0,0.0,37600000.0,37600000.0,112100000.0,0,17931.51,0.0,0
2026-04-06,ATM-008,Convenience Store,Jakarta Barat,400000000,112100000.0,0.0,29200000.0,29200000.0,82900000.0,0,13356.16,0.0,0
2026-04-07,ATM-008,Convenience Store,Jakarta Barat,400000000,82900000.0,0.0,40600000.0,40600000.0,42300000.0,0,8575.34,0.0,0
2026-04-08,ATM-008,Convenience Store,Jakarta Barat,400000000,42300000.0,357700000.0,39300000.0,39300000.0,360700000.0,0,27602.74,393000.0,0
2026-04-09,ATM-008,Convenience Store,Jakarta Barat,400000000,360700000.0,0.0,37400000.0,37400000.0,323300000.0,0,46849.32,0.0,0
2026-04-10,ATM-008,Convenience Store,Jakarta Barat,400000000,323300000.0,0.0,44800000.0,44800000.0,278500000.0,0,41219.18,0.0,0
2026-04-11,ATM-008,Convenience Store,Jakarta Barat,400000000,278500000.0,0.0,33200000.0,33200000.0,245300000.0,0,35876.71,0.0,0
2026-04-12,ATM-008,Convenience Store,Jakarta Barat,400000000,245300000.0,0.0,19800000.0,19800000.0,225500000.0,0,32246.58,0.0,0
2026-04-13,ATM-008,Convenience Store,Jakarta Barat,400000000,225500000.0,0.0,32900000.0,32900000.0,192600000.0,0,28636.99,0.0,0
2026-04-14,ATM-008,Convenience Store,Jakarta Barat,400000000,192600000.0,0.0,47700000.0,47700000.0,144900000.0,0,23116.44,0.0,0
2026-04-15,ATM-008,Convenience Store,Jakarta Barat,400000000,144900000.0,0.0,26400000.0,26400000.0,118500000.0,0,18041.1,0.0,0
2026-04-16,ATM-008,Convenience Store,Jakarta Barat,400000000,118500000.0,0.0,51500000.0,51500000.0,67000000.0,0,12705.48,0.0,0
2026-04-17,ATM-008,Convenience Store,Jakarta Barat,400000000,67000000.0,333000000.0,37200000.0,37200000.0,362800000.0,0,29438.36,393000.0,0
2026-04-18,ATM-008,Convenience Store,Jakarta Barat,400000000,362800000.0,0.0,27300000.0,27300000.0,335500000.0,0,47828.77,0.0,0
2026-04-19,ATM-008,Convenience Store,Jakarta Barat,400000000,335500000.0,0.0,44100000.0,44100000.0,291400000.0,0,42938.36,0.0,0
2026-04-20,ATM-008,Convenience Store,Jakarta Barat,400000000,291400000.0,0.0,48400000.0,48400000.0,243000000.0,0,36602.74,0.0,0
2026-04-21,ATM-008,Convenience Store,Jakarta Barat,400000000,243000000.0,0.0,36600000.0,36600000.0,206400000.0,0,30780.82,0.0,0
2026-04-22,ATM-008,Convenience Store,Jakarta Barat,400000000,206400000.0,0.0,26100000.0,26100000.0,180300000.0,0,26486.3,0.0,0
2026-04-23,ATM-008,Convenience Store,Jakarta Barat,400000000,180300000.0,0.0,48100000.0,48100000.0,132200000.0,0,21404.11,0.0,0
2026-04-24,ATM-008,Convenience Store,Jakarta Barat,400000000,132200000.0,0.0,23600000.0,23600000.0,108600000.0,0,16493.15,0.0,0
2026-04-25,ATM-008,Convenience Store,Jakarta Barat,400000000,108600000.0,0.0,41000000.0,41000000.0,67600000.0,0,12068.49,0.0,0
2026-04-26,ATM-008,Convenience Store,Jakarta Barat,400000000,67600000.0,332400000.0,18200000.0,18200000.0,381800000.0,0,30780.82,393000.0,0
2026-04-27,ATM-008,Convenience Store,Jakarta Barat,400000000,381800000.0,0.0,40700000.0,40700000.0,341100000.0,0,49513.7,0.0,0
2026-04-28,ATM-008,Convenience Store,Jakarta Barat,400000000,341100000.0,0.0,51800000.0,51800000.0,289300000.0,0,43178.08,0.0,0
2026-04-29,ATM-008,Convenience Store,Jakarta Barat,400000000,289300000.0,0.0,31100000.0,31100000.0,258200000.0,0,37500.0,0.0,0
2026-04-30,ATM-008,Convenience Store,Jakarta Barat,400000000,258200000.0,0.0,27400000.0,27400000.0,230800000.0,0,33493.15,0.0,0
2026-05-01,ATM-008,Convenience Store,Jakarta Barat,400000000,230800000.0,0.0,36400000.0,36400000.0,194400000.0,0,29123.29,0.0,0
2026-05-02,ATM-008,Convenience Store,Jakarta Barat,400000000,194400000.0,0.0,42900000.0,42900000.0,151500000.0,0,23691.78,0.0,0
2026-05-03,ATM-008,Convenience Store,Jakarta Barat,400000000,151500000.0,0.0,23200000.0,23200000.0,128300000.0,0,19164.38,0.0,0
2026-05-04,ATM-008,Convenience Store,Jakarta Barat,400000000,128300000.0,0.0,45300000.0,45300000.0,83000000.0,0,14472.6,0.0,0
2026-05-05,ATM-008,Convenience Store,Jakarta Barat,400000000,83000000.0,0.0,33100000.0,33100000.0,49900000.0,0,9102.74,0.0,0
2026-05-06,ATM-008,Convenience Store,Jakarta Barat,400000000,49900000.0,350100000.0,35200000.0,35200000.0,364800000.0,0,28404.11,393000.0,0
2026-05-07,ATM-008,Convenience Store,Jakarta Barat,400000000,364800000.0,0.0,19200000.0,19200000.0,345600000.0,0,48657.53,0.0,0
2026-05-08,ATM-008,Convenience Store,Jakarta Barat,400000000,345600000.0,0.0,52400000.0,52400000.0,293200000.0,0,43753.42,0.0,0
2026-05-09,ATM-008,Convenience Store,Jakarta Barat,400000000,293200000.0,0.0,41500000.0,41500000.0,251700000.0,0,37321.92,0.0,0
2026-05-10,ATM-008,Convenience Store,Jakarta Barat,400000000,251700000.0,0.0,47800000.0,47800000.0,203900000.0,0,31205.48,0.0,0
2026-05-11,ATM-008,Convenience Store,Jakarta Barat,400000000,203900000.0,0.0,24900000.0,24900000.0,179000000.0,0,26226.03,0.0,0
2026-05-12,ATM-008,Convenience Store,Jakarta Barat,400000000,179000000.0,0.0,49800000.0,49800000.0,129200000.0,0,21109.59,0.0,0
2026-05-13,ATM-008,Convenience Store,Jakarta Barat,400000000,129200000.0,0.0,49500000.0,49500000.0,79700000.0,0,14308.22,0.0,0
2026-05-14,ATM-008,Convenience Store,Jakarta Barat,400000000,79700000.0,320300000.0,40400000.0,40400000.0,359600000.0,0,30089.04,393000.0,0
2026-05-15,ATM-008,Convenience Store,Jakarta Barat,400000000,359600000.0,0.0,44000000.0,44000000.0,315600000.0,0,46246.58,0.0,0
2026-05-16,ATM-008,Convenience Store,Jakarta Barat,400000000,315600000.0,0.0,47600000.0,47600000.0,268000000.0,0,39972.6,0.0,0
2026-05-17,ATM-008,Convenience Store,Jakarta Barat,400000000,268000000.0,0.0,26900000.0,26900000.0,241100000.0,0,34869.86,0.0,0
2026-05-18,ATM-008,Convenience Store,Jakarta Barat,400000000,241100000.0,0.0,25800000.0,25800000.0,215300000.0,0,31260.27,0.0,0
2026-05-19,ATM-008,Convenience Store,Jakarta Barat,400000000,215300000.0,0.0,42400000.0,42400000.0,172900000.0,0,26589.04,0.0,0
2025-11-01,ATM-009,Shopping Mall,Jakarta Selatan,800000000,525580000.0,0.0,92100000.0,92100000.0,433480000.0,0,65689.04,0.0,0
2025-11-02,ATM-009,Shopping Mall,Jakarta Selatan,800000000,433480000.0,0.0,102600000.0,102600000.0,330880000.0,0,52353.42,0.0,0
2025-11-03,ATM-009,Shopping Mall,Jakarta Selatan,800000000,330880000.0,0.0,61100000.0,61100000.0,269780000.0,0,41141.1,0.0,0
2025-11-04,ATM-009,Shopping Mall,Jakarta Selatan,800000000,269780000.0,0.0,51500000.0,51500000.0,218280000.0,0,33428.77,0.0,0
2025-11-05,ATM-009,Shopping Mall,Jakarta Selatan,800000000,218280000.0,0.0,63500000.0,63500000.0,154780000.0,0,25552.05,0.0,0
2025-11-06,ATM-009,Shopping Mall,Jakarta Selatan,800000000,154780000.0,645220000.0,29700000.0,29700000.0,770300000.0,0,63361.64,359000.0,0
2025-11-07,ATM-009,Shopping Mall,Jakarta Selatan,800000000,770300000.0,0.0,30600000.0,30600000.0,739700000.0,0,103424.66,0.0,0
2025-11-08,ATM-009,Shopping Mall,Jakarta Selatan,800000000,739700000.0,0.0,119900000.0,119900000.0,619800000.0,0,93116.44,0.0,0
2025-11-09,ATM-009,Shopping Mall,Jakarta Selatan,800000000,619800000.0,0.0,76100000.0,76100000.0,543700000.0,0,79691.78,0.0,0
2025-11-10,ATM-009,Shopping Mall,Jakarta Selatan,800000000,543700000.0,0.0,33500000.0,33500000.0,510200000.0,0,72184.93,0.0,0
2025-11-11,ATM-009,Shopping Mall,Jakarta Selatan,800000000,510200000.0,0.0,44600000.0,44600000.0,465600000.0,0,66835.62,0.0,0
2025-11-12,ATM-009,Shopping Mall,Jakarta Selatan,800000000,465600000.0,0.0,43700000.0,43700000.0,421900000.0,0,60787.67,0.0,0
2025-11-13,ATM-009,Shopping Mall,Jakarta Selatan,800000000,421900000.0,0.0,36100000.0,36100000.0,385800000.0,0,55321.92,0.0,0
2025-11-14,ATM-009,Shopping Mall,Jakarta Selatan,800000000,385800000.0,0.0,44300000.0,44300000.0,341500000.0,0,49815.07,0.0,0
2025-11-15,ATM-009,Shopping Mall,Jakarta Selatan,800000000,341500000.0,0.0,101200000.0,101200000.0,240300000.0,0,39849.32,0.0,0
2025-11-16,ATM-009,Shopping Mall,Jakarta Selatan,800000000,240300000.0,0.0,111900000.0,111900000.0,128400000.0,0,25253.42,0.0,0
2025-11-17,ATM-009,Shopping Mall,Jakarta Selatan,800000000,128400000.0,671600000.0,37100000.0,37100000.0,762900000.0,0,61047.95,359000.0,0
2025-11-18,ATM-009,Shopping Mall,Jakarta Selatan,800000000,762900000.0,0.0,51600000.0,51600000.0,711300000.0,0,100972.6,0.0,0
2025-11-19,ATM-009,Shopping Mall,Jakarta Selatan,800000000,711300000.0,0.0,38100000.0,38100000.0,673200000.0,0,94828.77,0.0,0
2025-11-20,ATM-009,Shopping Mall,Jakarta Selatan,800000000,673200000.0,0.0,36100000.0,36100000.0,637100000.0,0,89746.58,0.0,0
2025-11-21,ATM-009,Shopping Mall,Jakarta Selatan,800000000,637100000.0,0.0,30000000.0,30000000.0,607100000.0,0,85219.18,0.0,0
2025-11-22,ATM-009,Shopping Mall,Jakarta Selatan,800000000,607100000.0,0.0,86900000.0,86900000.0,520200000.0,0,77212.33,0.0,0
2025-11-23,ATM-009,Shopping Mall,Jakarta Selatan,800000000,520200000.0,0.0,112500000.0,112500000.0,407700000.0,0,63554.79,0.0,0
2025-11-24,ATM-009,Shopping Mall,Jakarta Selatan,800000000,407700000.0,0.0,42900000.0,42900000.0,364800000.0,0,52910.96,0.0,0
2025-11-25,ATM-009,Shopping Mall,Jakarta Selatan,800000000,364800000.0,0.0,53100000.0,53100000.0,311700000.0,0,46335.62,0.0,0
2025-11-26,ATM-009,Shopping Mall,Jakarta Selatan,800000000,311700000.0,0.0,42600000.0,42600000.0,269100000.0,0,39780.82,0.0,0
2025-11-27,ATM-009,Shopping Mall,Jakarta Selatan,800000000,269100000.0,0.0,39300000.0,39300000.0,229800000.0,0,34171.23,0.0,0
2025-11-28,ATM-009,Shopping Mall,Jakarta Selatan,800000000,229800000.0,0.0,42200000.0,42200000.0,187600000.0,0,28589.04,0.0,0
2025-11-29,ATM-009,Shopping Mall,Jakarta Selatan,800000000,187600000.0,0.0,77500000.0,77500000.0,110100000.0,0,20390.41,0.0,0
2025-11-30,ATM-009,Shopping Mall,Jakarta Selatan,800000000,110100000.0,689900000.0,98800000.0,98800000.0,701200000.0,0,55568.49,359000.0,0
2025-12-01,ATM-009,Shopping Mall,Jakarta Selatan,800000000,701200000.0,0.0,34100000.0,34100000.0,667100000.0,0,93719.18,0.0,0
2025-12-02,ATM-009,Shopping Mall,Jakarta Selatan,800000000,667100000.0,0.0,47100000.0,47100000.0,620000000.0,0,88157.53,0.0,0
2025-12-03,ATM-009,Shopping Mall,Jakarta Selatan,800000000,620000000.0,0.0,56200000.0,56200000.0,563800000.0,0,81082.19,0.0,0
2025-12-04,ATM-009,Shopping Mall,Jakarta Selatan,800000000,563800000.0,0.0,27400000.0,27400000.0,536400000.0,0,75356.16,0.0,0
2025-12-05,ATM-009,Shopping Mall,Jakarta Selatan,800000000,536400000.0,0.0,33200000.0,33200000.0,503200000.0,0,71205.48,0.0,0
2025-12-06,ATM-009,Shopping Mall,Jakarta Selatan,800000000,503200000.0,0.0,89900000.0,89900000.0,413300000.0,0,62773.97,0.0,0
2025-12-07,ATM-009,Shopping Mall,Jakarta Selatan,800000000,413300000.0,0.0,76500000.0,76500000.0,336800000.0,0,51376.71,0.0,0
2025-12-08,ATM-009,Shopping Mall,Jakarta Selatan,800000000,336800000.0,0.0,43900000.0,43900000.0,292900000.0,0,43130.14,0.0,0
2025-12-09,ATM-009,Shopping Mall,Jakarta Selatan,800000000,292900000.0,0.0,47600000.0,47600000.0,245300000.0,0,36863.01,0.0,0
2025-12-10,ATM-009,Shopping Mall,Jakarta Selatan,800000000,245300000.0,0.0,32300000.0,32300000.0,213000000.0,0,31390.41,0.0,0
2025-12-11,ATM-009,Shopping Mall,Jakarta Selatan,800000000,213000000.0,0.0,41300000.0,41300000.0,171700000.0,0,26349.32,0.0,0
2025-12-12,ATM-009,Shopping Mall,Jakarta Selatan,800000000,171700000.0,0.0,50300000.0,50300000.0,121400000.0,0,20075.34,0.0,0
2025-12-13,ATM-009,Shopping Mall,Jakarta Selatan,800000000,121400000.0,678600000.0,84500000.0,84500000.0,715500000.0,0,57321.92,359000.0,0
2025-12-14,ATM-009,Shopping Mall,Jakarta Selatan,800000000,715500000.0,0.0,89600000.0,89600000.0,625900000.0,0,91876.71,0.0,0
2025-12-15,ATM-009,Shopping Mall,Jakarta Selatan,800000000,625900000.0,0.0,67900000.0,67900000.0,558000000.0,0,81089.04,0.0,0
2025-12-16,ATM-009,Shopping Mall,Jakarta Selatan,800000000,558000000.0,0.0,46700000.0,46700000.0,511300000.0,0,73239.73,0.0,0
2025-12-17,ATM-009,Shopping Mall,Jakarta Selatan,800000000,511300000.0,0.0,35700000.0,35700000.0,475600000.0,0,67595.89,0.0,0
2025-12-18,ATM-009,Shopping Mall,Jakarta Selatan,800000000,475600000.0,0.0,68200000.0,68200000.0,407400000.0,0,60479.45,0.0,0
2025-12-19,ATM-009,Shopping Mall,Jakarta Selatan,800000000,407400000.0,0.0,37500000.0,37500000.0,369900000.0,0,53239.73,0.0,0
2025-12-20,ATM-009,Shopping Mall,Jakarta Selatan,800000000,369900000.0,0.0,88300000.0,88300000.0,281600000.0,0,44623.29,0.0,0
2025-12-21,ATM-009,Shopping Mall,Jakarta Selatan,800000000,281600000.0,0.0,107800000.0,107800000.0,173800000.0,0,31191.78,0.0,0
2025-12-22,ATM-009,Shopping Mall,Jakarta Selatan,800000000,173800000.0,0.0,33200000.0,33200000.0,140600000.0,0,21534.25,0.0,0
2025-12-23,ATM-009,Shopping Mall,Jakarta Selatan,800000000,140600000.0,659400000.0,40400000.0,40400000.0,759600000.0,0,61657.53,359000.0,0
2025-12-24,ATM-009,Shopping Mall,Jakarta Selatan,800000000,759600000.0,0.0,50800000.0,50800000.0,708800000.0,0,100575.34,0.0,0
2025-12-25,ATM-009,Shopping Mall,Jakarta Selatan,800000000,708800000.0,0.0,37700000.0,37700000.0,671100000.0,0,94513.7,0.0,0
2025-12-26,ATM-009,Shopping Mall,Jakarta Selatan,800000000,671100000.0,0.0,63700000.0,63700000.0,607400000.0,0,87568.49,0.0,0
2025-12-27,ATM-009,Shopping Mall,Jakarta Selatan,800000000,607400000.0,0.0,80200000.0,80200000.0,527200000.0,0,77712.33,0.0,0
2025-12-28,ATM-009,Shopping Mall,Jakarta Selatan,800000000,527200000.0,0.0,98000000.0,98000000.0,429200000.0,0,65506.85,0.0,0
2025-12-29,ATM-009,Shopping Mall,Jakarta Selatan,800000000,429200000.0,0.0,42200000.0,42200000.0,387000000.0,0,55904.11,0.0,0
2025-12-30,ATM-009,Shopping Mall,Jakarta Selatan,800000000,387000000.0,0.0,38100000.0,38100000.0,348900000.0,0,50404.11,0.0,0
2025-12-31,ATM-009,Shopping Mall,Jakarta Selatan,800000000,348900000.0,0.0,53500000.0,53500000.0,295400000.0,0,44130.14,0.0,0
2026-01-01,ATM-009,Shopping Mall,Jakarta Selatan,800000000,295400000.0,0.0,41600000.0,41600000.0,253800000.0,0,37616.44,0.0,0
2026-01-02,ATM-009,Shopping Mall,Jakarta Selatan,800000000,253800000.0,0.0,45300000.0,45300000.0,208500000.0,0,31664.38,0.0,0
2026-01-03,ATM-009,Shopping Mall,Jakarta Selatan,800000000,208500000.0,0.0,82400000.0,82400000.0,126100000.0,0,22917.81,0.0,0
2026-01-04,ATM-009,Shopping Mall,Jakarta Selatan,800000000,126100000.0,673900000.0,92500000.0,92500000.0,707500000.0,0,57095.89,359000.0,0
2026-01-05,ATM-009,Shopping Mall,Jakarta Selatan,800000000,707500000.0,0.0,43700000.0,43700000.0,663800000.0,0,93924.66,0.0,0
2026-01-06,ATM-009,Shopping Mall,Jakarta Selatan,800000000,663800000.0,0.0,28200000.0,28200000.0,635600000.0,0,89000.0,0.0,0
2026-01-07,ATM-009,Shopping Mall,Jakarta Selatan,800000000,635600000.0,0.0,31600000.0,31600000.0,604000000.0,0,84904.11,0.0,0
2026-01-08,ATM-009,Shopping Mall,Jakarta Selatan,800000000,604000000.0,0.0,38200000.0,38200000.0,565800000.0,0,80123.29,0.0,0
2026-01-09,ATM-009,Shopping Mall,Jakarta Selatan,800000000,565800000.0,0.0,39000000.0,39000000.0,526800000.0,0,74835.62,0.0,0
2026-01-10,ATM-009,Shopping Mall,Jakarta Selatan,800000000,526800000.0,0.0,63400000.0,63400000.0,463400000.0,0,67821.92,0.0,0
2026-01-11,ATM-009,Shopping Mall,Jakarta Selatan,800000000,463400000.0,0.0,79300000.0,79300000.0,384100000.0,0,58047.95,0.0,0
2026-01-12,ATM-009,Shopping Mall,Jakarta Selatan,800000000,384100000.0,0.0,54100000.0,54100000.0,330000000.0,0,48910.96,0.0,0
2026-01-13,ATM-009,Shopping Mall,Jakarta Selatan,800000000,330000000.0,0.0,32100000.0,32100000.0,297900000.0,0,43006.85,0.0,0
2026-01-14,ATM-009,Shopping Mall,Jakarta Selatan,800000000,297900000.0,0.0,64900000.0,64900000.0,233000000.0,0,36363.01,0.0,0
2026-01-15,ATM-009,Shopping Mall,Jakarta Selatan,800000000,233000000.0,0.0,43000000.0,43000000.0,190000000.0,0,28972.6,0.0,0
2026-01-16,ATM-009,Shopping Mall,Jakarta Selatan,800000000,190000000.0,0.0,32900000.0,32900000.0,157100000.0,0,23773.97,0.0,0
2026-01-17,ATM-009,Shopping Mall,Jakarta Selatan,800000000,157100000.0,642900000.0,86900000.0,86900000.0,713100000.0,0,59602.74,359000.0,0
2026-01-18,ATM-009,Shopping Mall,Jakarta Selatan,800000000,713100000.0,0.0,67300000.0,67300000.0,645800000.0,0,93075.34,0.0,0
2026-01-19,ATM-009,Shopping Mall,Jakarta Selatan,800000000,645800000.0,0.0,54800000.0,54800000.0,591000000.0,0,84712.33,0.0,0
2026-01-20,ATM-009,Shopping Mall,Jakarta Selatan,800000000,591000000.0,0.0,36900000.0,36900000.0,554100000.0,0,78431.51,0.0,0
2026-01-21,ATM-009,Shopping Mall,Jakarta Selatan,800000000,554100000.0,0.0,28700000.0,28700000.0,525400000.0,0,73938.36,0.0,0
2026-01-22,ATM-009,Shopping Mall,Jakarta Selatan,800000000,525400000.0,0.0,43400000.0,43400000.0,482000000.0,0,69000.0,0.0,0
2026-01-23,ATM-009,Shopping Mall,Jakarta Selatan,800000000,482000000.0,0.0,43100000.0,43100000.0,438900000.0,0,63075.34,0.0,0
2026-01-24,ATM-009,Shopping Mall,Jakarta Selatan,800000000,438900000.0,0.0,72500000.0,72500000.0,366400000.0,0,55157.53,0.0,0
2026-01-25,ATM-009,Shopping Mall,Jakarta Selatan,800000000,366400000.0,0.0,71600000.0,71600000.0,294800000.0,0,45287.67,0.0,0
2026-01-26,ATM-009,Shopping Mall,Jakarta Selatan,800000000,294800000.0,0.0,43300000.0,43300000.0,251500000.0,0,37417.81,0.0,0
2026-01-27,ATM-009,Shopping Mall,Jakarta Selatan,800000000,251500000.0,0.0,39700000.0,39700000.0,211800000.0,0,31732.88,0.0,0
2026-01-28,ATM-009,Shopping Mall,Jakarta Selatan,800000000,211800000.0,0.0,56000000.0,56000000.0,155800000.0,0,25178.08,0.0,0
2026-01-29,ATM-009,Shopping Mall,Jakarta Selatan,800000000,155800000.0,644200000.0,36900000.0,36900000.0,763100000.0,0,62938.36,359000.0,0
2026-01-30,ATM-009,Shopping Mall,Jakarta Selatan,800000000,763100000.0,0.0,34100000.0,34100000.0,729000000.0,0,102198.63,0.0,0
2026-01-31,ATM-009,Shopping Mall,Jakarta Selatan,800000000,729000000.0,0.0,107000000.0,107000000.0,622000000.0,0,92534.25,0.0,0
2026-02-01,ATM-009,Shopping Mall,Jakarta Selatan,800000000,622000000.0,0.0,94800000.0,94800000.0,527200000.0,0,78712.33,0.0,0
2026-02-02,ATM-009,Shopping Mall,Jakarta Selatan,800000000,527200000.0,0.0,57200000.0,57200000.0,470000000.0,0,68301.37,0.0,0
2026-02-03,ATM-009,Shopping Mall,Jakarta Selatan,800000000,470000000.0,0.0,45600000.0,45600000.0,424400000.0,0,61260.27,0.0,0
2026-02-04,ATM-009,Shopping Mall,Jakarta Selatan,800000000,424400000.0,0.0,41900000.0,41900000.0,382500000.0,0,55267.12,0.0,0
2026-02-05,ATM-009,Shopping Mall,Jakarta Selatan,800000000,382500000.0,0.0,50300000.0,50300000.0,332200000.0,0,48952.05,0.0,0
2026-02-06,ATM-009,Shopping Mall,Jakarta Selatan,800000000,332200000.0,0.0,44000000.0,44000000.0,288200000.0,0,42493.15,0.0,0
2026-02-07,ATM-009,Shopping Mall,Jakarta Selatan,800000000,288200000.0,0.0,115900000.0,115900000.0,172300000.0,0,31541.1,0.0,0
2026-02-08,ATM-009,Shopping Mall,Jakarta Selatan,800000000,172300000.0,0.0,67500000.0,67500000.0,104800000.0,0,18979.45,0.0,0
2026-02-09,ATM-009,Shopping Mall,Jakarta Selatan,800000000,104800000.0,695200000.0,33100000.0,33100000.0,766900000.0,0,59705.48,359000.0,0
2026-02-10,ATM-009,Shopping Mall,Jakarta Selatan,800000000,766900000.0,0.0,57400000.0,57400000.0,709500000.0,0,101123.29,0.0,0
2026-02-11,ATM-009,Shopping Mall,Jakarta Selatan,800000000,709500000.0,0.0,50500000.0,50500000.0,659000000.0,0,93732.88,0.0,0
2026-02-12,ATM-009,Shopping Mall,Jakarta Selatan,800000000,659000000.0,0.0,48700000.0,48700000.0,610300000.0,0,86938.36,0.0,0
2026-02-13,ATM-009,Shopping Mall,Jakarta Selatan,800000000,610300000.0,0.0,34600000.0,34600000.0,575700000.0,0,81232.88,0.0,0
2026-02-14,ATM-009,Shopping Mall,Jakarta Selatan,800000000,575700000.0,0.0,70100000.0,70100000.0,505600000.0,0,74061.64,0.0,0
2026-02-15,ATM-009,Shopping Mall,Jakarta Selatan,800000000,505600000.0,0.0,109600000.0,109600000.0,396000000.0,0,61753.42,0.0,0
2026-02-16,ATM-009,Shopping Mall,Jakarta Selatan,800000000,396000000.0,0.0,54700000.0,54700000.0,341300000.0,0,50500.0,0.0,0
2026-02-17,ATM-009,Shopping Mall,Jakarta Selatan,800000000,341300000.0,0.0,55900000.0,55900000.0,285400000.0,0,42924.66,0.0,0
2026-02-18,ATM-009,Shopping Mall,Jakarta Selatan,800000000,285400000.0,0.0,46900000.0,46900000.0,238500000.0,0,35883.56,0.0,0
2026-02-19,ATM-009,Shopping Mall,Jakarta Selatan,800000000,238500000.0,0.0,49400000.0,49400000.0,189100000.0,0,29287.67,0.0,0
2026-02-20,ATM-009,Shopping Mall,Jakarta Selatan,800000000,189100000.0,0.0,35000000.0,35000000.0,154100000.0,0,23506.85,0.0,0
2026-02-21,ATM-009,Shopping Mall,Jakarta Selatan,800000000,154100000.0,645900000.0,70300000.0,70300000.0,729700000.0,0,60534.25,359000.0,0
2026-02-22,ATM-009,Shopping Mall,Jakarta Selatan,800000000,729700000.0,0.0,95900000.0,95900000.0,633800000.0,0,93390.41,0.0,0
2026-02-23,ATM-009,Shopping Mall,Jakarta Selatan,800000000,633800000.0,0.0,56500000.0,56500000.0,577300000.0,0,82952.05,0.0,0
2026-02-24,ATM-009,Shopping Mall,Jakarta Selatan,800000000,577300000.0,0.0,49000000.0,49000000.0,528300000.0,0,75726.03,0.0,0
2026-02-25,ATM-009,Shopping Mall,Jakarta Selatan,800000000,528300000.0,0.0,42500000.0,42500000.0,485800000.0,0,69458.9,0.0,0
2026-02-26,ATM-009,Shopping Mall,Jakarta Selatan,800000000,485800000.0,0.0,63300000.0,63300000.0,422500000.0,0,62212.33,0.0,0
2026-02-27,ATM-009,Shopping Mall,Jakarta Selatan,800000000,422500000.0,0.0,46500000.0,46500000.0,376000000.0,0,54691.78,0.0,0
2026-02-28,ATM-009,Shopping Mall,Jakarta Selatan,800000000,376000000.0,0.0,80200000.0,80200000.0,295800000.0,0,46013.7,0.0,0
2026-03-01,ATM-009,Shopping Mall,Jakarta Selatan,800000000,295800000.0,0.0,96900000.0,96900000.0,198900000.0,0,33883.56,0.0,0
2026-03-02,ATM-009,Shopping Mall,Jakarta Selatan,800000000,198900000.0,0.0,38800000.0,38800000.0,160100000.0,0,24589.04,0.0,0
2026-03-03,ATM-009,Shopping Mall,Jakarta Selatan,800000000,160100000.0,0.0,37600000.0,37600000.0,122500000.0,0,19356.16,0.0,0
2026-03-04,ATM-009,Shopping Mall,Jakarta Selatan,800000000,122500000.0,677500000.0,49000000.0,49000000.0,751000000.0,0,59828.77,359000.0,0
2026-03-05,ATM-009,Shopping Mall,Jakarta Selatan,800000000,751000000.0,0.0,49600000.0,49600000.0,701400000.0,0,99479.45,0.0,0
2026-03-06,ATM-009,Shopping Mall,Jakarta Selatan,800000000,701400000.0,0.0,36800000.0,36800000.0,664600000.0,0,93561.64,0.0,0
2026-03-07,ATM-009,Shopping Mall,Jakarta Selatan,800000000,664600000.0,0.0,95400000.0,95400000.0,569200000.0,0,84506.85,0.0,0
2026-03-08,ATM-009,Shopping Mall,Jakarta Selatan,800000000,569200000.0,0.0,63800000.0,63800000.0,505400000.0,0,73602.74,0.0,0
2026-03-09,ATM-009,Shopping Mall,Jakarta Selatan,800000000,505400000.0,0.0,37400000.0,37400000.0,468000000.0,0,66671.23,0.0,0
2026-03-10,ATM-009,Shopping Mall,Jakarta Selatan,800000000,468000000.0,0.0,34100000.0,34100000.0,433900000.0,0,61773.97,0.0,0
2026-03-11,ATM-009,Shopping Mall,Jakarta Selatan,800000000,433900000.0,0.0,44800000.0,44800000.0,389100000.0,0,56369.86,0.0,0
2026-03-12,ATM-009,Shopping Mall,Jakarta Selatan,800000000,389100000.0,0.0,39900000.0,39900000.0,349200000.0,0,50568.49,0.0,0
2026-03-13,ATM-009,Shopping Mall,Jakarta Selatan,800000000,349200000.0,0.0,59200000.0,59200000.0,290000000.0,0,43780.82,0.0,0
2026-03-14,ATM-009,Shopping Mall,Jakarta Selatan,800000000,290000000.0,0.0,67200000.0,67200000.0,222800000.0,0,35123.29,0.0,0
2026-03-15,ATM-009,Shopping Mall,Jakarta Selatan,800000000,222800000.0,0.0,72000000.0,72000000.0,150800000.0,0,25589.04,0.0,0
2026-03-16,ATM-009,Shopping Mall,Jakarta Selatan,800000000,150800000.0,649200000.0,49000000.0,49000000.0,751000000.0,0,61767.12,359000.0,0
2026-03-17,ATM-009,Shopping Mall,Jakarta Selatan,800000000,751000000.0,0.0,47000000.0,47000000.0,704000000.0,0,99657.53,0.0,0
2026-03-18,ATM-009,Shopping Mall,Jakarta Selatan,800000000,704000000.0,0.0,43500000.0,43500000.0,660500000.0,0,93458.9,0.0,0
2026-03-19,ATM-009,Shopping Mall,Jakarta Selatan,800000000,660500000.0,0.0,46900000.0,46900000.0,613600000.0,0,87267.12,0.0,0
2026-03-20,ATM-009,Shopping Mall,Jakarta Selatan,800000000,613600000.0,0.0,45600000.0,45600000.0,568000000.0,0,80931.51,0.0,0
2026-03-21,ATM-009,Shopping Mall,Jakarta Selatan,800000000,568000000.0,0.0,108100000.0,108100000.0,459900000.0,0,70404.11,0.0,0
2026-03-22,ATM-009,Shopping Mall,Jakarta Selatan,800000000,459900000.0,0.0,98700000.0,98700000.0,361200000.0,0,56239.73,0.0,0
2026-03-23,ATM-009,Shopping Mall,Jakarta Selatan,800000000,361200000.0,0.0,27200000.0,27200000.0,334000000.0,0,47616.44,0.0,0
2026-03-24,ATM-009,Shopping Mall,Jakarta Selatan,800000000,334000000.0,0.0,37200000.0,37200000.0,296800000.0,0,43205.48,0.0,0
2026-03-25,ATM-009,Shopping Mall,Jakarta Selatan,800000000,296800000.0,0.0,43500000.0,43500000.0,253300000.0,0,37678.08,0.0,0
2026-03-26,ATM-009,Shopping Mall,Jakarta Selatan,800000000,253300000.0,0.0,42300000.0,42300000.0,211000000.0,0,31801.37,0.0,0
2026-03-27,ATM-009,Shopping Mall,Jakarta Selatan,800000000,211000000.0,0.0,55400000.0,55400000.0,155600000.0,0,25109.59,0.0,0
2026-03-28,ATM-009,Shopping Mall,Jakarta Selatan,800000000,155600000.0,644400000.0,97300000.0,97300000.0,702700000.0,0,58787.67,359000.0,0
2026-03-29,ATM-009,Shopping Mall,Jakarta Selatan,800000000,702700000.0,0.0,86800000.0,86800000.0,615900000.0,0,90315.07,0.0,0
2026-03-30,ATM-009,Shopping Mall,Jakarta Selatan,800000000,615900000.0,0.0,49700000.0,49700000.0,566200000.0,0,80965.75,0.0,0
2026-03-31,ATM-009,Shopping Mall,Jakarta Selatan,800000000,566200000.0,0.0,57100000.0,57100000.0,509100000.0,0,73650.68,0.0,0
2026-04-01,ATM-009,Shopping Mall,Jakarta Selatan,800000000,509100000.0,0.0,52100000.0,52100000.0,457000000.0,0,66171.23,0.0,0
2026-04-02,ATM-009,Shopping Mall,Jakarta Selatan,800000000,457000000.0,0.0,58800000.0,58800000.0,398200000.0,0,58575.34,0.0,0
2026-04-03,ATM-009,Shopping Mall,Jakarta Selatan,800000000,398200000.0,0.0,34000000.0,34000000.0,364200000.0,0,52219.18,0.0,0
2026-04-04,ATM-009,Shopping Mall,Jakarta Selatan,800000000,364200000.0,0.0,75200000.0,75200000.0,289000000.0,0,44739.73,0.0,0
2026-04-05,ATM-009,Shopping Mall,Jakarta Selatan,800000000,289000000.0,0.0,131900000.0,131900000.0,157100000.0,0,30554.79,0.0,0
2026-04-06,ATM-009,Shopping Mall,Jakarta Selatan,800000000,157100000.0,642900000.0,44600000.0,44600000.0,755400000.0,0,62500.0,359000.0,0
2026-04-07,ATM-009,Shopping Mall,Jakarta Selatan,800000000,755400000.0,0.0,50200000.0,50200000.0,705200000.0,0,100041.1,0.0,0
2026-04-08,ATM-009,Shopping Mall,Jakarta Selatan,800000000,705200000.0,0.0,51700000.0,51700000.0,653500000.0,0,93061.64,0.0,0
2026-04-09,ATM-009,Shopping Mall,Jakarta Selatan,800000000,653500000.0,0.0,32300000.0,32300000.0,621200000.0,0,87308.22,0.0,0
2026-04-10,ATM-009,Shopping Mall,Jakarta Selatan,800000000,621200000.0,0.0,55400000.0,55400000.0,565800000.0,0,81301.37,0.0,0
2026-04-11,ATM-009,Shopping Mall,Jakarta Selatan,800000000,565800000.0,0.0,86100000.0,86100000.0,479700000.0,0,71609.59,0.0,0
2026-04-12,ATM-009,Shopping Mall,Jakarta Selatan,800000000,479700000.0,0.0,138500000.0,138500000.0,341200000.0,0,56226.03,0.0,0
2026-04-13,ATM-009,Shopping Mall,Jakarta Selatan,800000000,341200000.0,0.0,48100000.0,48100000.0,293100000.0,0,43445.21,0.0,0
2026-04-14,ATM-009,Shopping Mall,Jakarta Selatan,800000000,293100000.0,0.0,70000000.0,70000000.0,223100000.0,0,35356.16,0.0,0
2026-04-15,ATM-009,Shopping Mall,Jakarta Selatan,800000000,223100000.0,0.0,37200000.0,37200000.0,185900000.0,0,28013.7,0.0,0
2026-04-16,ATM-009,Shopping Mall,Jakarta Selatan,800000000,185900000.0,0.0,45800000.0,45800000.0,140100000.0,0,22328.77,0.0,0
2026-04-17,ATM-009,Shopping Mall,Jakarta Selatan,800000000,140100000.0,659900000.0,48200000.0,48200000.0,751800000.0,0,61089.04,359000.0,0
2026-04-18,ATM-009,Shopping Mall,Jakarta Selatan,800000000,751800000.0,0.0,116800000.0,116800000.0,635000000.0,0,94986.3,0.0,0
2026-04-19,ATM-009,Shopping Mall,Jakarta Selatan,800000000,635000000.0,0.0,120600000.0,120600000.0,514400000.0,0,78726.03,0.0,0
2026-04-20,ATM-009,Shopping Mall,Jakarta Selatan,800000000,514400000.0,0.0,43100000.0,43100000.0,471300000.0,0,67513.7,0.0,0
2026-04-21,ATM-009,Shopping Mall,Jakarta Selatan,800000000,471300000.0,0.0,44600000.0,44600000.0,426700000.0,0,61506.85,0.0,0
2026-04-22,ATM-009,Shopping Mall,Jakarta Selatan,800000000,426700000.0,0.0,43100000.0,43100000.0,383600000.0,0,55500.0,0.0,0
2026-04-23,ATM-009,Shopping Mall,Jakarta Selatan,800000000,383600000.0,0.0,63000000.0,63000000.0,320600000.0,0,48232.88,0.0,0
2026-04-24,ATM-009,Shopping Mall,Jakarta Selatan,800000000,320600000.0,0.0,58800000.0,58800000.0,261800000.0,0,39890.41,0.0,0
2026-04-25,ATM-009,Shopping Mall,Jakarta Selatan,800000000,261800000.0,0.0,94400000.0,94400000.0,167400000.0,0,29397.26,0.0,0
2026-04-26,ATM-009,Shopping Mall,Jakarta Selatan,800000000,167400000.0,0.0,63000000.0,63000000.0,104400000.0,0,18616.44,0.0,0
2026-04-27,ATM-009,Shopping Mall,Jakarta Selatan,800000000,104400000.0,695600000.0,45700000.0,45700000.0,754300000.0,0,58815.07,359000.0,0
2026-04-28,ATM-009,Shopping Mall,Jakarta Selatan,800000000,754300000.0,0.0,48400000.0,48400000.0,705900000.0,0,100013.7,0.0,0
2026-04-29,ATM-009,Shopping Mall,Jakarta Selatan,800000000,705900000.0,0.0,59600000.0,59600000.0,646300000.0,0,92616.44,0.0,0
2026-04-30,ATM-009,Shopping Mall,Jakarta Selatan,800000000,646300000.0,0.0,43900000.0,43900000.0,602400000.0,0,85527.4,0.0,0
2026-05-01,ATM-009,Shopping Mall,Jakarta Selatan,800000000,602400000.0,0.0,54700000.0,54700000.0,547700000.0,0,78773.97,0.0,0
2026-05-02,ATM-009,Shopping Mall,Jakarta Selatan,800000000,547700000.0,0.0,52800000.0,52800000.0,494900000.0,0,71410.96,0.0,0
2026-05-03,ATM-009,Shopping Mall,Jakarta Selatan,800000000,494900000.0,0.0,88200000.0,88200000.0,406700000.0,0,61753.42,0.0,0
2026-05-04,ATM-009,Shopping Mall,Jakarta Selatan,800000000,406700000.0,0.0,45400000.0,45400000.0,361300000.0,0,52602.74,0.0,0
2026-05-05,ATM-009,Shopping Mall,Jakarta Selatan,800000000,361300000.0,0.0,34700000.0,34700000.0,326600000.0,0,47116.44,0.0,0
2026-05-06,ATM-009,Shopping Mall,Jakarta Selatan,800000000,326600000.0,0.0,59400000.0,59400000.0,267200000.0,0,40671.23,0.0,0
2026-05-07,ATM-009,Shopping Mall,Jakarta Selatan,800000000,267200000.0,0.0,42800000.0,42800000.0,224400000.0,0,33671.23,0.0,0
2026-05-08,ATM-009,Shopping Mall,Jakarta Selatan,800000000,224400000.0,0.0,34900000.0,34900000.0,189500000.0,0,28349.32,0.0,0
2026-05-09,ATM-009,Shopping Mall,Jakarta Selatan,800000000,189500000.0,0.0,75900000.0,75900000.0,113600000.0,0,20760.27,0.0,0
2026-05-10,ATM-009,Shopping Mall,Jakarta Selatan,800000000,113600000.0,686400000.0,119600000.0,119600000.0,680400000.0,0,54383.56,359000.0,0
2026-05-11,ATM-009,Shopping Mall,Jakarta Selatan,800000000,680400000.0,0.0,53600000.0,53600000.0,626800000.0,0,89534.25,0.0,0
2026-05-12,ATM-009,Shopping Mall,Jakarta Selatan,800000000,626800000.0,0.0,41400000.0,41400000.0,585400000.0,0,83027.4,0.0,0
2026-05-13,ATM-009,Shopping Mall,Jakarta Selatan,800000000,585400000.0,0.0,49400000.0,49400000.0,536000000.0,0,76808.22,0.0,0
2026-05-14,ATM-009,Shopping Mall,Jakarta Selatan,800000000,536000000.0,0.0,58500000.0,58500000.0,477500000.0,0,69417.81,0.0,0
2026-05-15,ATM-009,Shopping Mall,Jakarta Selatan,800000000,477500000.0,0.0,49200000.0,49200000.0,428300000.0,0,62041.1,0.0,0
2026-05-16,ATM-009,Shopping Mall,Jakarta Selatan,800000000,428300000.0,0.0,109700000.0,109700000.0,318600000.0,0,51157.53,0.0,0
2026-05-17,ATM-009,Shopping Mall,Jakarta Selatan,800000000,318600000.0,0.0,75000000.0,75000000.0,243600000.0,0,38506.85,0.0,0
2026-05-18,ATM-009,Shopping Mall,Jakarta Selatan,800000000,243600000.0,0.0,39400000.0,39400000.0,204200000.0,0,30671.23,0.0,0
2026-05-19,ATM-009,Shopping Mall,Jakarta Selatan,800000000,204200000.0,0.0,61300000.0,61300000.0,142900000.0,0,23773.97,0.0,0
2025-11-01,ATM-010,Office Building,Jakarta Barat,800000000,679196000.0,0.0,20700000.0,20700000.0,658496000.0,0,91622.74,0.0,0
2025-11-02,ATM-010,Office Building,Jakarta Barat,800000000,658496000.0,0.0,18200000.0,18200000.0,640296000.0,0,88958.36,0.0,0
2025-11-03,ATM-010,Office Building,Jakarta Barat,800000000,640296000.0,0.0,70100000.0,70100000.0,570196000.0,0,82910.41,0.0,0
2025-11-04,ATM-010,Office Building,Jakarta Barat,800000000,570196000.0,0.0,93400000.0,93400000.0,476796000.0,0,71711.78,0.0,0
2025-11-05,ATM-010,Office Building,Jakarta Barat,800000000,476796000.0,0.0,47600000.0,47600000.0,429196000.0,0,62054.25,0.0,0
2025-11-06,ATM-010,Office Building,Jakarta Barat,800000000,429196000.0,0.0,64900000.0,64900000.0,364296000.0,0,54348.77,0.0,0
2025-11-07,ATM-010,Office Building,Jakarta Barat,800000000,364296000.0,0.0,49000000.0,49000000.0,315296000.0,0,46547.4,0.0,0
2025-11-08,ATM-010,Office Building,Jakarta Barat,800000000,315296000.0,0.0,13400000.0,13400000.0,301896000.0,0,42273.42,0.0,0
2025-11-09,ATM-010,Office Building,Jakarta Barat,800000000,301896000.0,0.0,13300000.0,13300000.0,288596000.0,0,40444.66,0.0,0
2025-11-10,ATM-010,Office Building,Jakarta Barat,800000000,288596000.0,0.0,62400000.0,62400000.0,226196000.0,0,35259.73,0.0,0
2025-11-11,ATM-010,Office Building,Jakarta Barat,800000000,226196000.0,0.0,61300000.0,61300000.0,164896000.0,0,26787.12,0.0,0
2025-11-12,ATM-010,Office Building,Jakarta Barat,800000000,164896000.0,0.0,41100000.0,41100000.0,123796000.0,0,19773.42,0.0,0
2025-11-13,ATM-010,Office Building,Jakarta Barat,800000000,123796000.0,676204000.0,46000000.0,46000000.0,754000000.0,0,60123.01,197000.0,0
2025-11-14,ATM-010,Office Building,Jakarta Barat,800000000,754000000.0,0.0,90600000.0,90600000.0,663400000.0,0,97082.19,0.0,0
2025-11-15,ATM-010,Office Building,Jakarta Barat,800000000,663400000.0,0.0,16600000.0,16600000.0,646800000.0,0,89739.73,0.0,0
2025-11-16,ATM-010,Office Building,Jakarta Barat,800000000,646800000.0,0.0,14800000.0,14800000.0,632000000.0,0,87589.04,0.0,0
2025-11-17,ATM-010,Office Building,Jakarta Barat,800000000,632000000.0,0.0,73400000.0,73400000.0,558600000.0,0,81547.95,0.0,0
2025-11-18,ATM-010,Office Building,Jakarta Barat,800000000,558600000.0,0.0,44500000.0,44500000.0,514100000.0,0,73472.6,0.0,0
2025-11-19,ATM-010,Office Building,Jakarta Barat,800000000,514100000.0,0.0,43500000.0,43500000.0,470600000.0,0,67445.21,0.0,0
2025-11-20,ATM-010,Office Building,Jakarta Barat,800000000,470600000.0,0.0,61700000.0,61700000.0,408900000.0,0,60239.73,0.0,0
2025-11-21,ATM-010,Office Building,Jakarta Barat,800000000,408900000.0,0.0,39600000.0,39600000.0,369300000.0,0,53301.37,0.0,0
2025-11-22,ATM-010,Office Building,Jakarta Barat,800000000,369300000.0,0.0,11300000.0,11300000.0,358000000.0,0,49815.07,0.0,0
2025-11-23,ATM-010,Office Building,Jakarta Barat,800000000,358000000.0,0.0,12100000.0,12100000.0,345900000.0,0,48212.33,0.0,0
2025-11-24,ATM-010,Office Building,Jakarta Barat,800000000,345900000.0,0.0,78600000.0,78600000.0,267300000.0,0,42000.0,0.0,0
2025-11-25,ATM-010,Office Building,Jakarta Barat,800000000,267300000.0,0.0,101500000.0,101500000.0,165800000.0,0,29664.38,0.0,0
2025-11-26,ATM-010,Office Building,Jakarta Barat,800000000,165800000.0,0.0,71600000.0,71600000.0,94200000.0,0,17808.22,0.0,0
2025-11-27,ATM-010,Office Building,Jakarta Barat,800000000,94200000.0,705800000.0,71900000.0,71900000.0,728100000.0,0,56321.92,197000.0,0
2025-11-28,ATM-010,Office Building,Jakarta Barat,800000000,728100000.0,0.0,89100000.0,89100000.0,639000000.0,0,93636.99,0.0,0
2025-11-29,ATM-010,Office Building,Jakarta Barat,800000000,639000000.0,0.0,19200000.0,19200000.0,619800000.0,0,86219.18,0.0,0
2025-11-30,ATM-010,Office Building,Jakarta Barat,800000000,619800000.0,0.0,15600000.0,15600000.0,604200000.0,0,83835.62,0.0,0
2025-12-01,ATM-010,Office Building,Jakarta Barat,800000000,604200000.0,0.0,101100000.0,101100000.0,503100000.0,0,75842.47,0.0,0
2025-12-02,ATM-010,Office Building,Jakarta Barat,800000000,503100000.0,0.0,60200000.0,60200000.0,442900000.0,0,64794.52,0.0,0
2025-12-03,ATM-010,Office Building,Jakarta Barat,800000000,442900000.0,0.0,63000000.0,63000000.0,379900000.0,0,56356.16,0.0,0
2025-12-04,ATM-010,Office Building,Jakarta Barat,800000000,379900000.0,0.0,77000000.0,77000000.0,302900000.0,0,46767.12,0.0,0
2025-12-05,ATM-010,Office Building,Jakarta Barat,800000000,302900000.0,0.0,78400000.0,78400000.0,224500000.0,0,36123.29,0.0,0
2025-12-06,ATM-010,Office Building,Jakarta Barat,800000000,224500000.0,0.0,12100000.0,12100000.0,212400000.0,0,29924.66,0.0,0
2025-12-07,ATM-010,Office Building,Jakarta Barat,800000000,212400000.0,0.0,12000000.0,12000000.0,200400000.0,0,28273.97,0.0,0
2025-12-08,ATM-010,Office Building,Jakarta Barat,800000000,200400000.0,0.0,75800000.0,75800000.0,124600000.0,0,22260.27,0.0,0
2025-12-09,ATM-010,Office Building,Jakarta Barat,800000000,124600000.0,675400000.0,89100000.0,89100000.0,710900000.0,0,57226.03,197000.0,0
2025-12-10,ATM-010,Office Building,Jakarta Barat,800000000,710900000.0,0.0,33400000.0,33400000.0,677500000.0,0,95095.89,0.0,0
2025-12-11,ATM-010,Office Building,Jakarta Barat,800000000,677500000.0,0.0,81600000.0,81600000.0,595900000.0,0,87219.18,0.0,0
2025-12-12,ATM-010,Office Building,Jakarta Barat,800000000,595900000.0,0.0,80700000.0,80700000.0,515200000.0,0,76102.74,0.0,0
2025-12-13,ATM-010,Office Building,Jakarta Barat,800000000,515200000.0,0.0,11200000.0,11200000.0,504000000.0,0,69808.22,0.0,0
2025-12-14,ATM-010,Office Building,Jakarta Barat,800000000,504000000.0,0.0,20300000.0,20300000.0,483700000.0,0,67650.68,0.0,0
2025-12-15,ATM-010,Office Building,Jakarta Barat,800000000,483700000.0,0.0,83400000.0,83400000.0,400300000.0,0,60547.95,0.0,0
2025-12-16,ATM-010,Office Building,Jakarta Barat,800000000,400300000.0,0.0,95600000.0,95600000.0,304700000.0,0,48287.67,0.0,0
2025-12-17,ATM-010,Office Building,Jakarta Barat,800000000,304700000.0,0.0,46900000.0,46900000.0,257800000.0,0,38527.4,0.0,0
2025-12-18,ATM-010,Office Building,Jakarta Barat,800000000,257800000.0,0.0,47200000.0,47200000.0,210600000.0,0,32082.19,0.0,0
2025-12-19,ATM-010,Office Building,Jakarta Barat,800000000,210600000.0,0.0,47700000.0,47700000.0,162900000.0,0,25582.19,0.0,0
2025-12-20,ATM-010,Office Building,Jakarta Barat,800000000,162900000.0,0.0,16000000.0,16000000.0,146900000.0,0,21219.18,0.0,0
2025-12-21,ATM-010,Office Building,Jakarta Barat,800000000,146900000.0,653100000.0,11100000.0,11100000.0,788900000.0,0,64095.89,197000.0,0
2025-12-22,ATM-010,Office Building,Jakarta Barat,800000000,788900000.0,0.0,62500000.0,62500000.0,726400000.0,0,103787.67,0.0,0
2025-12-23,ATM-010,Office Building,Jakarta Barat,800000000,726400000.0,0.0,49700000.0,49700000.0,676700000.0,0,96102.74,0.0,0
2025-12-24,ATM-010,Office Building,Jakarta Barat,800000000,676700000.0,0.0,74700000.0,74700000.0,602000000.0,0,87582.19,0.0,0
2025-12-25,ATM-010,Office Building,Jakarta Barat,800000000,602000000.0,0.0,75500000.0,75500000.0,526500000.0,0,77294.52,0.0,0
2025-12-26,ATM-010,Office Building,Jakarta Barat,800000000,526500000.0,0.0,80500000.0,80500000.0,446000000.0,0,66609.59,0.0,0
2025-12-27,ATM-010,Office Building,Jakarta Barat,800000000,446000000.0,0.0,14100000.0,14100000.0,431900000.0,0,60130.14,0.0,0
2025-12-28,ATM-010,Office Building,Jakarta Barat,800000000,431900000.0,0.0,16200000.0,16200000.0,415700000.0,0,58054.79,0.0,0
2025-12-29,ATM-010,Office Building,Jakarta Barat,800000000,415700000.0,0.0,73000000.0,73000000.0,342700000.0,0,51945.21,0.0,0
2025-12-30,ATM-010,Office Building,Jakarta Barat,800000000,342700000.0,0.0,49000000.0,49000000.0,293700000.0,0,43589.04,0.0,0
2025-12-31,ATM-010,Office Building,Jakarta Barat,800000000,293700000.0,0.0,59300000.0,59300000.0,234400000.0,0,36171.23,0.0,0
2026-01-01,ATM-010,Office Building,Jakarta Barat,800000000,234400000.0,0.0,72300000.0,72300000.0,162100000.0,0,27157.53,0.0,0
2026-01-02,ATM-010,Office Building,Jakarta Barat,800000000,162100000.0,0.0,57000000.0,57000000.0,105100000.0,0,18301.37,0.0,0
2026-01-03,ATM-010,Office Building,Jakarta Barat,800000000,105100000.0,694900000.0,15600000.0,15600000.0,784400000.0,0,60924.66,197000.0,0
2026-01-04,ATM-010,Office Building,Jakarta Barat,800000000,784400000.0,0.0,18300000.0,18300000.0,766100000.0,0,106198.63,0.0,0
2026-01-05,ATM-010,Office Building,Jakarta Barat,800000000,766100000.0,0.0,50600000.0,50600000.0,715500000.0,0,101479.45,0.0,0
2026-01-06,ATM-010,Office Building,Jakarta Barat,800000000,715500000.0,0.0,95800000.0,95800000.0,619700000.0,0,91452.05,0.0,0
2026-01-07,ATM-010,Office Building,Jakarta Barat,800000000,619700000.0,0.0,72600000.0,72600000.0,547100000.0,0,79917.81,0.0,0
2026-01-08,ATM-010,Office Building,Jakarta Barat,800000000,547100000.0,0.0,89300000.0,89300000.0,457800000.0,0,68828.77,0.0,0
2026-01-09,ATM-010,Office Building,Jakarta Barat,800000000,457800000.0,0.0,57500000.0,57500000.0,400300000.0,0,58773.97,0.0,0
2026-01-10,ATM-010,Office Building,Jakarta Barat,800000000,400300000.0,0.0,10400000.0,10400000.0,389900000.0,0,54123.29,0.0,0
2026-01-11,ATM-010,Office Building,Jakarta Barat,800000000,389900000.0,0.0,18100000.0,18100000.0,371800000.0,0,52171.23,0.0,0
2026-01-12,ATM-010,Office Building,Jakarta Barat,800000000,371800000.0,0.0,60700000.0,60700000.0,311100000.0,0,46773.97,0.0,0
2026-01-13,ATM-010,Office Building,Jakarta Barat,800000000,311100000.0,0.0,79900000.0,79900000.0,231200000.0,0,37143.84,0.0,0
2026-01-14,ATM-010,Office Building,Jakarta Barat,800000000,231200000.0,0.0,64200000.0,64200000.0,167000000.0,0,27273.97,0.0,0
2026-01-15,ATM-010,Office Building,Jakarta Barat,800000000,167000000.0,0.0,56700000.0,56700000.0,110300000.0,0,18993.15,0.0,0
2026-01-16,ATM-010,Office Building,Jakarta Barat,800000000,110300000.0,689700000.0,57900000.0,57900000.0,742100000.0,0,58383.56,197000.0,0
2026-01-17,ATM-010,Office Building,Jakarta Barat,800000000,742100000.0,0.0,10400000.0,10400000.0,731700000.0,0,100945.21,0.0,0
2026-01-18,ATM-010,Office Building,Jakarta Barat,800000000,731700000.0,0.0,20500000.0,20500000.0,711200000.0,0,98828.77,0.0,0
2026-01-19,ATM-010,Office Building,Jakarta Barat,800000000,711200000.0,0.0,96800000.0,96800000.0,614400000.0,0,90794.52,0.0,0
2026-01-20,ATM-010,Office Building,Jakarta Barat,800000000,614400000.0,0.0,88300000.0,88300000.0,526100000.0,0,78116.44,0.0,0
2026-01-21,ATM-010,Office Building,Jakarta Barat,800000000,526100000.0,0.0,61800000.0,61800000.0,464300000.0,0,67835.62,0.0,0
2026-01-22,ATM-010,Office Building,Jakarta Barat,800000000,464300000.0,0.0,36400000.0,36400000.0,427900000.0,0,61109.59,0.0,0
2026-01-23,ATM-010,Office Building,Jakarta Barat,800000000,427900000.0,0.0,75900000.0,75900000.0,352000000.0,0,53417.81,0.0,0
2026-01-24,ATM-010,Office Building,Jakarta Barat,800000000,352000000.0,0.0,11300000.0,11300000.0,340700000.0,0,47445.21,0.0,0
2026-01-25,ATM-010,Office Building,Jakarta Barat,800000000,340700000.0,0.0,13900000.0,13900000.0,326800000.0,0,45719.18,0.0,0
2026-01-26,ATM-010,Office Building,Jakarta Barat,800000000,326800000.0,0.0,82300000.0,82300000.0,244500000.0,0,39130.14,0.0,0
2026-01-27,ATM-010,Office Building,Jakarta Barat,800000000,244500000.0,0.0,54800000.0,54800000.0,189700000.0,0,29739.73,0.0,0
2026-01-28,ATM-010,Office Building,Jakarta Barat,800000000,189700000.0,0.0,65300000.0,65300000.0,124400000.0,0,21513.7,0.0,0
2026-01-29,ATM-010,Office Building,Jakarta Barat,800000000,124400000.0,675600000.0,71000000.0,71000000.0,729000000.0,0,58452.05,197000.0,0
2026-01-30,ATM-010,Office Building,Jakarta Barat,800000000,729000000.0,0.0,53900000.0,53900000.0,675100000.0,0,96171.23,0.0,0
2026-01-31,ATM-010,Office Building,Jakarta Barat,800000000,675100000.0,0.0,11500000.0,11500000.0,663600000.0,0,91691.78,0.0,0
2026-02-01,ATM-010,Office Building,Jakarta Barat,800000000,663600000.0,0.0,11100000.0,11100000.0,652500000.0,0,90143.84,0.0,0
2026-02-02,ATM-010,Office Building,Jakarta Barat,800000000,652500000.0,0.0,75000000.0,75000000.0,577500000.0,0,84246.58,0.0,0
2026-02-03,ATM-010,Office Building,Jakarta Barat,800000000,577500000.0,0.0,70000000.0,70000000.0,507500000.0,0,74315.07,0.0,0
2026-02-04,ATM-010,Office Building,Jakarta Barat,800000000,507500000.0,0.0,88200000.0,88200000.0,419300000.0,0,63479.45,0.0,0
2026-02-05,ATM-010,Office Building,Jakarta Barat,800000000,419300000.0,0.0,59600000.0,59600000.0,359700000.0,0,53356.16,0.0,0
2026-02-06,ATM-010,Office Building,Jakarta Barat,800000000,359700000.0,0.0,56400000.0,56400000.0,303300000.0,0,45410.96,0.0,0
2026-02-07,ATM-010,Office Building,Jakarta Barat,800000000,303300000.0,0.0,12300000.0,12300000.0,291000000.0,0,40705.48,0.0,0
2026-02-08,ATM-010,Office Building,Jakarta Barat,800000000,291000000.0,0.0,21100000.0,21100000.0,269900000.0,0,38417.81,0.0,0
2026-02-09,ATM-010,Office Building,Jakarta Barat,800000000,269900000.0,0.0,47700000.0,47700000.0,222200000.0,0,33705.48,0.0,0
2026-02-10,ATM-010,Office Building,Jakarta Barat,800000000,222200000.0,0.0,61400000.0,61400000.0,160800000.0,0,26232.88,0.0,0
2026-02-11,ATM-010,Office Building,Jakarta Barat,800000000,160800000.0,0.0,36400000.0,36400000.0,124400000.0,0,19534.25,0.0,0
2026-02-12,ATM-010,Office Building,Jakarta Barat,800000000,124400000.0,675600000.0,41000000.0,41000000.0,759000000.0,0,60506.85,197000.0,0
2026-02-13,ATM-010,Office Building,Jakarta Barat,800000000,759000000.0,0.0,42900000.0,42900000.0,716100000.0,0,101034.25,0.0,0
2026-02-14,ATM-010,Office Building,Jakarta Barat,800000000,716100000.0,0.0,14600000.0,14600000.0,701500000.0,0,97095.89,0.0,0
2026-02-15,ATM-010,Office Building,Jakarta Barat,800000000,701500000.0,0.0,19500000.0,19500000.0,682000000.0,0,94760.27,0.0,0
2026-02-16,ATM-010,Office Building,Jakarta Barat,800000000,682000000.0,0.0,80600000.0,80600000.0,601400000.0,0,87904.11,0.0,0
2026-02-17,ATM-010,Office Building,Jakarta Barat,800000000,601400000.0,0.0,70600000.0,70600000.0,530800000.0,0,77547.95,0.0,0
2026-02-18,ATM-010,Office Building,Jakarta Barat,800000000,530800000.0,0.0,51800000.0,51800000.0,479000000.0,0,69164.38,0.0,0
2026-02-19,ATM-010,Office Building,Jakarta Barat,800000000,479000000.0,0.0,85900000.0,85900000.0,393100000.0,0,59732.88,0.0,0
2026-02-20,ATM-010,Office Building,Jakarta Barat,800000000,393100000.0,0.0,53800000.0,53800000.0,339300000.0,0,50164.38,0.0,0
2026-02-21,ATM-010,Office Building,Jakarta Barat,800000000,339300000.0,0.0,14500000.0,14500000.0,324800000.0,0,45486.3,0.0,0
2026-02-22,ATM-010,Office Building,Jakarta Barat,800000000,324800000.0,0.0,16000000.0,16000000.0,308800000.0,0,43397.26,0.0,0
2026-02-23,ATM-010,Office Building,Jakarta Barat,800000000,308800000.0,0.0,92500000.0,92500000.0,216300000.0,0,35965.75,0.0,0
2026-02-24,ATM-010,Office Building,Jakarta Barat,800000000,216300000.0,0.0,61300000.0,61300000.0,155000000.0,0,25431.51,0.0,0
2026-02-25,ATM-010,Office Building,Jakarta Barat,800000000,155000000.0,645000000.0,64300000.0,64300000.0,735700000.0,0,61006.85,197000.0,0
2026-02-26,ATM-010,Office Building,Jakarta Barat,800000000,735700000.0,0.0,57700000.0,57700000.0,678000000.0,0,96828.77,0.0,0
2026-02-27,ATM-010,Office Building,Jakarta Barat,800000000,678000000.0,0.0,86600000.0,86600000.0,591400000.0,0,86945.21,0.0,0
2026-02-28,ATM-010,Office Building,Jakarta Barat,800000000,591400000.0,0.0,17200000.0,17200000.0,574200000.0,0,79835.62,0.0,0
2026-03-01,ATM-010,Office Building,Jakarta Barat,800000000,574200000.0,0.0,12100000.0,12100000.0,562100000.0,0,77828.77,0.0,0
2026-03-02,ATM-010,Office Building,Jakarta Barat,800000000,562100000.0,0.0,53100000.0,53100000.0,509000000.0,0,73363.01,0.0,0
2026-03-03,ATM-010,Office Building,Jakarta Barat,800000000,509000000.0,0.0,47800000.0,47800000.0,461200000.0,0,66452.05,0.0,0
2026-03-04,ATM-010,Office Building,Jakarta Barat,800000000,461200000.0,0.0,58500000.0,58500000.0,402700000.0,0,59171.23,0.0,0
2026-03-05,ATM-010,Office Building,Jakarta Barat,800000000,402700000.0,0.0,57400000.0,57400000.0,345300000.0,0,51232.88,0.0,0
2026-03-06,ATM-010,Office Building,Jakarta Barat,800000000,345300000.0,0.0,51400000.0,51400000.0,293900000.0,0,43780.82,0.0,0
2026-03-07,ATM-010,Office Building,Jakarta Barat,800000000,293900000.0,0.0,18400000.0,18400000.0,275500000.0,0,39000.0,0.0,0
2026-03-08,ATM-010,Office Building,Jakarta Barat,800000000,275500000.0,0.0,17200000.0,17200000.0,258300000.0,0,36561.64,0.0,0
2026-03-09,ATM-010,Office Building,Jakarta Barat,800000000,258300000.0,0.0,92400000.0,92400000.0,165900000.0,0,29054.79,0.0,0
2026-03-10,ATM-010,Office Building,Jakarta Barat,800000000,165900000.0,0.0,54100000.0,54100000.0,111800000.0,0,19020.55,0.0,0
2026-03-11,ATM-010,Office Building,Jakarta Barat,800000000,111800000.0,688200000.0,51700000.0,51700000.0,748300000.0,0,58910.96,197000.0,0
2026-03-12,ATM-010,Office Building,Jakarta Barat,800000000,748300000.0,0.0,61800000.0,61800000.0,686500000.0,0,98273.97,0.0,0
2026-03-13,ATM-010,Office Building,Jakarta Barat,800000000,686500000.0,0.0,82300000.0,82300000.0,604200000.0,0,88404.11,0.0,0
2026-03-14,ATM-010,Office Building,Jakarta Barat,800000000,604200000.0,0.0,16000000.0,16000000.0,588200000.0,0,81671.23,0.0,0
2026-03-15,ATM-010,Office Building,Jakarta Barat,800000000,588200000.0,0.0,14300000.0,14300000.0,573900000.0,0,79595.89,0.0,0
2026-03-16,ATM-010,Office Building,Jakarta Barat,800000000,573900000.0,0.0,82900000.0,82900000.0,491000000.0,0,72938.36,0.0,0
2026-03-17,ATM-010,Office Building,Jakarta Barat,800000000,491000000.0,0.0,66800000.0,66800000.0,424200000.0,0,62684.93,0.0,0
2026-03-18,ATM-010,Office Building,Jakarta Barat,800000000,424200000.0,0.0,55700000.0,55700000.0,368500000.0,0,54294.52,0.0,0
2026-03-19,ATM-010,Office Building,Jakarta Barat,800000000,368500000.0,0.0,40100000.0,40100000.0,328400000.0,0,47732.88,0.0,0
2026-03-20,ATM-010,Office Building,Jakarta Barat,800000000,328400000.0,0.0,63800000.0,63800000.0,264600000.0,0,40616.44,0.0,0
2026-03-21,ATM-010,Office Building,Jakarta Barat,800000000,264600000.0,0.0,11200000.0,11200000.0,253400000.0,0,35479.45,0.0,0
2026-03-22,ATM-010,Office Building,Jakarta Barat,800000000,253400000.0,0.0,14600000.0,14600000.0,238800000.0,0,33712.33,0.0,0
2026-03-23,ATM-010,Office Building,Jakarta Barat,800000000,238800000.0,0.0,57900000.0,57900000.0,180900000.0,0,28746.58,0.0,0
2026-03-24,ATM-010,Office Building,Jakarta Barat,800000000,180900000.0,0.0,75500000.0,75500000.0,105400000.0,0,19609.59,0.0,0
2026-03-25,ATM-010,Office Building,Jakarta Barat,800000000,105400000.0,694600000.0,56500000.0,56500000.0,743500000.0,0,58143.84,197000.0,0
2026-03-26,ATM-010,Office Building,Jakarta Barat,800000000,743500000.0,0.0,54500000.0,54500000.0,689000000.0,0,98116.44,0.0,0
2026-03-27,ATM-010,Office Building,Jakarta Barat,800000000,689000000.0,0.0,33600000.0,33600000.0,655400000.0,0,92082.19,0.0,0
2026-03-28,ATM-010,Office Building,Jakarta Barat,800000000,655400000.0,0.0,13600000.0,13600000.0,641800000.0,0,88849.32,0.0,0
2026-03-29,ATM-010,Office Building,Jakarta Barat,800000000,641800000.0,0.0,13300000.0,13300000.0,628500000.0,0,87006.85,0.0,0
2026-03-30,ATM-010,Office Building,Jakarta Barat,800000000,628500000.0,0.0,56400000.0,56400000.0,572100000.0,0,82232.88,0.0,0
2026-03-31,ATM-010,Office Building,Jakarta Barat,800000000,572100000.0,0.0,46100000.0,46100000.0,526000000.0,0,75212.33,0.0,0
2026-04-01,ATM-010,Office Building,Jakarta Barat,800000000,526000000.0,0.0,91400000.0,91400000.0,434600000.0,0,65794.52,0.0,0
2026-04-02,ATM-010,Office Building,Jakarta Barat,800000000,434600000.0,0.0,55100000.0,55100000.0,379500000.0,0,55760.27,0.0,0
2026-04-03,ATM-010,Office Building,Jakarta Barat,800000000,379500000.0,0.0,80900000.0,80900000.0,298600000.0,0,46445.21,0.0,0
2026-04-04,ATM-010,Office Building,Jakarta Barat,800000000,298600000.0,0.0,10700000.0,10700000.0,287900000.0,0,40171.23,0.0,0
2026-04-05,ATM-010,Office Building,Jakarta Barat,800000000,287900000.0,0.0,17300000.0,17300000.0,270600000.0,0,38253.42,0.0,0
2026-04-06,ATM-010,Office Building,Jakarta Barat,800000000,270600000.0,0.0,72400000.0,72400000.0,198200000.0,0,32109.59,0.0,0
2026-04-07,ATM-010,Office Building,Jakarta Barat,800000000,198200000.0,0.0,84800000.0,84800000.0,113400000.0,0,21342.47,0.0,0
2026-04-08,ATM-010,Office Building,Jakarta Barat,800000000,113400000.0,686600000.0,90000000.0,90000000.0,710000000.0,0,56397.26,197000.0,0
2026-04-09,ATM-010,Office Building,Jakarta Barat,800000000,710000000.0,0.0,52200000.0,52200000.0,657800000.0,0,93684.93,0.0,0
2026-04-10,ATM-010,Office Building,Jakarta Barat,800000000,657800000.0,0.0,58000000.0,58000000.0,599800000.0,0,86136.99,0.0,0
2026-04-11,ATM-010,Office Building,Jakarta Barat,800000000,599800000.0,0.0,13200000.0,13200000.0,586600000.0,0,81260.27,0.0,0
2026-04-12,ATM-010,Office Building,Jakarta Barat,800000000,586600000.0,0.0,14200000.0,14200000.0,572400000.0,0,79383.56,0.0,0
2026-04-13,ATM-010,Office Building,Jakarta Barat,800000000,572400000.0,0.0,50000000.0,50000000.0,522400000.0,0,74986.3,0.0,0
2026-04-14,ATM-010,Office Building,Jakarta Barat,800000000,522400000.0,0.0,57300000.0,57300000.0,465100000.0,0,67636.99,0.0,0
2026-04-15,ATM-010,Office Building,Jakarta Barat,800000000,465100000.0,0.0,63100000.0,63100000.0,402000000.0,0,59390.41,0.0,0
2026-04-16,ATM-010,Office Building,Jakarta Barat,800000000,402000000.0,0.0,39800000.0,39800000.0,362200000.0,0,52342.47,0.0,0
2026-04-17,ATM-010,Office Building,Jakarta Barat,800000000,362200000.0,0.0,66700000.0,66700000.0,295500000.0,0,45047.95,0.0,0
2026-04-18,ATM-010,Office Building,Jakarta Barat,800000000,295500000.0,0.0,11600000.0,11600000.0,283900000.0,0,39684.93,0.0,0
2026-04-19,ATM-010,Office Building,Jakarta Barat,800000000,283900000.0,0.0,12700000.0,12700000.0,271200000.0,0,38020.55,0.0,0
2026-04-20,ATM-010,Office Building,Jakarta Barat,800000000,271200000.0,0.0,54600000.0,54600000.0,216600000.0,0,33410.96,0.0,0
2026-04-21,ATM-010,Office Building,Jakarta Barat,800000000,216600000.0,0.0,79400000.0,79400000.0,137200000.0,0,24232.88,0.0,0
2026-04-22,ATM-010,Office Building,Jakarta Barat,800000000,137200000.0,662800000.0,94200000.0,94200000.0,705800000.0,0,57739.73,197000.0,0
2026-04-23,ATM-010,Office Building,Jakarta Barat,800000000,705800000.0,0.0,73100000.0,73100000.0,632700000.0,0,91678.08,0.0,0
2026-04-24,ATM-010,Office Building,Jakarta Barat,800000000,632700000.0,0.0,47800000.0,47800000.0,584900000.0,0,83397.26,0.0,0
2026-04-25,ATM-010,Office Building,Jakarta Barat,800000000,584900000.0,0.0,13600000.0,13600000.0,571300000.0,0,79191.78,0.0,0
2026-04-26,ATM-010,Office Building,Jakarta Barat,800000000,571300000.0,0.0,20100000.0,20100000.0,551200000.0,0,76883.56,0.0,0
2026-04-27,ATM-010,Office Building,Jakarta Barat,800000000,551200000.0,0.0,61200000.0,61200000.0,490000000.0,0,71315.07,0.0,0
2026-04-28,ATM-010,Office Building,Jakarta Barat,800000000,490000000.0,0.0,85100000.0,85100000.0,404900000.0,0,61294.52,0.0,0
2026-04-29,ATM-010,Office Building,Jakarta Barat,800000000,404900000.0,0.0,62800000.0,62800000.0,342100000.0,0,51164.38,0.0,0
2026-04-30,ATM-010,Office Building,Jakarta Barat,800000000,342100000.0,0.0,46300000.0,46300000.0,295800000.0,0,43691.78,0.0,0
2026-05-01,ATM-010,Office Building,Jakarta Barat,800000000,295800000.0,0.0,59000000.0,59000000.0,236800000.0,0,36479.45,0.0,0
2026-05-02,ATM-010,Office Building,Jakarta Barat,800000000,236800000.0,0.0,14800000.0,14800000.0,222000000.0,0,31424.66,0.0,0
2026-05-03,ATM-010,Office Building,Jakarta Barat,800000000,222000000.0,0.0,12300000.0,12300000.0,209700000.0,0,29568.49,0.0,0
2026-05-04,ATM-010,Office Building,Jakarta Barat,800000000,209700000.0,0.0,84200000.0,84200000.0,125500000.0,0,22958.9,0.0,0
2026-05-05,ATM-010,Office Building,Jakarta Barat,800000000,125500000.0,674500000.0,58400000.0,58400000.0,741600000.0,0,59390.41,197000.0,0
2026-05-06,ATM-010,Office Building,Jakarta Barat,800000000,741600000.0,0.0,42900000.0,42900000.0,698700000.0,0,98650.68,0.0,0
2026-05-07,ATM-010,Office Building,Jakarta Barat,800000000,698700000.0,0.0,68900000.0,68900000.0,629800000.0,0,90993.15,0.0,0
2026-05-08,ATM-010,Office Building,Jakarta Barat,800000000,629800000.0,0.0,50100000.0,50100000.0,579700000.0,0,82842.47,0.0,0
2026-05-09,ATM-010,Office Building,Jakarta Barat,800000000,579700000.0,0.0,14900000.0,14900000.0,564800000.0,0,78390.41,0.0,0
2026-05-10,ATM-010,Office Building,Jakarta Barat,800000000,564800000.0,0.0,18000000.0,18000000.0,546800000.0,0,76136.99,0.0,0
2026-05-11,ATM-010,Office Building,Jakarta Barat,800000000,546800000.0,0.0,53000000.0,53000000.0,493800000.0,0,71273.97,0.0,0
2026-05-12,ATM-010,Office Building,Jakarta Barat,800000000,493800000.0,0.0,81600000.0,81600000.0,412200000.0,0,62054.79,0.0,0
2026-05-13,ATM-010,Office Building,Jakarta Barat,800000000,412200000.0,0.0,67500000.0,67500000.0,344700000.0,0,51842.47,0.0,0
2026-05-14,ATM-010,Office Building,Jakarta Barat,800000000,344700000.0,0.0,60800000.0,60800000.0,283900000.0,0,43054.79,0.0,0
2026-05-15,ATM-010,Office Building,Jakarta Barat,800000000,283900000.0,0.0,61100000.0,61100000.0,222800000.0,0,34705.48,0.0,0
2026-05-16,ATM-010,Office Building,Jakarta Barat,800000000,222800000.0,0.0,12300000.0,12300000.0,210500000.0,0,29678.08,0.0,0
2026-05-17,ATM-010,Office Building,Jakarta Barat,800000000,210500000.0,0.0,18700000.0,18700000.0,191800000.0,0,27554.79,0.0,0
2026-05-18,ATM-010,Office Building,Jakarta Barat,800000000,191800000.0,0.0,88000000.0,88000000.0,103800000.0,0,20246.58,0.0,0
2026-05-19,ATM-010,Office Building,Jakarta Barat,800000000,103800000.0,696200000.0,75700000.0,75700000.0,724300000.0,0,56719.18,197000.0,0
2025-11-01,ATM-011,Office Building,Jakarta Pusat,800000000,647835000.0,0.0,10300000.0,10300000.0,637535000.0,0,88039.04,0.0,0
2025-11-02,ATM-011,Office Building,Jakarta Pusat,800000000,637535000.0,0.0,13100000.0,13100000.0,624435000.0,0,86436.3,0.0,0
2025-11-03,ATM-011,Office Building,Jakarta Pusat,800000000,624435000.0,0.0,72900000.0,72900000.0,551535000.0,0,80545.89,0.0,0
2025-11-04,ATM-011,Office Building,Jakarta Pusat,800000000,551535000.0,0.0,65100000.0,65100000.0,486435000.0,0,71093.84,0.0,0
2025-11-05,ATM-011,Office Building,Jakarta Pusat,800000000,486435000.0,0.0,70800000.0,70800000.0,415635000.0,0,61785.62,0.0,0
2025-11-06,ATM-011,Office Building,Jakarta Pusat,800000000,415635000.0,0.0,38200000.0,38200000.0,377435000.0,0,54319.86,0.0,0
2025-11-07,ATM-011,Office Building,Jakarta Pusat,800000000,377435000.0,0.0,84100000.0,84100000.0,293335000.0,0,45943.15,0.0,0
2025-11-08,ATM-011,Office Building,Jakarta Pusat,800000000,293335000.0,0.0,9500000.0,9500000.0,283835000.0,0,39532.19,0.0,0
2025-11-09,ATM-011,Office Building,Jakarta Pusat,800000000,283835000.0,0.0,8800000.0,8800000.0,275035000.0,0,38278.77,0.0,0
2025-11-10,ATM-011,Office Building,Jakarta Pusat,800000000,275035000.0,0.0,70700000.0,70700000.0,204335000.0,0,32833.56,0.0,0
2025-11-11,ATM-011,Office Building,Jakarta Pusat,800000000,204335000.0,0.0,71300000.0,71300000.0,133035000.0,0,23107.53,0.0,0
2025-11-12,ATM-011,Office Building,Jakarta Pusat,800000000,133035000.0,666965000.0,78500000.0,78500000.0,721500000.0,0,58529.79,178000.0,0
2025-11-13,ATM-011,Office Building,Jakarta Pusat,800000000,721500000.0,0.0,98500000.0,98500000.0,623000000.0,0,92089.04,0.0,0
2025-11-14,ATM-011,Office Building,Jakarta Pusat,800000000,623000000.0,0.0,70300000.0,70300000.0,552700000.0,0,80527.4,0.0,0
2025-11-15,ATM-011,Office Building,Jakarta Pusat,800000000,552700000.0,0.0,12800000.0,12800000.0,539900000.0,0,74835.62,0.0,0
2025-11-16,ATM-011,Office Building,Jakarta Pusat,800000000,539900000.0,0.0,16500000.0,16500000.0,523400000.0,0,72828.77,0.0,0
2025-11-17,ATM-011,Office Building,Jakarta Pusat,800000000,523400000.0,0.0,43300000.0,43300000.0,480100000.0,0,68732.88,0.0,0
2025-11-18,ATM-011,Office Building,Jakarta Pusat,800000000,480100000.0,0.0,58700000.0,58700000.0,421400000.0,0,61746.58,0.0,0
2025-11-19,ATM-011,Office Building,Jakarta Pusat,800000000,421400000.0,0.0,39500000.0,39500000.0,381900000.0,0,55020.55,0.0,0
2025-11-20,ATM-011,Office Building,Jakarta Pusat,800000000,381900000.0,0.0,41600000.0,41600000.0,340300000.0,0,49465.75,0.0,0
2025-11-21,ATM-011,Office Building,Jakarta Pusat,800000000,340300000.0,0.0,57400000.0,57400000.0,282900000.0,0,42684.93,0.0,0
2025-11-22,ATM-011,Office Building,Jakarta Pusat,800000000,282900000.0,0.0,16800000.0,16800000.0,266100000.0,0,37602.74,0.0,0
2025-11-23,ATM-011,Office Building,Jakarta Pusat,800000000,266100000.0,0.0,14400000.0,14400000.0,251700000.0,0,35465.75,0.0,0
2025-11-24,ATM-011,Office Building,Jakarta Pusat,800000000,251700000.0,0.0,72100000.0,72100000.0,179600000.0,0,29541.1,0.0,0
2025-11-25,ATM-011,Office Building,Jakarta Pusat,800000000,179600000.0,0.0,36300000.0,36300000.0,143300000.0,0,22116.44,0.0,0
2025-11-26,ATM-011,Office Building,Jakarta Pusat,800000000,143300000.0,656700000.0,61400000.0,61400000.0,738600000.0,0,60404.11,178000.0,0
2025-11-27,ATM-011,Office Building,Jakarta Pusat,800000000,738600000.0,0.0,80500000.0,80500000.0,658100000.0,0,95664.38,0.0,0
2025-11-28,ATM-011,Office Building,Jakarta Pusat,800000000,658100000.0,0.0,80300000.0,80300000.0,577800000.0,0,84650.68,0.0,0
2025-11-29,ATM-011,Office Building,Jakarta Pusat,800000000,577800000.0,0.0,14100000.0,14100000.0,563700000.0,0,78184.93,0.0,0
2025-11-30,ATM-011,Office Building,Jakarta Pusat,800000000,563700000.0,0.0,19900000.0,19900000.0,543800000.0,0,75856.16,0.0,0
2025-12-01,ATM-011,Office Building,Jakarta Pusat,800000000,543800000.0,0.0,51100000.0,51100000.0,492700000.0,0,70993.15,0.0,0
2025-12-02,ATM-011,Office Building,Jakarta Pusat,800000000,492700000.0,0.0,37600000.0,37600000.0,455100000.0,0,64917.81,0.0,0
2025-12-03,ATM-011,Office Building,Jakarta Pusat,800000000,455100000.0,0.0,64500000.0,64500000.0,390600000.0,0,57924.66,0.0,0
2025-12-04,ATM-011,Office Building,Jakarta Pusat,800000000,390600000.0,0.0,94800000.0,94800000.0,295800000.0,0,47013.7,0.0,0
2025-12-05,ATM-011,Office Building,Jakarta Pusat,800000000,295800000.0,0.0,94300000.0,94300000.0,201500000.0,0,34061.64,0.0,0
2025-12-06,ATM-011,Office Building,Jakarta Pusat,800000000,201500000.0,0.0,17000000.0,17000000.0,184500000.0,0,26438.36,0.0,0
2025-12-07,ATM-011,Office Building,Jakarta Pusat,800000000,184500000.0,0.0,20200000.0,20200000.0,164300000.0,0,23890.41,0.0,0
2025-12-08,ATM-011,Office Building,Jakarta Pusat,800000000,164300000.0,0.0,86600000.0,86600000.0,77700000.0,0,16575.34,0.0,0
2025-12-09,ATM-011,Office Building,Jakarta Pusat,800000000,77700000.0,722300000.0,86600000.0,86600000.0,713400000.0,0,54184.93,178000.0,0
2025-12-10,ATM-011,Office Building,Jakarta Pusat,800000000,713400000.0,0.0,65200000.0,65200000.0,648200000.0,0,93260.27,0.0,0
2025-12-11,ATM-011,Office Building,Jakarta Pusat,800000000,648200000.0,0.0,35000000.0,35000000.0,613200000.0,0,86397.26,0.0,0
2025-12-12,ATM-011,Office Building,Jakarta Pusat,800000000,613200000.0,0.0,45700000.0,45700000.0,567500000.0,0,80869.86,0.0,0
2025-12-13,ATM-011,Office Building,Jakarta Pusat,800000000,567500000.0,0.0,21400000.0,21400000.0,546100000.0,0,76273.97,0.0,0
2025-12-14,ATM-011,Office Building,Jakarta Pusat,800000000,546100000.0,0.0,11400000.0,11400000.0,534700000.0,0,74027.4,0.0,0
2025-12-15,ATM-011,Office Building,Jakarta Pusat,800000000,534700000.0,0.0,88400000.0,88400000.0,446300000.0,0,67191.78,0.0,0
2025-12-16,ATM-011,Office Building,Jakarta Pusat,800000000,446300000.0,0.0,45900000.0,45900000.0,400400000.0,0,57993.15,0.0,0
2025-12-17,ATM-011,Office Building,Jakarta Pusat,800000000,400400000.0,0.0,43900000.0,43900000.0,356500000.0,0,51842.47,0.0,0
2025-12-18,ATM-011,Office Building,Jakarta Pusat,800000000,356500000.0,0.0,83100000.0,83100000.0,273400000.0,0,43143.84,0.0,0
2025-12-19,ATM-011,Office Building,Jakarta Pusat,800000000,273400000.0,0.0,51400000.0,51400000.0,222000000.0,0,33931.51,0.0,0
2025-12-20,ATM-011,Office Building,Jakarta Pusat,800000000,222000000.0,0.0,13900000.0,13900000.0,208100000.0,0,29458.9,0.0,0
2025-12-21,ATM-011,Office Building,Jakarta Pusat,800000000,208100000.0,0.0,17200000.0,17200000.0,190900000.0,0,27328.77,0.0,0
2025-12-22,ATM-011,Office Building,Jakarta Pusat,800000000,190900000.0,0.0,93800000.0,93800000.0,97100000.0,0,19726.03,0.0,0
2025-12-23,ATM-011,Office Building,Jakarta Pusat,800000000,97100000.0,702900000.0,85500000.0,85500000.0,714500000.0,0,55589.04,178000.0,0
2025-12-24,ATM-011,Office Building,Jakarta Pusat,800000000,714500000.0,0.0,54700000.0,54700000.0,659800000.0,0,94130.14,0.0,0
2025-12-25,ATM-011,Office Building,Jakarta Pusat,800000000,659800000.0,0.0,73800000.0,73800000.0,586000000.0,0,85328.77,0.0,0
2025-12-26,ATM-011,Office Building,Jakarta Pusat,800000000,586000000.0,0.0,45100000.0,45100000.0,540900000.0,0,77184.93,0.0,0
2025-12-27,ATM-011,Office Building,Jakarta Pusat,800000000,540900000.0,0.0,14000000.0,14000000.0,526900000.0,0,73136.99,0.0,0
2025-12-28,ATM-011,Office Building,Jakarta Pusat,800000000,526900000.0,0.0,12900000.0,12900000.0,514000000.0,0,71294.52,0.0,0
2025-12-29,ATM-011,Office Building,Jakarta Pusat,800000000,514000000.0,0.0,78600000.0,78600000.0,435400000.0,0,65027.4,0.0,0
2025-12-30,ATM-011,Office Building,Jakarta Pusat,800000000,435400000.0,0.0,78200000.0,78200000.0,357200000.0,0,54287.67,0.0,0
2025-12-31,ATM-011,Office Building,Jakarta Pusat,800000000,357200000.0,0.0,54800000.0,54800000.0,302400000.0,0,45178.08,0.0,0
2026-01-01,ATM-011,Office Building,Jakarta Pusat,800000000,302400000.0,0.0,67200000.0,67200000.0,235200000.0,0,36821.92,0.0,0
2026-01-02,ATM-011,Office Building,Jakarta Pusat,800000000,235200000.0,0.0,77200000.0,77200000.0,158000000.0,0,26931.51,0.0,0
2026-01-03,ATM-011,Office Building,Jakarta Pusat,800000000,158000000.0,642000000.0,21800000.0,21800000.0,778200000.0,0,64123.29,178000.0,0
2026-01-04,ATM-011,Office Building,Jakarta Pusat,800000000,778200000.0,0.0,17800000.0,17800000.0,760400000.0,0,105383.56,0.0,0
2026-01-05,ATM-011,Office Building,Jakarta Pusat,800000000,760400000.0,0.0,78300000.0,78300000.0,682100000.0,0,98801.37,0.0,0
2026-01-06,ATM-011,Office Building,Jakarta Pusat,800000000,682100000.0,0.0,52700000.0,52700000.0,629400000.0,0,89828.77,0.0,0
2026-01-07,ATM-011,Office Building,Jakarta Pusat,800000000,629400000.0,0.0,47800000.0,47800000.0,581600000.0,0,82945.21,0.0,0
2026-01-08,ATM-011,Office Building,Jakarta Pusat,800000000,581600000.0,0.0,65000000.0,65000000.0,516600000.0,0,75219.18,0.0,0
2026-01-09,ATM-011,Office Building,Jakarta Pusat,800000000,516600000.0,0.0,62400000.0,62400000.0,454200000.0,0,66493.15,0.0,0
2026-01-10,ATM-011,Office Building,Jakarta Pusat,800000000,454200000.0,0.0,14700000.0,14700000.0,439500000.0,0,61212.33,0.0,0
2026-01-11,ATM-011,Office Building,Jakarta Pusat,800000000,439500000.0,0.0,21300000.0,21300000.0,418200000.0,0,58746.58,0.0,0
2026-01-12,ATM-011,Office Building,Jakarta Pusat,800000000,418200000.0,0.0,67800000.0,67800000.0,350400000.0,0,52643.84,0.0,0
2026-01-13,ATM-011,Office Building,Jakarta Pusat,800000000,350400000.0,0.0,35900000.0,35900000.0,314500000.0,0,45541.1,0.0,0
2026-01-14,ATM-011,Office Building,Jakarta Pusat,800000000,314500000.0,0.0,64200000.0,64200000.0,250300000.0,0,38684.93,0.0,0
2026-01-15,ATM-011,Office Building,Jakarta Pusat,800000000,250300000.0,0.0,63800000.0,63800000.0,186500000.0,0,29917.81,0.0,0
2026-01-16,ATM-011,Office Building,Jakarta Pusat,800000000,186500000.0,0.0,60300000.0,60300000.0,126200000.0,0,21417.81,0.0,0
2026-01-17,ATM-011,Office Building,Jakarta Pusat,800000000,126200000.0,673800000.0,15400000.0,15400000.0,784600000.0,0,62383.56,178000.0,0
2026-01-18,ATM-011,Office Building,Jakarta Pusat,800000000,784600000.0,0.0,13700000.0,13700000.0,770900000.0,0,106541.1,0.0,0
2026-01-19,ATM-011,Office Building,Jakarta Pusat,800000000,770900000.0,0.0,54600000.0,54600000.0,716300000.0,0,101863.01,0.0,0
2026-01-20,ATM-011,Office Building,Jakarta Pusat,800000000,716300000.0,0.0,66900000.0,66900000.0,649400000.0,0,93541.1,0.0,0
2026-01-21,ATM-011,Office Building,Jakarta Pusat,800000000,649400000.0,0.0,47100000.0,47100000.0,602300000.0,0,85732.88,0.0,0
2026-01-22,ATM-011,Office Building,Jakarta Pusat,800000000,602300000.0,0.0,48000000.0,48000000.0,554300000.0,0,79219.18,0.0,0
2026-01-23,ATM-011,Office Building,Jakarta Pusat,800000000,554300000.0,0.0,43200000.0,43200000.0,511100000.0,0,72972.6,0.0,0
2026-01-24,ATM-011,Office Building,Jakarta Pusat,800000000,511100000.0,0.0,11400000.0,11400000.0,499700000.0,0,69232.88,0.0,0
2026-01-25,ATM-011,Office Building,Jakarta Pusat,800000000,499700000.0,0.0,13600000.0,13600000.0,486100000.0,0,67520.55,0.0,0
2026-01-26,ATM-011,Office Building,Jakarta Pusat,800000000,486100000.0,0.0,56000000.0,56000000.0,430100000.0,0,62753.42,0.0,0
2026-01-27,ATM-011,Office Building,Jakarta Pusat,800000000,430100000.0,0.0,53300000.0,53300000.0,376800000.0,0,55267.12,0.0,0
2026-01-28,ATM-011,Office Building,Jakarta Pusat,800000000,376800000.0,0.0,48800000.0,48800000.0,328000000.0,0,48273.97,0.0,0
2026-01-29,ATM-011,Office Building,Jakarta Pusat,800000000,328000000.0,0.0,102300000.0,102300000.0,225700000.0,0,37924.66,0.0,0
2026-01-30,ATM-011,Office Building,Jakarta Pusat,800000000,225700000.0,0.0,71700000.0,71700000.0,154000000.0,0,26006.85,0.0,0
2026-01-31,ATM-011,Office Building,Jakarta Pusat,800000000,154000000.0,646000000.0,16400000.0,16400000.0,783600000.0,0,64219.18,178000.0,0
2026-02-01,ATM-011,Office Building,Jakarta Pusat,800000000,783600000.0,0.0,16000000.0,16000000.0,767600000.0,0,106246.58,0.0,0
2026-02-02,ATM-011,Office Building,Jakarta Pusat,800000000,767600000.0,0.0,64500000.0,64500000.0,703100000.0,0,100732.88,0.0,0
2026-02-03,ATM-011,Office Building,Jakarta Pusat,800000000,703100000.0,0.0,48400000.0,48400000.0,654700000.0,0,93000.0,0.0,0
2026-02-04,ATM-011,Office Building,Jakarta Pusat,800000000,654700000.0,0.0,67100000.0,67100000.0,587600000.0,0,85089.04,0.0,0
2026-02-05,ATM-011,Office Building,Jakarta Pusat,800000000,587600000.0,0.0,58400000.0,58400000.0,529200000.0,0,76493.15,0.0,0
2026-02-06,ATM-011,Office Building,Jakarta Pusat,800000000,529200000.0,0.0,59400000.0,59400000.0,469800000.0,0,68424.66,0.0,0
2026-02-07,ATM-011,Office Building,Jakarta Pusat,800000000,469800000.0,0.0,17400000.0,17400000.0,452400000.0,0,63164.38,0.0,0
2026-02-08,ATM-011,Office Building,Jakarta Pusat,800000000,452400000.0,0.0,8700000.0,8700000.0,443700000.0,0,61376.71,0.0,0
2026-02-09,ATM-011,Office Building,Jakarta Pusat,800000000,443700000.0,0.0,98800000.0,98800000.0,344900000.0,0,54013.7,0.0,0
2026-02-10,ATM-011,Office Building,Jakarta Pusat,800000000,344900000.0,0.0,51500000.0,51500000.0,293400000.0,0,43719.18,0.0,0
2026-02-11,ATM-011,Office Building,Jakarta Pusat,800000000,293400000.0,0.0,63000000.0,63000000.0,230400000.0,0,35876.71,0.0,0
2026-02-12,ATM-011,Office Building,Jakarta Pusat,800000000,230400000.0,0.0,74400000.0,74400000.0,156000000.0,0,26465.75,0.0,0
2026-02-13,ATM-011,Office Building,Jakarta Pusat,800000000,156000000.0,644000000.0,73300000.0,73300000.0,726700000.0,0,60458.9,178000.0,0
2026-02-14,ATM-011,Office Building,Jakarta Pusat,800000000,726700000.0,0.0,20100000.0,20100000.0,706600000.0,0,98171.23,0.0,0
2026-02-15,ATM-011,Office Building,Jakarta Pusat,800000000,706600000.0,0.0,12600000.0,12600000.0,694000000.0,0,95931.51,0.0,0
2026-02-16,ATM-011,Office Building,Jakarta Pusat,800000000,694000000.0,0.0,61400000.0,61400000.0,632600000.0,0,90863.01,0.0,0
2026-02-17,ATM-011,Office Building,Jakarta Pusat,800000000,632600000.0,0.0,54300000.0,54300000.0,578300000.0,0,82938.36,0.0,0
2026-02-18,ATM-011,Office Building,Jakarta Pusat,800000000,578300000.0,0.0,59900000.0,59900000.0,518400000.0,0,75116.44,0.0,0
2026-02-19,ATM-011,Office Building,Jakarta Pusat,800000000,518400000.0,0.0,78200000.0,78200000.0,440200000.0,0,65657.53,0.0,0
2026-02-20,ATM-011,Office Building,Jakarta Pusat,800000000,440200000.0,0.0,37700000.0,37700000.0,402500000.0,0,57719.18,0.0,0
2026-02-21,ATM-011,Office Building,Jakarta Pusat,800000000,402500000.0,0.0,11400000.0,11400000.0,391100000.0,0,54356.16,0.0,0
2026-02-22,ATM-011,Office Building,Jakarta Pusat,800000000,391100000.0,0.0,11700000.0,11700000.0,379400000.0,0,52773.97,0.0,0
2026-02-23,ATM-011,Office Building,Jakarta Pusat,800000000,379400000.0,0.0,65600000.0,65600000.0,313800000.0,0,47479.45,0.0,0
2026-02-24,ATM-011,Office Building,Jakarta Pusat,800000000,313800000.0,0.0,71300000.0,71300000.0,242500000.0,0,38102.74,0.0,0
2026-02-25,ATM-011,Office Building,Jakarta Pusat,800000000,242500000.0,0.0,60200000.0,60200000.0,182300000.0,0,29095.89,0.0,0
2026-02-26,ATM-011,Office Building,Jakarta Pusat,800000000,182300000.0,0.0,85200000.0,85200000.0,97100000.0,0,19136.99,0.0,0
2026-02-27,ATM-011,Office Building,Jakarta Pusat,800000000,97100000.0,702900000.0,39800000.0,39800000.0,760200000.0,0,58719.18,178000.0,0
2026-02-28,ATM-011,Office Building,Jakarta Pusat,800000000,760200000.0,0.0,18400000.0,18400000.0,741800000.0,0,102876.71,0.0,0
2026-03-01,ATM-011,Office Building,Jakarta Pusat,800000000,741800000.0,0.0,21000000.0,21000000.0,720800000.0,0,100178.08,0.0,0
2026-03-02,ATM-011,Office Building,Jakarta Pusat,800000000,720800000.0,0.0,38100000.0,38100000.0,682700000.0,0,96130.14,0.0,0
2026-03-03,ATM-011,Office Building,Jakarta Pusat,800000000,682700000.0,0.0,37300000.0,37300000.0,645400000.0,0,90965.75,0.0,0
2026-03-04,ATM-011,Office Building,Jakarta Pusat,800000000,645400000.0,0.0,85600000.0,85600000.0,559800000.0,0,82547.95,0.0,0
2026-03-05,ATM-011,Office Building,Jakarta Pusat,800000000,559800000.0,0.0,39600000.0,39600000.0,520200000.0,0,73972.6,0.0,0
2026-03-06,ATM-011,Office Building,Jakarta Pusat,800000000,520200000.0,0.0,65200000.0,65200000.0,455000000.0,0,66794.52,0.0,0
2026-03-07,ATM-011,Office Building,Jakarta Pusat,800000000,455000000.0,0.0,10900000.0,10900000.0,444100000.0,0,61582.19,0.0,0
2026-03-08,ATM-011,Office Building,Jakarta Pusat,800000000,444100000.0,0.0,19100000.0,19100000.0,425000000.0,0,59527.4,0.0,0
2026-03-09,ATM-011,Office Building,Jakarta Pusat,800000000,425000000.0,0.0,49900000.0,49900000.0,375100000.0,0,54801.37,0.0,0
2026-03-10,ATM-011,Office Building,Jakarta Pusat,800000000,375100000.0,0.0,57000000.0,57000000.0,318100000.0,0,47479.45,0.0,0
2026-03-11,ATM-011,Office Building,Jakarta Pusat,800000000,318100000.0,0.0,52900000.0,52900000.0,265200000.0,0,39952.05,0.0,0
2026-03-12,ATM-011,Office Building,Jakarta Pusat,800000000,265200000.0,0.0,44100000.0,44100000.0,221100000.0,0,33308.22,0.0,0
2026-03-13,ATM-011,Office Building,Jakarta Pusat,800000000,221100000.0,0.0,77200000.0,77200000.0,143900000.0,0,25000.0,0.0,0
2026-03-14,ATM-011,Office Building,Jakarta Pusat,800000000,143900000.0,656100000.0,17600000.0,17600000.0,782400000.0,0,63445.21,178000.0,0
2026-03-15,ATM-011,Office Building,Jakarta Pusat,800000000,782400000.0,0.0,14000000.0,14000000.0,768400000.0,0,106219.18,0.0,0
2026-03-16,ATM-011,Office Building,Jakarta Pusat,800000000,768400000.0,0.0,73900000.0,73900000.0,694500000.0,0,100198.63,0.0,0
2026-03-17,ATM-011,Office Building,Jakarta Pusat,800000000,694500000.0,0.0,65200000.0,65200000.0,629300000.0,0,90671.23,0.0,0
2026-03-18,ATM-011,Office Building,Jakarta Pusat,800000000,629300000.0,0.0,73500000.0,73500000.0,555800000.0,0,81171.23,0.0,0
2026-03-19,ATM-011,Office Building,Jakarta Pusat,800000000,555800000.0,0.0,73600000.0,73600000.0,482200000.0,0,71095.89,0.0,0
2026-03-20,ATM-011,Office Building,Jakarta Pusat,800000000,482200000.0,0.0,69900000.0,69900000.0,412300000.0,0,61267.12,0.0,0
2026-03-21,ATM-011,Office Building,Jakarta Pusat,800000000,412300000.0,0.0,12300000.0,12300000.0,400000000.0,0,55636.99,0.0,0
2026-03-22,ATM-011,Office Building,Jakarta Pusat,800000000,400000000.0,0.0,17300000.0,17300000.0,382700000.0,0,53609.59,0.0,0
2026-03-23,ATM-011,Office Building,Jakarta Pusat,800000000,382700000.0,0.0,58800000.0,58800000.0,323900000.0,0,48397.26,0.0,0
2026-03-24,ATM-011,Office Building,Jakarta Pusat,800000000,323900000.0,0.0,48800000.0,48800000.0,275100000.0,0,41027.4,0.0,0
2026-03-25,ATM-011,Office Building,Jakarta Pusat,800000000,275100000.0,0.0,45100000.0,45100000.0,230000000.0,0,34595.89,0.0,0
2026-03-26,ATM-011,Office Building,Jakarta Pusat,800000000,230000000.0,0.0,77300000.0,77300000.0,152700000.0,0,26212.33,0.0,0
2026-03-27,ATM-011,Office Building,Jakarta Pusat,800000000,152700000.0,647300000.0,51000000.0,51000000.0,749000000.0,0,61760.27,178000.0,0
2026-03-28,ATM-011,Office Building,Jakarta Pusat,800000000,749000000.0,0.0,22700000.0,22700000.0,726300000.0,0,101047.95,0.0,0
2026-03-29,ATM-011,Office Building,Jakarta Pusat,800000000,726300000.0,0.0,11900000.0,11900000.0,714400000.0,0,98678.08,0.0,0
2026-03-30,ATM-011,Office Building,Jakarta Pusat,800000000,714400000.0,0.0,56400000.0,56400000.0,658000000.0,0,94000.0,0.0,0
2026-03-31,ATM-011,Office Building,Jakarta Pusat,800000000,658000000.0,0.0,41400000.0,41400000.0,616600000.0,0,87301.37,0.0,0
2026-04-01,ATM-011,Office Building,Jakarta Pusat,800000000,616600000.0,0.0,56600000.0,56600000.0,560000000.0,0,80589.04,0.0,0
2026-04-02,ATM-011,Office Building,Jakarta Pusat,800000000,560000000.0,0.0,65200000.0,65200000.0,494800000.0,0,72246.58,0.0,0
2026-04-03,ATM-011,Office Building,Jakarta Pusat,800000000,494800000.0,0.0,52700000.0,52700000.0,442100000.0,0,64171.23,0.0,0
2026-04-04,ATM-011,Office Building,Jakarta Pusat,800000000,442100000.0,0.0,13200000.0,13200000.0,428900000.0,0,59657.53,0.0,0
2026-04-05,ATM-011,Office Building,Jakarta Pusat,800000000,428900000.0,0.0,12200000.0,12200000.0,416700000.0,0,57917.81,0.0,0
2026-04-06,ATM-011,Office Building,Jakarta Pusat,800000000,416700000.0,0.0,57500000.0,57500000.0,359200000.0,0,53143.84,0.0,0
2026-04-07,ATM-011,Office Building,Jakarta Pusat,800000000,359200000.0,0.0,96000000.0,96000000.0,263200000.0,0,42630.14,0.0,0
2026-04-08,ATM-011,Office Building,Jakarta Pusat,800000000,263200000.0,0.0,67800000.0,67800000.0,195400000.0,0,31410.96,0.0,0
2026-04-09,ATM-011,Office Building,Jakarta Pusat,800000000,195400000.0,0.0,86700000.0,86700000.0,108700000.0,0,20828.77,0.0,0
2026-04-10,ATM-011,Office Building,Jakarta Pusat,800000000,108700000.0,691300000.0,69200000.0,69200000.0,730800000.0,0,57500.0,178000.0,0
2026-04-11,ATM-011,Office Building,Jakarta Pusat,800000000,730800000.0,0.0,10800000.0,10800000.0,720000000.0,0,99369.86,0.0,0
2026-04-12,ATM-011,Office Building,Jakarta Pusat,800000000,720000000.0,0.0,17100000.0,17100000.0,702900000.0,0,97458.9,0.0,0
2026-04-13,ATM-011,Office Building,Jakarta Pusat,800000000,702900000.0,0.0,56200000.0,56200000.0,646700000.0,0,92438.36,0.0,0
2026-04-14,ATM-011,Office Building,Jakarta Pusat,800000000,646700000.0,0.0,39900000.0,39900000.0,606800000.0,0,85856.16,0.0,0
2026-04-15,ATM-011,Office Building,Jakarta Pusat,800000000,606800000.0,0.0,43100000.0,43100000.0,563700000.0,0,80171.23,0.0,0
2026-04-16,ATM-011,Office Building,Jakarta Pusat,800000000,563700000.0,0.0,41500000.0,41500000.0,522200000.0,0,74376.71,0.0,0
2026-04-17,ATM-011,Office Building,Jakarta Pusat,800000000,522200000.0,0.0,58100000.0,58100000.0,464100000.0,0,67554.79,0.0,0
2026-04-18,ATM-011,Office Building,Jakarta Pusat,800000000,464100000.0,0.0,15400000.0,15400000.0,448700000.0,0,62520.55,0.0,0
2026-04-19,ATM-011,Office Building,Jakarta Pusat,800000000,448700000.0,0.0,11500000.0,11500000.0,437200000.0,0,60678.08,0.0,0
2026-04-20,ATM-011,Office Building,Jakarta Pusat,800000000,437200000.0,0.0,52800000.0,52800000.0,384400000.0,0,56273.97,0.0,0
2026-04-21,ATM-011,Office Building,Jakarta Pusat,800000000,384400000.0,0.0,95900000.0,95900000.0,288500000.0,0,46089.04,0.0,0
2026-04-22,ATM-011,Office Building,Jakarta Pusat,800000000,288500000.0,0.0,70500000.0,70500000.0,218000000.0,0,34691.78,0.0,0
2026-04-23,ATM-011,Office Building,Jakarta Pusat,800000000,218000000.0,0.0,64300000.0,64300000.0,153700000.0,0,25458.9,0.0,0
2026-04-24,ATM-011,Office Building,Jakarta Pusat,800000000,153700000.0,646300000.0,72000000.0,72000000.0,728000000.0,0,60390.41,178000.0,0
2026-04-25,ATM-011,Office Building,Jakarta Pusat,800000000,728000000.0,0.0,14700000.0,14700000.0,713300000.0,0,98719.18,0.0,0
2026-04-26,ATM-011,Office Building,Jakarta Pusat,800000000,713300000.0,0.0,12900000.0,12900000.0,700400000.0,0,96828.77,0.0,0
2026-04-27,ATM-011,Office Building,Jakarta Pusat,800000000,700400000.0,0.0,92500000.0,92500000.0,607900000.0,0,89609.59,0.0,0
2026-04-28,ATM-011,Office Building,Jakarta Pusat,800000000,607900000.0,0.0,69100000.0,69100000.0,538800000.0,0,78541.1,0.0,0
2026-04-29,ATM-011,Office Building,Jakarta Pusat,800000000,538800000.0,0.0,70500000.0,70500000.0,468300000.0,0,68979.45,0.0,0
2026-04-30,ATM-011,Office Building,Jakarta Pusat,800000000,468300000.0,0.0,76800000.0,76800000.0,391500000.0,0,58890.41,0.0,0
2026-05-01,ATM-011,Office Building,Jakarta Pusat,800000000,391500000.0,0.0,62500000.0,62500000.0,329000000.0,0,49349.32,0.0,0
2026-05-02,ATM-011,Office Building,Jakarta Pusat,800000000,329000000.0,0.0,16200000.0,16200000.0,312800000.0,0,43958.9,0.0,0
2026-05-03,ATM-011,Office Building,Jakarta Pusat,800000000,312800000.0,0.0,18100000.0,18100000.0,294700000.0,0,41609.59,0.0,0
2026-05-04,ATM-011,Office Building,Jakarta Pusat,800000000,294700000.0,0.0,68300000.0,68300000.0,226400000.0,0,35691.78,0.0,0
2026-05-05,ATM-011,Office Building,Jakarta Pusat,800000000,226400000.0,0.0,51700000.0,51700000.0,174700000.0,0,27472.6,0.0,0
2026-05-06,ATM-011,Office Building,Jakarta Pusat,800000000,174700000.0,0.0,58400000.0,58400000.0,116300000.0,0,19931.51,0.0,0
2026-05-07,ATM-011,Office Building,Jakarta Pusat,800000000,116300000.0,683700000.0,87600000.0,87600000.0,712400000.0,0,56760.27,178000.0,0
2026-05-08,ATM-011,Office Building,Jakarta Pusat,800000000,712400000.0,0.0,55600000.0,55600000.0,656800000.0,0,93780.82,0.0,0
2026-05-09,ATM-011,Office Building,Jakarta Pusat,800000000,656800000.0,0.0,13800000.0,13800000.0,643000000.0,0,89027.4,0.0,0
2026-05-10,ATM-011,Office Building,Jakarta Pusat,800000000,643000000.0,0.0,16500000.0,16500000.0,626500000.0,0,86952.05,0.0,0
2026-05-11,ATM-011,Office Building,Jakarta Pusat,800000000,626500000.0,0.0,48100000.0,48100000.0,578400000.0,0,82527.4,0.0,0
2026-05-12,ATM-011,Office Building,Jakarta Pusat,800000000,578400000.0,0.0,48700000.0,48700000.0,529700000.0,0,75897.26,0.0,0
2026-05-13,ATM-011,Office Building,Jakarta Pusat,800000000,529700000.0,0.0,45600000.0,45600000.0,484100000.0,0,69438.36,0.0,0
2026-05-14,ATM-011,Office Building,Jakarta Pusat,800000000,484100000.0,0.0,63800000.0,63800000.0,420300000.0,0,61945.21,0.0,0
2026-05-15,ATM-011,Office Building,Jakarta Pusat,800000000,420300000.0,0.0,46900000.0,46900000.0,373400000.0,0,54363.01,0.0,0
2026-05-16,ATM-011,Office Building,Jakarta Pusat,800000000,373400000.0,0.0,15300000.0,15300000.0,358100000.0,0,50102.74,0.0,0
2026-05-17,ATM-011,Office Building,Jakarta Pusat,800000000,358100000.0,0.0,11500000.0,11500000.0,346600000.0,0,48267.12,0.0,0
2026-05-18,ATM-011,Office Building,Jakarta Pusat,800000000,346600000.0,0.0,40100000.0,40100000.0,306500000.0,0,44732.88,0.0,0
2026-05-19,ATM-011,Office Building,Jakarta Pusat,800000000,306500000.0,0.0,83200000.0,83200000.0,223300000.0,0,36287.67,0.0,0
2025-11-01,ATM-012,Shopping Mall,Jakarta Barat,800000000,719274000.0,0.0,80300000.0,80300000.0,638974000.0,0,93030.68,0.0,0
2025-11-02,ATM-012,Shopping Mall,Jakarta Barat,800000000,638974000.0,0.0,106600000.0,106600000.0,532374000.0,0,80229.32,0.0,0
2025-11-03,ATM-012,Shopping Mall,Jakarta Barat,800000000,532374000.0,0.0,45700000.0,45700000.0,486674000.0,0,69797.81,0.0,0
2025-11-04,ATM-012,Shopping Mall,Jakarta Barat,800000000,486674000.0,0.0,44100000.0,44100000.0,442574000.0,0,63647.12,0.0,0
2025-11-05,ATM-012,Shopping Mall,Jakarta Barat,800000000,442574000.0,0.0,59200000.0,59200000.0,383374000.0,0,56571.78,0.0,0
2025-11-06,ATM-012,Shopping Mall,Jakarta Barat,800000000,383374000.0,0.0,52800000.0,52800000.0,330574000.0,0,48900.55,0.0,0
2025-11-07,ATM-012,Shopping Mall,Jakarta Barat,800000000,330574000.0,0.0,38500000.0,38500000.0,292074000.0,0,42647.12,0.0,0
2025-11-08,ATM-012,Shopping Mall,Jakarta Barat,800000000,292074000.0,0.0,69600000.0,69600000.0,222474000.0,0,35243.01,0.0,0
2025-11-09,ATM-012,Shopping Mall,Jakarta Barat,800000000,222474000.0,0.0,113300000.0,113300000.0,109174000.0,0,22715.62,0.0,0
2025-11-10,ATM-012,Shopping Mall,Jakarta Barat,800000000,109174000.0,690826000.0,39600000.0,39600000.0,760400000.0,0,59559.86,404000.0,0
2025-11-11,ATM-012,Shopping Mall,Jakarta Barat,800000000,760400000.0,0.0,44600000.0,44600000.0,715800000.0,0,101109.59,0.0,0
2025-11-12,ATM-012,Shopping Mall,Jakarta Barat,800000000,715800000.0,0.0,33400000.0,33400000.0,682400000.0,0,95767.12,0.0,0
2025-11-13,ATM-012,Shopping Mall,Jakarta Barat,800000000,682400000.0,0.0,47300000.0,47300000.0,635100000.0,0,90239.73,0.0,0
2025-11-14,ATM-012,Shopping Mall,Jakarta Barat,800000000,635100000.0,0.0,64000000.0,64000000.0,571100000.0,0,82616.44,0.0,0
2025-11-15,ATM-012,Shopping Mall,Jakarta Barat,800000000,571100000.0,0.0,77200000.0,77200000.0,493900000.0,0,72945.21,0.0,0
2025-11-16,ATM-012,Shopping Mall,Jakarta Barat,800000000,493900000.0,0.0,63600000.0,63600000.0,430300000.0,0,63301.37,0.0,0
2025-11-17,ATM-012,Shopping Mall,Jakarta Barat,800000000,430300000.0,0.0,35900000.0,35900000.0,394400000.0,0,56486.3,0.0,0
2025-11-18,ATM-012,Shopping Mall,Jakarta Barat,800000000,394400000.0,0.0,31700000.0,31700000.0,362700000.0,0,51856.16,0.0,0
2025-11-19,ATM-012,Shopping Mall,Jakarta Barat,800000000,362700000.0,0.0,36200000.0,36200000.0,326500000.0,0,47205.48,0.0,0
2025-11-20,ATM-012,Shopping Mall,Jakarta Barat,800000000,326500000.0,0.0,34900000.0,34900000.0,291600000.0,0,42335.62,0.0,0
2025-11-21,ATM-012,Shopping Mall,Jakarta Barat,800000000,291600000.0,0.0,47700000.0,47700000.0,243900000.0,0,36678.08,0.0,0
2025-11-22,ATM-012,Shopping Mall,Jakarta Barat,800000000,243900000.0,0.0,109800000.0,109800000.0,134100000.0,0,25890.41,0.0,0
2025-11-23,ATM-012,Shopping Mall,Jakarta Barat,800000000,134100000.0,665900000.0,88200000.0,88200000.0,711800000.0,0,57938.36,404000.0,0
2025-11-24,ATM-012,Shopping Mall,Jakarta Barat,800000000,711800000.0,0.0,45700000.0,45700000.0,666100000.0,0,94376.71,0.0,0
2025-11-25,ATM-012,Shopping Mall,Jakarta Barat,800000000,666100000.0,0.0,48600000.0,48600000.0,617500000.0,0,87917.81,0.0,0
2025-11-26,ATM-012,Shopping Mall,Jakarta Barat,800000000,617500000.0,0.0,41900000.0,41900000.0,575600000.0,0,81719.18,0.0,0
2025-11-27,ATM-012,Shopping Mall,Jakarta Barat,800000000,575600000.0,0.0,33600000.0,33600000.0,542000000.0,0,76547.95,0.0,0
2025-11-28,ATM-012,Shopping Mall,Jakarta Barat,800000000,542000000.0,0.0,36300000.0,36300000.0,505700000.0,0,71760.27,0.0,0
2025-11-29,ATM-012,Shopping Mall,Jakarta Barat,800000000,505700000.0,0.0,77900000.0,77900000.0,427800000.0,0,63938.36,0.0,0
2025-11-30,ATM-012,Shopping Mall,Jakarta Barat,800000000,427800000.0,0.0,71700000.0,71700000.0,356100000.0,0,53691.78,0.0,0
2025-12-01,ATM-012,Shopping Mall,Jakarta Barat,800000000,356100000.0,0.0,33900000.0,33900000.0,322200000.0,0,46458.9,0.0,0
2025-12-02,ATM-012,Shopping Mall,Jakarta Barat,800000000,322200000.0,0.0,58600000.0,58600000.0,263600000.0,0,40123.29,0.0,0
2025-12-03,ATM-012,Shopping Mall,Jakarta Barat,800000000,263600000.0,0.0,49500000.0,49500000.0,214100000.0,0,32719.18,0.0,0
2025-12-04,ATM-012,Shopping Mall,Jakarta Barat,800000000,214100000.0,0.0,35700000.0,35700000.0,178400000.0,0,26883.56,0.0,0
2025-12-05,ATM-012,Shopping Mall,Jakarta Barat,800000000,178400000.0,0.0,39900000.0,39900000.0,138500000.0,0,21705.48,0.0,0
2025-12-06,ATM-012,Shopping Mall,Jakarta Barat,800000000,138500000.0,661500000.0,102300000.0,102300000.0,697700000.0,0,57273.97,404000.0,0
2025-12-07,ATM-012,Shopping Mall,Jakarta Barat,800000000,697700000.0,0.0,103400000.0,103400000.0,594300000.0,0,88493.15,0.0,0
2025-12-08,ATM-012,Shopping Mall,Jakarta Barat,800000000,594300000.0,0.0,36300000.0,36300000.0,558000000.0,0,78924.66,0.0,0
2025-12-09,ATM-012,Shopping Mall,Jakarta Barat,800000000,558000000.0,0.0,32600000.0,32600000.0,525400000.0,0,74205.48,0.0,0
2025-12-10,ATM-012,Shopping Mall,Jakarta Barat,800000000,525400000.0,0.0,56200000.0,56200000.0,469200000.0,0,68123.29,0.0,0
2025-12-11,ATM-012,Shopping Mall,Jakarta Barat,800000000,469200000.0,0.0,44500000.0,44500000.0,424700000.0,0,61226.03,0.0,0
2025-12-12,ATM-012,Shopping Mall,Jakarta Barat,800000000,424700000.0,0.0,49600000.0,49600000.0,375100000.0,0,54780.82,0.0,0
2025-12-13,ATM-012,Shopping Mall,Jakarta Barat,800000000,375100000.0,0.0,51700000.0,51700000.0,323400000.0,0,47842.47,0.0,0
2025-12-14,ATM-012,Shopping Mall,Jakarta Barat,800000000,323400000.0,0.0,92100000.0,92100000.0,231300000.0,0,37993.15,0.0,0
2025-12-15,ATM-012,Shopping Mall,Jakarta Barat,800000000,231300000.0,0.0,49300000.0,49300000.0,182000000.0,0,28308.22,0.0,0
2025-12-16,ATM-012,Shopping Mall,Jakarta Barat,800000000,182000000.0,0.0,52400000.0,52400000.0,129600000.0,0,21342.47,0.0,0
2025-12-17,ATM-012,Shopping Mall,Jakarta Barat,800000000,129600000.0,670400000.0,36100000.0,36100000.0,763900000.0,0,61198.63,404000.0,0
2025-12-18,ATM-012,Shopping Mall,Jakarta Barat,800000000,763900000.0,0.0,39300000.0,39300000.0,724600000.0,0,101952.05,0.0,0
2025-12-19,ATM-012,Shopping Mall,Jakarta Barat,800000000,724600000.0,0.0,38900000.0,38900000.0,685700000.0,0,96595.89,0.0,0
2025-12-20,ATM-012,Shopping Mall,Jakarta Barat,800000000,685700000.0,0.0,71500000.0,71500000.0,614200000.0,0,89034.25,0.0,0
2025-12-21,ATM-012,Shopping Mall,Jakarta Barat,800000000,614200000.0,0.0,92700000.0,92700000.0,521500000.0,0,77787.67,0.0,0
2025-12-22,ATM-012,Shopping Mall,Jakarta Barat,800000000,521500000.0,0.0,46700000.0,46700000.0,474800000.0,0,68239.73,0.0,0
2025-12-23,ATM-012,Shopping Mall,Jakarta Barat,800000000,474800000.0,0.0,49000000.0,49000000.0,425800000.0,0,61684.93,0.0,0
2025-12-24,ATM-012,Shopping Mall,Jakarta Barat,800000000,425800000.0,0.0,34000000.0,34000000.0,391800000.0,0,56000.0,0.0,0
2025-12-25,ATM-012,Shopping Mall,Jakarta Barat,800000000,391800000.0,0.0,34600000.0,34600000.0,357200000.0,0,51301.37,0.0,0
2025-12-26,ATM-012,Shopping Mall,Jakarta Barat,800000000,357200000.0,0.0,58600000.0,58600000.0,298600000.0,0,44917.81,0.0,0
2025-12-27,ATM-012,Shopping Mall,Jakarta Barat,800000000,298600000.0,0.0,75100000.0,75100000.0,223500000.0,0,35760.27,0.0,0
2025-12-28,ATM-012,Shopping Mall,Jakarta Barat,800000000,223500000.0,0.0,111100000.0,111100000.0,112400000.0,0,23006.85,0.0,0
2025-12-29,ATM-012,Shopping Mall,Jakarta Barat,800000000,112400000.0,687600000.0,45500000.0,45500000.0,754500000.0,0,59376.71,404000.0,0
2025-12-30,ATM-012,Shopping Mall,Jakarta Barat,800000000,754500000.0,0.0,46800000.0,46800000.0,707700000.0,0,100150.68,0.0,0
2025-12-31,ATM-012,Shopping Mall,Jakarta Barat,800000000,707700000.0,0.0,49500000.0,49500000.0,658200000.0,0,93554.79,0.0,0
2026-01-01,ATM-012,Shopping Mall,Jakarta Barat,800000000,658200000.0,0.0,40300000.0,40300000.0,617900000.0,0,87404.11,0.0,0
2026-01-02,ATM-012,Shopping Mall,Jakarta Barat,800000000,617900000.0,0.0,52100000.0,52100000.0,565800000.0,0,81075.34,0.0,0
2026-01-03,ATM-012,Shopping Mall,Jakarta Barat,800000000,565800000.0,0.0,115200000.0,115200000.0,450600000.0,0,69616.44,0.0,0
2026-01-04,ATM-012,Shopping Mall,Jakarta Barat,800000000,450600000.0,0.0,91400000.0,91400000.0,359200000.0,0,55465.75,0.0,0
2026-01-05,ATM-012,Shopping Mall,Jakarta Barat,800000000,359200000.0,0.0,61800000.0,61800000.0,297400000.0,0,44972.6,0.0,0
2026-01-06,ATM-012,Shopping Mall,Jakarta Barat,800000000,297400000.0,0.0,54500000.0,54500000.0,242900000.0,0,37006.85,0.0,0
2026-01-07,ATM-012,Shopping Mall,Jakarta Barat,800000000,242900000.0,0.0,35900000.0,35900000.0,207000000.0,0,30815.07,0.0,0
2026-01-08,ATM-012,Shopping Mall,Jakarta Barat,800000000,207000000.0,0.0,41900000.0,41900000.0,165100000.0,0,25486.3,0.0,0
2026-01-09,ATM-012,Shopping Mall,Jakarta Barat,800000000,165100000.0,0.0,34600000.0,34600000.0,130500000.0,0,20246.58,0.0,0
2026-01-10,ATM-012,Shopping Mall,Jakarta Barat,800000000,130500000.0,669500000.0,92300000.0,92300000.0,707700000.0,0,57410.96,404000.0,0
2026-01-11,ATM-012,Shopping Mall,Jakarta Barat,800000000,707700000.0,0.0,95300000.0,95300000.0,612400000.0,0,90417.81,0.0,0
2026-01-12,ATM-012,Shopping Mall,Jakarta Barat,800000000,612400000.0,0.0,49800000.0,49800000.0,562600000.0,0,80479.45,0.0,0
2026-01-13,ATM-012,Shopping Mall,Jakarta Barat,800000000,562600000.0,0.0,29300000.0,29300000.0,533300000.0,0,75061.64,0.0,0
2026-01-14,ATM-012,Shopping Mall,Jakarta Barat,800000000,533300000.0,0.0,32300000.0,32300000.0,501000000.0,0,70842.47,0.0,0
2026-01-15,ATM-012,Shopping Mall,Jakarta Barat,800000000,501000000.0,0.0,42400000.0,42400000.0,458600000.0,0,65726.03,0.0,0
2026-01-16,ATM-012,Shopping Mall,Jakarta Barat,800000000,458600000.0,0.0,45500000.0,45500000.0,413100000.0,0,59705.48,0.0,0
2026-01-17,ATM-012,Shopping Mall,Jakarta Barat,800000000,413100000.0,0.0,98000000.0,98000000.0,315100000.0,0,49876.71,0.0,0
2026-01-18,ATM-012,Shopping Mall,Jakarta Barat,800000000,315100000.0,0.0,113400000.0,113400000.0,201700000.0,0,35397.26,0.0,0
2026-01-19,ATM-012,Shopping Mall,Jakarta Barat,800000000,201700000.0,0.0,46700000.0,46700000.0,155000000.0,0,24431.51,0.0,0
2026-01-20,ATM-012,Shopping Mall,Jakarta Barat,800000000,155000000.0,645000000.0,58900000.0,58900000.0,741100000.0,0,61376.71,404000.0,0
2026-01-21,ATM-012,Shopping Mall,Jakarta Barat,800000000,741100000.0,0.0,55000000.0,55000000.0,686100000.0,0,97753.42,0.0,0
2026-01-22,ATM-012,Shopping Mall,Jakarta Barat,800000000,686100000.0,0.0,44000000.0,44000000.0,642100000.0,0,90972.6,0.0,0
2026-01-23,ATM-012,Shopping Mall,Jakarta Barat,800000000,642100000.0,0.0,53500000.0,53500000.0,588600000.0,0,84294.52,0.0,0
2026-01-24,ATM-012,Shopping Mall,Jakarta Barat,800000000,588600000.0,0.0,53200000.0,53200000.0,535400000.0,0,76986.3,0.0,0
2026-01-25,ATM-012,Shopping Mall,Jakarta Barat,800000000,535400000.0,0.0,99800000.0,99800000.0,435600000.0,0,66506.85,0.0,0
2026-01-26,ATM-012,Shopping Mall,Jakarta Barat,800000000,435600000.0,0.0,52700000.0,52700000.0,382900000.0,0,56061.64,0.0,0
2026-01-27,ATM-012,Shopping Mall,Jakarta Barat,800000000,382900000.0,0.0,64300000.0,64300000.0,318600000.0,0,48047.95,0.0,0
2026-01-28,ATM-012,Shopping Mall,Jakarta Barat,800000000,318600000.0,0.0,39100000.0,39100000.0,279500000.0,0,40965.75,0.0,0
2026-01-29,ATM-012,Shopping Mall,Jakarta Barat,800000000,279500000.0,0.0,38700000.0,38700000.0,240800000.0,0,35636.99,0.0,0
2026-01-30,ATM-012,Shopping Mall,Jakarta Barat,800000000,240800000.0,0.0,50800000.0,50800000.0,190000000.0,0,29506.85,0.0,0
2026-01-31,ATM-012,Shopping Mall,Jakarta Barat,800000000,190000000.0,0.0,63900000.0,63900000.0,126100000.0,0,21650.68,0.0,0
2026-02-01,ATM-012,Shopping Mall,Jakarta Barat,800000000,126100000.0,673900000.0,79400000.0,79400000.0,720600000.0,0,57993.15,404000.0,0
2026-02-02,ATM-012,Shopping Mall,Jakarta Barat,800000000,720600000.0,0.0,40000000.0,40000000.0,680600000.0,0,95972.6,0.0,0
2026-02-03,ATM-012,Shopping Mall,Jakarta Barat,800000000,680600000.0,0.0,34400000.0,34400000.0,646200000.0,0,90876.71,0.0,0
2026-02-04,ATM-012,Shopping Mall,Jakarta Barat,800000000,646200000.0,0.0,40900000.0,40900000.0,605300000.0,0,85719.18,0.0,0
2026-02-05,ATM-012,Shopping Mall,Jakarta Barat,800000000,605300000.0,0.0,47900000.0,47900000.0,557400000.0,0,79636.99,0.0,0
2026-02-06,ATM-012,Shopping Mall,Jakarta Barat,800000000,557400000.0,0.0,33600000.0,33600000.0,523800000.0,0,74054.79,0.0,0
2026-02-07,ATM-012,Shopping Mall,Jakarta Barat,800000000,523800000.0,0.0,71400000.0,71400000.0,452400000.0,0,66863.01,0.0,0
2026-02-08,ATM-012,Shopping Mall,Jakarta Barat,800000000,452400000.0,0.0,66800000.0,66800000.0,385600000.0,0,57397.26,0.0,0
2026-02-09,ATM-012,Shopping Mall,Jakarta Barat,800000000,385600000.0,0.0,30200000.0,30200000.0,355400000.0,0,50753.42,0.0,0
2026-02-10,ATM-012,Shopping Mall,Jakarta Barat,800000000,355400000.0,0.0,32600000.0,32600000.0,322800000.0,0,46452.05,0.0,0
2026-02-11,ATM-012,Shopping Mall,Jakarta Barat,800000000,322800000.0,0.0,45300000.0,45300000.0,277500000.0,0,41116.44,0.0,0
2026-02-12,ATM-012,Shopping Mall,Jakarta Barat,800000000,277500000.0,0.0,34900000.0,34900000.0,242600000.0,0,35623.29,0.0,0
2026-02-13,ATM-012,Shopping Mall,Jakarta Barat,800000000,242600000.0,0.0,47400000.0,47400000.0,195200000.0,0,29986.3,0.0,0
2026-02-14,ATM-012,Shopping Mall,Jakarta Barat,800000000,195200000.0,0.0,75100000.0,75100000.0,120100000.0,0,21595.89,0.0,0
2026-02-15,ATM-012,Shopping Mall,Jakarta Barat,800000000,120100000.0,679900000.0,93600000.0,93600000.0,706400000.0,0,56609.59,404000.0,0
2026-02-16,ATM-012,Shopping Mall,Jakarta Barat,800000000,706400000.0,0.0,35700000.0,35700000.0,670700000.0,0,94321.92,0.0,0
2026-02-17,ATM-012,Shopping Mall,Jakarta Barat,800000000,670700000.0,0.0,46400000.0,46400000.0,624300000.0,0,88698.63,0.0,0
2026-02-18,ATM-012,Shopping Mall,Jakarta Barat,800000000,624300000.0,0.0,34900000.0,34900000.0,589400000.0,0,83130.14,0.0,0
2026-02-19,ATM-012,Shopping Mall,Jakarta Barat,800000000,589400000.0,0.0,40100000.0,40100000.0,549300000.0,0,77993.15,0.0,0
2026-02-20,ATM-012,Shopping Mall,Jakarta Barat,800000000,549300000.0,0.0,41100000.0,41100000.0,508200000.0,0,72431.51,0.0,0
2026-02-21,ATM-012,Shopping Mall,Jakarta Barat,800000000,508200000.0,0.0,56700000.0,56700000.0,451500000.0,0,65732.88,0.0,0
2026-02-22,ATM-012,Shopping Mall,Jakarta Barat,800000000,451500000.0,0.0,124800000.0,124800000.0,326700000.0,0,53301.37,0.0,0
2026-02-23,ATM-012,Shopping Mall,Jakarta Barat,800000000,326700000.0,0.0,58300000.0,58300000.0,268400000.0,0,40760.27,0.0,0
2026-02-24,ATM-012,Shopping Mall,Jakarta Barat,800000000,268400000.0,0.0,28100000.0,28100000.0,240300000.0,0,34842.47,0.0,0
2026-02-25,ATM-012,Shopping Mall,Jakarta Barat,800000000,240300000.0,0.0,48000000.0,48000000.0,192300000.0,0,29630.14,0.0,0
2026-02-26,ATM-012,Shopping Mall,Jakarta Barat,800000000,192300000.0,0.0,45500000.0,45500000.0,146800000.0,0,23226.03,0.0,0
2026-02-27,ATM-012,Shopping Mall,Jakarta Barat,800000000,146800000.0,653200000.0,47000000.0,47000000.0,753000000.0,0,61630.14,404000.0,0
2026-02-28,ATM-012,Shopping Mall,Jakarta Barat,800000000,753000000.0,0.0,74600000.0,74600000.0,678400000.0,0,98041.1,0.0,0
2026-03-01,ATM-012,Shopping Mall,Jakarta Barat,800000000,678400000.0,0.0,132700000.0,132700000.0,545700000.0,0,83842.47,0.0,0
2026-03-02,ATM-012,Shopping Mall,Jakarta Barat,800000000,545700000.0,0.0,44000000.0,44000000.0,501700000.0,0,71739.73,0.0,0
2026-03-03,ATM-012,Shopping Mall,Jakarta Barat,800000000,501700000.0,0.0,42900000.0,42900000.0,458800000.0,0,65787.67,0.0,0
2026-03-04,ATM-012,Shopping Mall,Jakarta Barat,800000000,458800000.0,0.0,35200000.0,35200000.0,423600000.0,0,60438.36,0.0,0
2026-03-05,ATM-012,Shopping Mall,Jakarta Barat,800000000,423600000.0,0.0,36800000.0,36800000.0,386800000.0,0,55506.85,0.0,0
2026-03-06,ATM-012,Shopping Mall,Jakarta Barat,800000000,386800000.0,0.0,36500000.0,36500000.0,350300000.0,0,50486.3,0.0,0
2026-03-07,ATM-012,Shopping Mall,Jakarta Barat,800000000,350300000.0,0.0,75000000.0,75000000.0,275300000.0,0,42849.32,0.0,0
2026-03-08,ATM-012,Shopping Mall,Jakarta Barat,800000000,275300000.0,0.0,88900000.0,88900000.0,186400000.0,0,31623.29,0.0,0
2026-03-09,ATM-012,Shopping Mall,Jakarta Barat,800000000,186400000.0,0.0,41100000.0,41100000.0,145300000.0,0,22719.18,0.0,0
2026-03-10,ATM-012,Shopping Mall,Jakarta Barat,800000000,145300000.0,654700000.0,50600000.0,50600000.0,749400000.0,0,61280.82,404000.0,0
2026-03-11,ATM-012,Shopping Mall,Jakarta Barat,800000000,749400000.0,0.0,27200000.0,27200000.0,722200000.0,0,100794.52,0.0,0
2026-03-12,ATM-012,Shopping Mall,Jakarta Barat,800000000,722200000.0,0.0,43000000.0,43000000.0,679200000.0,0,95986.3,0.0,0
2026-03-13,ATM-012,Shopping Mall,Jakarta Barat,800000000,679200000.0,0.0,39900000.0,39900000.0,639300000.0,0,90308.22,0.0,0
2026-03-14,ATM-012,Shopping Mall,Jakarta Barat,800000000,639300000.0,0.0,79800000.0,79800000.0,559500000.0,0,82109.59,0.0,0
2026-03-15,ATM-012,Shopping Mall,Jakarta Barat,800000000,559500000.0,0.0,75700000.0,75700000.0,483800000.0,0,71458.9,0.0,0
2026-03-16,ATM-012,Shopping Mall,Jakarta Barat,800000000,483800000.0,0.0,59100000.0,59100000.0,424700000.0,0,62226.03,0.0,0
2026-03-17,ATM-012,Shopping Mall,Jakarta Barat,800000000,424700000.0,0.0,45200000.0,45200000.0,379500000.0,0,55082.19,0.0,0
2026-03-18,ATM-012,Shopping Mall,Jakarta Barat,800000000,379500000.0,0.0,59400000.0,59400000.0,320100000.0,0,47917.81,0.0,0
2026-03-19,ATM-012,Shopping Mall,Jakarta Barat,800000000,320100000.0,0.0,35200000.0,35200000.0,284900000.0,0,41438.36,0.0,0
2026-03-20,ATM-012,Shopping Mall,Jakarta Barat,800000000,284900000.0,0.0,49800000.0,49800000.0,235100000.0,0,35616.44,0.0,0
2026-03-21,ATM-012,Shopping Mall,Jakarta Barat,800000000,235100000.0,0.0,90500000.0,90500000.0,144600000.0,0,26006.85,0.0,0
2026-03-22,ATM-012,Shopping Mall,Jakarta Barat,800000000,144600000.0,655400000.0,80400000.0,80400000.0,719600000.0,0,59191.78,404000.0,0
2026-03-23,ATM-012,Shopping Mall,Jakarta Barat,800000000,719600000.0,0.0,44300000.0,44300000.0,675300000.0,0,95541.1,0.0,0
2026-03-24,ATM-012,Shopping Mall,Jakarta Barat,800000000,675300000.0,0.0,46700000.0,46700000.0,628600000.0,0,89308.22,0.0,0
2026-03-25,ATM-012,Shopping Mall,Jakarta Barat,800000000,628600000.0,0.0,37900000.0,37900000.0,590700000.0,0,83513.7,0.0,0
2026-03-26,ATM-012,Shopping Mall,Jakarta Barat,800000000,590700000.0,0.0,38300000.0,38300000.0,552400000.0,0,78294.52,0.0,0
2026-03-27,ATM-012,Shopping Mall,Jakarta Barat,800000000,552400000.0,0.0,32600000.0,32600000.0,519800000.0,0,73438.36,0.0,0
2026-03-28,ATM-012,Shopping Mall,Jakarta Barat,800000000,519800000.0,0.0,85200000.0,85200000.0,434600000.0,0,65369.86,0.0,0
2026-03-29,ATM-012,Shopping Mall,Jakarta Barat,800000000,434600000.0,0.0,88400000.0,88400000.0,346200000.0,0,53479.45,0.0,0
2026-03-30,ATM-012,Shopping Mall,Jakarta Barat,800000000,346200000.0,0.0,50700000.0,50700000.0,295500000.0,0,43952.05,0.0,0
2026-03-31,ATM-012,Shopping Mall,Jakarta Barat,800000000,295500000.0,0.0,56200000.0,56200000.0,239300000.0,0,36630.14,0.0,0
2026-04-01,ATM-012,Shopping Mall,Jakarta Barat,800000000,239300000.0,0.0,63900000.0,63900000.0,175400000.0,0,28404.11,0.0,0
2026-04-02,ATM-012,Shopping Mall,Jakarta Barat,800000000,175400000.0,0.0,31600000.0,31600000.0,143800000.0,0,21863.01,0.0,0
2026-04-03,ATM-012,Shopping Mall,Jakarta Barat,800000000,143800000.0,656200000.0,33100000.0,33100000.0,766900000.0,0,62376.71,404000.0,0
2026-04-04,ATM-012,Shopping Mall,Jakarta Barat,800000000,766900000.0,0.0,121000000.0,121000000.0,645900000.0,0,96767.12,0.0,0
2026-04-05,ATM-012,Shopping Mall,Jakarta Barat,800000000,645900000.0,0.0,62200000.0,62200000.0,583700000.0,0,84219.18,0.0,0
2026-04-06,ATM-012,Shopping Mall,Jakarta Barat,800000000,583700000.0,0.0,61500000.0,61500000.0,522200000.0,0,75746.58,0.0,0
2026-04-07,ATM-012,Shopping Mall,Jakarta Barat,800000000,522200000.0,0.0,43400000.0,43400000.0,478800000.0,0,68561.64,0.0,0
2026-04-08,ATM-012,Shopping Mall,Jakarta Barat,800000000,478800000.0,0.0,32000000.0,32000000.0,446800000.0,0,63397.26,0.0,0
2026-04-09,ATM-012,Shopping Mall,Jakarta Barat,800000000,446800000.0,0.0,68800000.0,68800000.0,378000000.0,0,56493.15,0.0,0
2026-04-10,ATM-012,Shopping Mall,Jakarta Barat,800000000,378000000.0,0.0,40600000.0,40600000.0,337400000.0,0,49000.0,0.0,0
2026-04-11,ATM-012,Shopping Mall,Jakarta Barat,800000000,337400000.0,0.0,61900000.0,61900000.0,275500000.0,0,41979.45,0.0,0
2026-04-12,ATM-012,Shopping Mall,Jakarta Barat,800000000,275500000.0,0.0,103600000.0,103600000.0,171900000.0,0,30643.84,0.0,0
2026-04-13,ATM-012,Shopping Mall,Jakarta Barat,800000000,171900000.0,0.0,51600000.0,51600000.0,120300000.0,0,20013.7,0.0,0
2026-04-14,ATM-012,Shopping Mall,Jakarta Barat,800000000,120300000.0,679700000.0,51600000.0,51600000.0,748400000.0,0,59500.0,404000.0,0
2026-04-15,ATM-012,Shopping Mall,Jakarta Barat,800000000,748400000.0,0.0,40800000.0,40800000.0,707600000.0,0,99726.03,0.0,0
2026-04-16,ATM-012,Shopping Mall,Jakarta Barat,800000000,707600000.0,0.0,50900000.0,50900000.0,656700000.0,0,93445.21,0.0,0
2026-04-17,ATM-012,Shopping Mall,Jakarta Barat,800000000,656700000.0,0.0,67700000.0,67700000.0,589000000.0,0,85321.92,0.0,0
2026-04-18,ATM-012,Shopping Mall,Jakarta Barat,800000000,589000000.0,0.0,80900000.0,80900000.0,508100000.0,0,75143.84,0.0,0
2026-04-19,ATM-012,Shopping Mall,Jakarta Barat,800000000,508100000.0,0.0,99100000.0,99100000.0,409000000.0,0,62815.07,0.0,0
2026-04-20,ATM-012,Shopping Mall,Jakarta Barat,800000000,409000000.0,0.0,45500000.0,45500000.0,363500000.0,0,52910.96,0.0,0
2026-04-21,ATM-012,Shopping Mall,Jakarta Barat,800000000,363500000.0,0.0,57300000.0,57300000.0,306200000.0,0,45869.86,0.0,0
2026-04-22,ATM-012,Shopping Mall,Jakarta Barat,800000000,306200000.0,0.0,54500000.0,54500000.0,251700000.0,0,38212.33,0.0,0
2026-04-23,ATM-012,Shopping Mall,Jakarta Barat,800000000,251700000.0,0.0,41400000.0,41400000.0,210300000.0,0,31643.84,0.0,0
2026-04-24,ATM-012,Shopping Mall,Jakarta Barat,800000000,210300000.0,0.0,67200000.0,67200000.0,143100000.0,0,24205.48,0.0,0
2026-04-25,ATM-012,Shopping Mall,Jakarta Barat,800000000,143100000.0,656900000.0,105500000.0,105500000.0,694500000.0,0,57369.86,404000.0,0
2026-04-26,ATM-012,Shopping Mall,Jakarta Barat,800000000,694500000.0,0.0,90000000.0,90000000.0,604500000.0,0,88972.6,0.0,0
2026-04-27,ATM-012,Shopping Mall,Jakarta Barat,800000000,604500000.0,0.0,39300000.0,39300000.0,565200000.0,0,80116.44,0.0,0
2026-04-28,ATM-012,Shopping Mall,Jakarta Barat,800000000,565200000.0,0.0,43800000.0,43800000.0,521400000.0,0,74424.66,0.0,0
2026-04-29,ATM-012,Shopping Mall,Jakarta Barat,800000000,521400000.0,0.0,42000000.0,42000000.0,479400000.0,0,68547.95,0.0,0
2026-04-30,ATM-012,Shopping Mall,Jakarta Barat,800000000,479400000.0,0.0,39700000.0,39700000.0,439700000.0,0,62952.05,0.0,0
2026-05-01,ATM-012,Shopping Mall,Jakarta Barat,800000000,439700000.0,0.0,43800000.0,43800000.0,395900000.0,0,57232.88,0.0,0
2026-05-02,ATM-012,Shopping Mall,Jakarta Barat,800000000,395900000.0,0.0,88700000.0,88700000.0,307200000.0,0,48157.53,0.0,0
2026-05-03,ATM-012,Shopping Mall,Jakarta Barat,800000000,307200000.0,0.0,104400000.0,104400000.0,202800000.0,0,34931.51,0.0,0
2026-05-04,ATM-012,Shopping Mall,Jakarta Barat,800000000,202800000.0,0.0,47000000.0,47000000.0,155800000.0,0,24561.64,0.0,0
2026-05-05,ATM-012,Shopping Mall,Jakarta Barat,800000000,155800000.0,644200000.0,38300000.0,38300000.0,761700000.0,0,62842.47,404000.0,0
2026-05-06,ATM-012,Shopping Mall,Jakarta Barat,800000000,761700000.0,0.0,29100000.0,29100000.0,732600000.0,0,102349.32,0.0,0
2026-05-07,ATM-012,Shopping Mall,Jakarta Barat,800000000,732600000.0,0.0,42700000.0,42700000.0,689900000.0,0,97431.51,0.0,0
2026-05-08,ATM-012,Shopping Mall,Jakarta Barat,800000000,689900000.0,0.0,36800000.0,36800000.0,653100000.0,0,91986.3,0.0,0
2026-05-09,ATM-012,Shopping Mall,Jakarta Barat,800000000,653100000.0,0.0,125000000.0,125000000.0,528100000.0,0,80904.11,0.0,0
2026-05-10,ATM-012,Shopping Mall,Jakarta Barat,800000000,528100000.0,0.0,87200000.0,87200000.0,440900000.0,0,66369.86,0.0,0
2026-05-11,ATM-012,Shopping Mall,Jakarta Barat,800000000,440900000.0,0.0,69000000.0,69000000.0,371900000.0,0,55671.23,0.0,0
2026-05-12,ATM-012,Shopping Mall,Jakarta Barat,800000000,371900000.0,0.0,55800000.0,55800000.0,316100000.0,0,47123.29,0.0,0
2026-05-13,ATM-012,Shopping Mall,Jakarta Barat,800000000,316100000.0,0.0,39100000.0,39100000.0,277000000.0,0,40623.29,0.0,0
2026-05-14,ATM-012,Shopping Mall,Jakarta Barat,800000000,277000000.0,0.0,36000000.0,36000000.0,241000000.0,0,35479.45,0.0,0
2026-05-15,ATM-012,Shopping Mall,Jakarta Barat,800000000,241000000.0,0.0,34200000.0,34200000.0,206800000.0,0,30671.23,0.0,0
2026-05-16,ATM-012,Shopping Mall,Jakarta Barat,800000000,206800000.0,0.0,76600000.0,76600000.0,130200000.0,0,23082.19,0.0,0
2026-05-17,ATM-012,Shopping Mall,Jakarta Barat,800000000,130200000.0,669800000.0,106100000.0,106100000.0,693900000.0,0,56445.21,404000.0,0
2026-05-18,ATM-012,Shopping Mall,Jakarta Barat,800000000,693900000.0,0.0,48300000.0,48300000.0,645600000.0,0,91746.58,0.0,0
2026-05-19,ATM-012,Shopping Mall,Jakarta Barat,800000000,645600000.0,0.0,62700000.0,62700000.0,582900000.0,0,84143.84,0.0,0
2025-11-01,ATM-013,Convenience Store,Jakarta Barat,400000000,302478000.0,0.0,37900000.0,37900000.0,264578000.0,0,38839.45,0.0,0
2025-11-02,ATM-013,Convenience Store,Jakarta Barat,400000000,264578000.0,0.0,25500000.0,25500000.0,239078000.0,0,34496.99,0.0,0
2025-11-03,ATM-013,Convenience Store,Jakarta Barat,400000000,239078000.0,0.0,34100000.0,34100000.0,204978000.0,0,30414.79,0.0,0
2025-11-04,ATM-013,Convenience Store,Jakarta Barat,400000000,204978000.0,0.0,43000000.0,43000000.0,161978000.0,0,25133.97,0.0,0
2025-11-05,ATM-013,Convenience Store,Jakarta Barat,400000000,161978000.0,0.0,37300000.0,37300000.0,124678000.0,0,19633.97,0.0,0
2025-11-06,ATM-013,Convenience Store,Jakarta Barat,400000000,124678000.0,0.0,19700000.0,19700000.0,104978000.0,0,15729.86,0.0,0
2025-11-07,ATM-013,Convenience Store,Jakarta Barat,400000000,104978000.0,0.0,29400000.0,29400000.0,75578000.0,0,12366.85,0.0,0
2025-11-08,ATM-013,Convenience Store,Jakarta Barat,400000000,75578000.0,324422000.0,44100000.0,44100000.0,355900000.0,0,29553.29,392000.0,0
2025-11-09,ATM-013,Convenience Store,Jakarta Barat,400000000,355900000.0,0.0,34200000.0,34200000.0,321700000.0,0,46410.96,0.0,0
2025-11-10,ATM-013,Convenience Store,Jakarta Barat,400000000,321700000.0,0.0,21800000.0,21800000.0,299900000.0,0,42575.34,0.0,0
2025-11-11,ATM-013,Convenience Store,Jakarta Barat,400000000,299900000.0,0.0,27500000.0,27500000.0,272400000.0,0,39198.63,0.0,0
2025-11-12,ATM-013,Convenience Store,Jakarta Barat,400000000,272400000.0,0.0,36500000.0,36500000.0,235900000.0,0,34815.07,0.0,0
2025-11-13,ATM-013,Convenience Store,Jakarta Barat,400000000,235900000.0,0.0,26000000.0,26000000.0,209900000.0,0,30534.25,0.0,0
2025-11-14,ATM-013,Convenience Store,Jakarta Barat,400000000,209900000.0,0.0,51900000.0,51900000.0,158000000.0,0,25198.63,0.0,0
2025-11-15,ATM-013,Convenience Store,Jakarta Barat,400000000,158000000.0,0.0,23200000.0,23200000.0,134800000.0,0,20054.79,0.0,0
2025-11-16,ATM-013,Convenience Store,Jakarta Barat,400000000,134800000.0,0.0,29200000.0,29200000.0,105600000.0,0,16465.75,0.0,0
2025-11-17,ATM-013,Convenience Store,Jakarta Barat,400000000,105600000.0,0.0,40900000.0,40900000.0,64700000.0,0,11664.38,0.0,0
2025-11-18,ATM-013,Convenience Store,Jakarta Barat,400000000,64700000.0,335300000.0,25600000.0,25600000.0,374400000.0,0,30075.34,392000.0,0
2025-11-19,ATM-013,Convenience Store,Jakarta Barat,400000000,374400000.0,0.0,29600000.0,29600000.0,344800000.0,0,49260.27,0.0,0
2025-11-20,ATM-013,Convenience Store,Jakarta Barat,400000000,344800000.0,0.0,52800000.0,52800000.0,292000000.0,0,43616.44,0.0,0
2025-11-21,ATM-013,Convenience Store,Jakarta Barat,400000000,292000000.0,0.0,35300000.0,35300000.0,256700000.0,0,37582.19,0.0,0
2025-11-22,ATM-013,Convenience Store,Jakarta Barat,400000000,256700000.0,0.0,23000000.0,23000000.0,233700000.0,0,33589.04,0.0,0
2025-11-23,ATM-013,Convenience Store,Jakarta Barat,400000000,233700000.0,0.0,31200000.0,31200000.0,202500000.0,0,29876.71,0.0,0
2025-11-24,ATM-013,Convenience Store,Jakarta Barat,400000000,202500000.0,0.0,35200000.0,35200000.0,167300000.0,0,25328.77,0.0,0
2025-11-25,ATM-013,Convenience Store,Jakarta Barat,400000000,167300000.0,0.0,41700000.0,41700000.0,125600000.0,0,20061.64,0.0,0
2025-11-26,ATM-013,Convenience Store,Jakarta Barat,400000000,125600000.0,0.0,29900000.0,29900000.0,95700000.0,0,15157.53,0.0,0
2025-11-27,ATM-013,Convenience Store,Jakarta Barat,400000000,95700000.0,0.0,50100000.0,50100000.0,45600000.0,0,9678.08,0.0,0
2025-11-28,ATM-013,Convenience Store,Jakarta Barat,400000000,45600000.0,354400000.0,39300000.0,39300000.0,360700000.0,0,27828.77,392000.0,0
2025-11-29,ATM-013,Convenience Store,Jakarta Barat,400000000,360700000.0,0.0,28100000.0,28100000.0,332600000.0,0,47486.3,0.0,0
2025-11-30,ATM-013,Convenience Store,Jakarta Barat,400000000,332600000.0,0.0,27500000.0,27500000.0,305100000.0,0,43678.08,0.0,0
2025-12-01,ATM-013,Convenience Store,Jakarta Barat,400000000,305100000.0,0.0,30100000.0,30100000.0,275000000.0,0,39732.88,0.0,0
2025-12-02,ATM-013,Convenience Store,Jakarta Barat,400000000,275000000.0,0.0,42100000.0,42100000.0,232900000.0,0,34787.67,0.0,0
2025-12-03,ATM-013,Convenience Store,Jakarta Barat,400000000,232900000.0,0.0,32900000.0,32900000.0,200000000.0,0,29650.68,0.0,0
2025-12-04,ATM-013,Convenience Store,Jakarta Barat,400000000,200000000.0,0.0,21100000.0,21100000.0,178900000.0,0,25952.05,0.0,0
2025-12-05,ATM-013,Convenience Store,Jakarta Barat,400000000,178900000.0,0.0,34900000.0,34900000.0,144000000.0,0,22116.44,0.0,0
2025-12-06,ATM-013,Convenience Store,Jakarta Barat,400000000,144000000.0,0.0,38600000.0,38600000.0,105400000.0,0,17082.19,0.0,0
2025-12-07,ATM-013,Convenience Store,Jakarta Barat,400000000,105400000.0,0.0,29100000.0,29100000.0,76300000.0,0,12445.21,0.0,0
2025-12-08,ATM-013,Convenience Store,Jakarta Barat,400000000,76300000.0,323700000.0,41600000.0,41600000.0,358400000.0,0,29773.97,392000.0,0
2025-12-09,ATM-013,Convenience Store,Jakarta Barat,400000000,358400000.0,0.0,37300000.0,37300000.0,321100000.0,0,46541.1,0.0,0
2025-12-10,ATM-013,Convenience Store,Jakarta Barat,400000000,321100000.0,0.0,26900000.0,26900000.0,294200000.0,0,42143.84,0.0,0
2025-12-11,ATM-013,Convenience Store,Jakarta Barat,400000000,294200000.0,0.0,34100000.0,34100000.0,260100000.0,0,37965.75,0.0,0
2025-12-12,ATM-013,Convenience Store,Jakarta Barat,400000000,260100000.0,0.0,38200000.0,38200000.0,221900000.0,0,33013.7,0.0,0
2025-12-13,ATM-013,Convenience Store,Jakarta Barat,400000000,221900000.0,0.0,41500000.0,41500000.0,180400000.0,0,27554.79,0.0,0
2025-12-14,ATM-013,Convenience Store,Jakarta Barat,400000000,180400000.0,0.0,18400000.0,18400000.0,162000000.0,0,23452.05,0.0,0
2025-12-15,ATM-013,Convenience Store,Jakarta Barat,400000000,162000000.0,0.0,32300000.0,32300000.0,129700000.0,0,19979.45,0.0,0
2025-12-16,ATM-013,Convenience Store,Jakarta Barat,400000000,129700000.0,0.0,48700000.0,48700000.0,81000000.0,0,14431.51,0.0,0
2025-12-17,ATM-013,Convenience Store,Jakarta Barat,400000000,81000000.0,0.0,41500000.0,41500000.0,39500000.0,0,8253.42,0.0,0
2025-12-18,ATM-013,Convenience Store,Jakarta Barat,400000000,39500000.0,360500000.0,39000000.0,39000000.0,361000000.0,0,27431.51,392000.0,0
2025-12-19,ATM-013,Convenience Store,Jakarta Barat,400000000,361000000.0,0.0,28300000.0,28300000.0,332700000.0,0,47513.7,0.0,0
2025-12-20,ATM-013,Convenience Store,Jakarta Barat,400000000,332700000.0,0.0,41900000.0,41900000.0,290800000.0,0,42705.48,0.0,0
2025-12-21,ATM-013,Convenience Store,Jakarta Barat,400000000,290800000.0,0.0,42300000.0,42300000.0,248500000.0,0,36938.36,0.0,0
2025-12-22,ATM-013,Convenience Store,Jakarta Barat,400000000,248500000.0,0.0,38000000.0,38000000.0,210500000.0,0,31438.36,0.0,0
2025-12-23,ATM-013,Convenience Store,Jakarta Barat,400000000,210500000.0,0.0,34700000.0,34700000.0,175800000.0,0,26458.9,0.0,0
2025-12-24,ATM-013,Convenience Store,Jakarta Barat,400000000,175800000.0,0.0,40100000.0,40100000.0,135700000.0,0,21335.62,0.0,0
2025-12-25,ATM-013,Convenience Store,Jakarta Barat,400000000,135700000.0,0.0,27500000.0,27500000.0,108200000.0,0,16705.48,0.0,0
2025-12-26,ATM-013,Convenience Store,Jakarta Barat,400000000,108200000.0,0.0,25900000.0,25900000.0,82300000.0,0,13047.95,0.0,0
2025-12-27,ATM-013,Convenience Store,Jakarta Barat,400000000,82300000.0,0.0,33500000.0,33500000.0,48800000.0,0,8979.45,0.0,0
2025-12-28,ATM-013,Convenience Store,Jakarta Barat,400000000,48800000.0,351200000.0,24600000.0,24600000.0,375400000.0,0,29054.79,392000.0,0
2025-12-29,ATM-013,Convenience Store,Jakarta Barat,400000000,375400000.0,0.0,37200000.0,37200000.0,338200000.0,0,48876.71,0.0,0
2025-12-30,ATM-013,Convenience Store,Jakarta Barat,400000000,338200000.0,0.0,36200000.0,36200000.0,302000000.0,0,43849.32,0.0,0
2025-12-31,ATM-013,Convenience Store,Jakarta Barat,400000000,302000000.0,0.0,42700000.0,42700000.0,259300000.0,0,38445.21,0.0,0
2026-01-01,ATM-013,Convenience Store,Jakarta Barat,400000000,259300000.0,0.0,25400000.0,25400000.0,233900000.0,0,33780.82,0.0,0
2026-01-02,ATM-013,Convenience Store,Jakarta Barat,400000000,233900000.0,0.0,46400000.0,46400000.0,187500000.0,0,28863.01,0.0,0
2026-01-03,ATM-013,Convenience Store,Jakarta Barat,400000000,187500000.0,0.0,37100000.0,37100000.0,150400000.0,0,23143.84,0.0,0
2026-01-04,ATM-013,Convenience Store,Jakarta Barat,400000000,150400000.0,0.0,57400000.0,57400000.0,93000000.0,0,16671.23,0.0,0
2026-01-05,ATM-013,Convenience Store,Jakarta Barat,400000000,93000000.0,0.0,29900000.0,29900000.0,63100000.0,0,10691.78,0.0,0
2026-01-06,ATM-013,Convenience Store,Jakarta Barat,400000000,63100000.0,336900000.0,29800000.0,29800000.0,370200000.0,0,29678.08,392000.0,0
2026-01-07,ATM-013,Convenience Store,Jakarta Barat,400000000,370200000.0,0.0,46900000.0,46900000.0,323300000.0,0,47500.0,0.0,0
2026-01-08,ATM-013,Convenience Store,Jakarta Barat,400000000,323300000.0,0.0,24500000.0,24500000.0,298800000.0,0,42609.59,0.0,0
2026-01-09,ATM-013,Convenience Store,Jakarta Barat,400000000,298800000.0,0.0,37500000.0,37500000.0,261300000.0,0,38363.01,0.0,0
2026-01-10,ATM-013,Convenience Store,Jakarta Barat,400000000,261300000.0,0.0,30300000.0,30300000.0,231000000.0,0,33719.18,0.0,0
2026-01-11,ATM-013,Convenience Store,Jakarta Barat,400000000,231000000.0,0.0,41500000.0,41500000.0,189500000.0,0,28801.37,0.0,0
2026-01-12,ATM-013,Convenience Store,Jakarta Barat,400000000,189500000.0,0.0,39500000.0,39500000.0,150000000.0,0,23253.42,0.0,0
2026-01-13,ATM-013,Convenience Store,Jakarta Barat,400000000,150000000.0,0.0,21800000.0,21800000.0,128200000.0,0,19054.79,0.0,0
2026-01-14,ATM-013,Convenience Store,Jakarta Barat,400000000,128200000.0,0.0,26800000.0,26800000.0,101400000.0,0,15726.03,0.0,0
2026-01-15,ATM-013,Convenience Store,Jakarta Barat,400000000,101400000.0,0.0,52800000.0,52800000.0,48600000.0,0,10273.97,0.0,0
2026-01-16,ATM-013,Convenience Store,Jakarta Barat,400000000,48600000.0,351400000.0,30300000.0,30300000.0,369700000.0,0,28650.68,392000.0,0
2026-01-17,ATM-013,Convenience Store,Jakarta Barat,400000000,369700000.0,0.0,38800000.0,38800000.0,330900000.0,0,47986.3,0.0,0
2026-01-18,ATM-013,Convenience Store,Jakarta Barat,400000000,330900000.0,0.0,17900000.0,17900000.0,313000000.0,0,44102.74,0.0,0
2026-01-19,ATM-013,Convenience Store,Jakarta Barat,400000000,313000000.0,0.0,31800000.0,31800000.0,281200000.0,0,40698.63,0.0,0
2026-01-20,ATM-013,Convenience Store,Jakarta Barat,400000000,281200000.0,0.0,29300000.0,29300000.0,251900000.0,0,36513.7,0.0,0
2026-01-21,ATM-013,Convenience Store,Jakarta Barat,400000000,251900000.0,0.0,23800000.0,23800000.0,228100000.0,0,32876.71,0.0,0
2026-01-22,ATM-013,Convenience Store,Jakarta Barat,400000000,228100000.0,0.0,38000000.0,38000000.0,190100000.0,0,28643.84,0.0,0
2026-01-23,ATM-013,Convenience Store,Jakarta Barat,400000000,190100000.0,0.0,43700000.0,43700000.0,146400000.0,0,23047.95,0.0,0
2026-01-24,ATM-013,Convenience Store,Jakarta Barat,400000000,146400000.0,0.0,18200000.0,18200000.0,128200000.0,0,18808.22,0.0,0
2026-01-25,ATM-013,Convenience Store,Jakarta Barat,400000000,128200000.0,0.0,28000000.0,28000000.0,100200000.0,0,15643.84,0.0,0
2026-01-26,ATM-013,Convenience Store,Jakarta Barat,400000000,100200000.0,0.0,46900000.0,46900000.0,53300000.0,0,10513.7,0.0,0
2026-01-27,ATM-013,Convenience Store,Jakarta Barat,400000000,53300000.0,346700000.0,46500000.0,46500000.0,353500000.0,0,27863.01,392000.0,0
2026-01-28,ATM-013,Convenience Store,Jakarta Barat,400000000,353500000.0,0.0,36200000.0,36200000.0,317300000.0,0,45945.21,0.0,0
2026-01-29,ATM-013,Convenience Store,Jakarta Barat,400000000,317300000.0,0.0,47500000.0,47500000.0,269800000.0,0,40212.33,0.0,0
2026-01-30,ATM-013,Convenience Store,Jakarta Barat,400000000,269800000.0,0.0,33500000.0,33500000.0,236300000.0,0,34664.38,0.0,0
2026-01-31,ATM-013,Convenience Store,Jakarta Barat,400000000,236300000.0,0.0,35600000.0,35600000.0,200700000.0,0,29931.51,0.0,0
2026-02-01,ATM-013,Convenience Store,Jakarta Barat,400000000,200700000.0,0.0,41400000.0,41400000.0,159300000.0,0,24657.53,0.0,0
2026-02-02,ATM-013,Convenience Store,Jakarta Barat,400000000,159300000.0,0.0,38700000.0,38700000.0,120600000.0,0,19171.23,0.0,0
2026-02-03,ATM-013,Convenience Store,Jakarta Barat,400000000,120600000.0,0.0,31900000.0,31900000.0,88700000.0,0,14335.62,0.0,0
2026-02-04,ATM-013,Convenience Store,Jakarta Barat,400000000,88700000.0,0.0,45400000.0,45400000.0,43300000.0,0,9041.1,0.0,0
2026-02-05,ATM-013,Convenience Store,Jakarta Barat,400000000,43300000.0,356700000.0,43900000.0,43900000.0,356100000.0,0,27356.16,392000.0,0
2026-02-06,ATM-013,Convenience Store,Jakarta Barat,400000000,356100000.0,0.0,44800000.0,44800000.0,311300000.0,0,45712.33,0.0,0
2026-02-07,ATM-013,Convenience Store,Jakarta Barat,400000000,311300000.0,0.0,25000000.0,25000000.0,286300000.0,0,40931.51,0.0,0
2026-02-08,ATM-013,Convenience Store,Jakarta Barat,400000000,286300000.0,0.0,44100000.0,44100000.0,242200000.0,0,36198.63,0.0,0
2026-02-09,ATM-013,Convenience Store,Jakarta Barat,400000000,242200000.0,0.0,35500000.0,35500000.0,206700000.0,0,30746.58,0.0,0
2026-02-10,ATM-013,Convenience Store,Jakarta Barat,400000000,206700000.0,0.0,43400000.0,43400000.0,163300000.0,0,25342.47,0.0,0
2026-02-11,ATM-013,Convenience Store,Jakarta Barat,400000000,163300000.0,0.0,46000000.0,46000000.0,117300000.0,0,19219.18,0.0,0
2026-02-12,ATM-013,Convenience Store,Jakarta Barat,400000000,117300000.0,0.0,23900000.0,23900000.0,93400000.0,0,14431.51,0.0,0
2026-02-13,ATM-013,Convenience Store,Jakarta Barat,400000000,93400000.0,0.0,32400000.0,32400000.0,61000000.0,0,10575.34,0.0,0
2026-02-14,ATM-013,Convenience Store,Jakarta Barat,400000000,61000000.0,339000000.0,26600000.0,26600000.0,373400000.0,0,29753.42,392000.0,0
2026-02-15,ATM-013,Convenience Store,Jakarta Barat,400000000,373400000.0,0.0,43000000.0,43000000.0,330400000.0,0,48205.48,0.0,0
2026-02-16,ATM-013,Convenience Store,Jakarta Barat,400000000,330400000.0,0.0,24600000.0,24600000.0,305800000.0,0,43575.34,0.0,0
2026-02-17,ATM-013,Convenience Store,Jakarta Barat,400000000,305800000.0,0.0,48400000.0,48400000.0,257400000.0,0,38575.34,0.0,0
2026-02-18,ATM-013,Convenience Store,Jakarta Barat,400000000,257400000.0,0.0,46300000.0,46300000.0,211100000.0,0,32089.04,0.0,0
2026-02-19,ATM-013,Convenience Store,Jakarta Barat,400000000,211100000.0,0.0,20600000.0,20600000.0,190500000.0,0,27506.85,0.0,0
2026-02-20,ATM-013,Convenience Store,Jakarta Barat,400000000,190500000.0,0.0,30700000.0,30700000.0,159800000.0,0,23993.15,0.0,0
2026-02-21,ATM-013,Convenience Store,Jakarta Barat,400000000,159800000.0,0.0,52100000.0,52100000.0,107700000.0,0,18321.92,0.0,0
2026-02-22,ATM-013,Convenience Store,Jakarta Barat,400000000,107700000.0,0.0,39600000.0,39600000.0,68100000.0,0,12041.1,0.0,0
2026-02-23,ATM-013,Convenience Store,Jakarta Barat,400000000,68100000.0,331900000.0,27900000.0,27900000.0,372100000.0,0,30150.68,392000.0,0
2026-02-24,ATM-013,Convenience Store,Jakarta Barat,400000000,372100000.0,0.0,52500000.0,52500000.0,319600000.0,0,47376.71,0.0,0
2026-02-25,ATM-013,Convenience Store,Jakarta Barat,400000000,319600000.0,0.0,34400000.0,34400000.0,285200000.0,0,41424.66,0.0,0
2026-02-26,ATM-013,Convenience Store,Jakarta Barat,400000000,285200000.0,0.0,41100000.0,41100000.0,244100000.0,0,36253.42,0.0,0
2026-02-27,ATM-013,Convenience Store,Jakarta Barat,400000000,244100000.0,0.0,41800000.0,41800000.0,202300000.0,0,30575.34,0.0,0
2026-02-28,ATM-013,Convenience Store,Jakarta Barat,400000000,202300000.0,0.0,23600000.0,23600000.0,178700000.0,0,26095.89,0.0,0
2026-03-01,ATM-013,Convenience Store,Jakarta Barat,400000000,178700000.0,0.0,42100000.0,42100000.0,136600000.0,0,21595.89,0.0,0
2026-03-02,ATM-013,Convenience Store,Jakarta Barat,400000000,136600000.0,0.0,22300000.0,22300000.0,114300000.0,0,17184.93,0.0,0
2026-03-03,ATM-013,Convenience Store,Jakarta Barat,400000000,114300000.0,0.0,21600000.0,21600000.0,92700000.0,0,14178.08,0.0,0
2026-03-04,ATM-013,Convenience Store,Jakarta Barat,400000000,92700000.0,0.0,36800000.0,36800000.0,55900000.0,0,10178.08,0.0,0
2026-03-05,ATM-013,Convenience Store,Jakarta Barat,400000000,55900000.0,344100000.0,34500000.0,34500000.0,365500000.0,0,28863.01,392000.0,0
2026-03-06,ATM-013,Convenience Store,Jakarta Barat,400000000,365500000.0,0.0,43400000.0,43400000.0,322100000.0,0,47095.89,0.0,0
2026-03-07,ATM-013,Convenience Store,Jakarta Barat,400000000,322100000.0,0.0,23500000.0,23500000.0,298600000.0,0,42513.7,0.0,0
2026-03-08,ATM-013,Convenience Store,Jakarta Barat,400000000,298600000.0,0.0,28900000.0,28900000.0,269700000.0,0,38924.66,0.0,0
2026-03-09,ATM-013,Convenience Store,Jakarta Barat,400000000,269700000.0,0.0,20200000.0,20200000.0,249500000.0,0,35561.64,0.0,0
2026-03-10,ATM-013,Convenience Store,Jakarta Barat,400000000,249500000.0,0.0,22700000.0,22700000.0,226800000.0,0,32623.29,0.0,0
2026-03-11,ATM-013,Convenience Store,Jakarta Barat,400000000,226800000.0,0.0,38900000.0,38900000.0,187900000.0,0,28404.11,0.0,0
2026-03-12,ATM-013,Convenience Store,Jakarta Barat,400000000,187900000.0,0.0,24600000.0,24600000.0,163300000.0,0,24054.79,0.0,0
2026-03-13,ATM-013,Convenience Store,Jakarta Barat,400000000,163300000.0,0.0,25300000.0,25300000.0,138000000.0,0,20636.99,0.0,0
2026-03-14,ATM-013,Convenience Store,Jakarta Barat,400000000,138000000.0,0.0,37600000.0,37600000.0,100400000.0,0,16328.77,0.0,0
2026-03-15,ATM-013,Convenience Store,Jakarta Barat,400000000,100400000.0,0.0,22700000.0,22700000.0,77700000.0,0,12198.63,0.0,0
2026-03-16,ATM-013,Convenience Store,Jakarta Barat,400000000,77700000.0,322300000.0,35900000.0,35900000.0,364100000.0,0,30260.27,392000.0,0
2026-03-17,ATM-013,Convenience Store,Jakarta Barat,400000000,364100000.0,0.0,28400000.0,28400000.0,335700000.0,0,47931.51,0.0,0
2026-03-18,ATM-013,Convenience Store,Jakarta Barat,400000000,335700000.0,0.0,36500000.0,36500000.0,299200000.0,0,43486.3,0.0,0
2026-03-19,ATM-013,Convenience Store,Jakarta Barat,400000000,299200000.0,0.0,19000000.0,19000000.0,280200000.0,0,39684.93,0.0,0
2026-03-20,ATM-013,Convenience Store,Jakarta Barat,400000000,280200000.0,0.0,28600000.0,28600000.0,251600000.0,0,36424.66,0.0,0
2026-03-21,ATM-013,Convenience Store,Jakarta Barat,400000000,251600000.0,0.0,39300000.0,39300000.0,212300000.0,0,31773.97,0.0,0
2026-03-22,ATM-013,Convenience Store,Jakarta Barat,400000000,212300000.0,0.0,48700000.0,48700000.0,163600000.0,0,25746.58,0.0,0
2026-03-23,ATM-013,Convenience Store,Jakarta Barat,400000000,163600000.0,0.0,35600000.0,35600000.0,128000000.0,0,19972.6,0.0,0
2026-03-24,ATM-013,Convenience Store,Jakarta Barat,400000000,128000000.0,0.0,48300000.0,48300000.0,79700000.0,0,14226.03,0.0,0
2026-03-25,ATM-013,Convenience Store,Jakarta Barat,400000000,79700000.0,320300000.0,40700000.0,40700000.0,359300000.0,0,30068.49,392000.0,0
2026-03-26,ATM-013,Convenience Store,Jakarta Barat,400000000,359300000.0,0.0,54200000.0,54200000.0,305100000.0,0,45506.85,0.0,0
2026-03-27,ATM-013,Convenience Store,Jakarta Barat,400000000,305100000.0,0.0,29000000.0,29000000.0,276100000.0,0,39808.22,0.0,0
2026-03-28,ATM-013,Convenience Store,Jakarta Barat,400000000,276100000.0,0.0,51800000.0,51800000.0,224300000.0,0,34273.97,0.0,0
2026-03-29,ATM-013,Convenience Store,Jakarta Barat,400000000,224300000.0,0.0,33400000.0,33400000.0,190900000.0,0,28438.36,0.0,0
2026-03-30,ATM-013,Convenience Store,Jakarta Barat,400000000,190900000.0,0.0,43900000.0,43900000.0,147000000.0,0,23143.84,0.0,0
2026-03-31,ATM-013,Convenience Store,Jakarta Barat,400000000,147000000.0,0.0,30300000.0,30300000.0,116700000.0,0,18061.64,0.0,0
2026-04-01,ATM-013,Convenience Store,Jakarta Barat,400000000,116700000.0,0.0,30600000.0,30600000.0,86100000.0,0,13890.41,0.0,0
2026-04-02,ATM-013,Convenience Store,Jakarta Barat,400000000,86100000.0,0.0,44900000.0,44900000.0,41200000.0,0,8719.18,0.0,0
2026-04-03,ATM-013,Convenience Store,Jakarta Barat,400000000,41200000.0,358800000.0,34300000.0,34300000.0,365700000.0,0,27869.86,392000.0,0
2026-04-04,ATM-013,Convenience Store,Jakarta Barat,400000000,365700000.0,0.0,44600000.0,44600000.0,321100000.0,0,47041.1,0.0,0
2026-04-05,ATM-013,Convenience Store,Jakarta Barat,400000000,321100000.0,0.0,45600000.0,45600000.0,275500000.0,0,40863.01,0.0,0
2026-04-06,ATM-013,Convenience Store,Jakarta Barat,400000000,275500000.0,0.0,20700000.0,20700000.0,254800000.0,0,36321.92,0.0,0
2026-04-07,ATM-013,Convenience Store,Jakarta Barat,400000000,254800000.0,0.0,30100000.0,30100000.0,224700000.0,0,32842.47,0.0,0
2026-04-08,ATM-013,Convenience Store,Jakarta Barat,400000000,224700000.0,0.0,27800000.0,27800000.0,196900000.0,0,28876.71,0.0,0
2026-04-09,ATM-013,Convenience Store,Jakarta Barat,400000000,196900000.0,0.0,32400000.0,32400000.0,164500000.0,0,24753.42,0.0,0
2026-04-10,ATM-013,Convenience Store,Jakarta Barat,400000000,164500000.0,0.0,26000000.0,26000000.0,138500000.0,0,20753.42,0.0,0
2026-04-11,ATM-013,Convenience Store,Jakarta Barat,400000000,138500000.0,0.0,40800000.0,40800000.0,97700000.0,0,16178.08,0.0,0
2026-04-12,ATM-013,Convenience Store,Jakarta Barat,400000000,97700000.0,0.0,44100000.0,44100000.0,53600000.0,0,10363.01,0.0,0
2026-04-13,ATM-013,Convenience Store,Jakarta Barat,400000000,53600000.0,346400000.0,34600000.0,34600000.0,365400000.0,0,28698.63,392000.0,0
2026-04-14,ATM-013,Convenience Store,Jakarta Barat,400000000,365400000.0,0.0,34000000.0,34000000.0,331400000.0,0,47726.03,0.0,0
2026-04-15,ATM-013,Convenience Store,Jakarta Barat,400000000,331400000.0,0.0,43300000.0,43300000.0,288100000.0,0,42431.51,0.0,0
2026-04-16,ATM-013,Convenience Store,Jakarta Barat,400000000,288100000.0,0.0,29500000.0,29500000.0,258600000.0,0,37445.21,0.0,0
2026-04-17,ATM-013,Convenience Store,Jakarta Barat,400000000,258600000.0,0.0,46000000.0,46000000.0,212600000.0,0,32273.97,0.0,0
2026-04-18,ATM-013,Convenience Store,Jakarta Barat,400000000,212600000.0,0.0,42400000.0,42400000.0,170200000.0,0,26219.18,0.0,0
2026-04-19,ATM-013,Convenience Store,Jakarta Barat,400000000,170200000.0,0.0,44400000.0,44400000.0,125800000.0,0,20273.97,0.0,0
2026-04-20,ATM-013,Convenience Store,Jakarta Barat,400000000,125800000.0,0.0,28800000.0,28800000.0,97000000.0,0,15260.27,0.0,0
2026-04-21,ATM-013,Convenience Store,Jakarta Barat,400000000,97000000.0,0.0,26200000.0,26200000.0,70800000.0,0,11493.15,0.0,0
2026-04-22,ATM-013,Convenience Store,Jakarta Barat,400000000,70800000.0,329200000.0,37000000.0,37000000.0,363000000.0,0,29712.33,392000.0,0
2026-04-23,ATM-013,Convenience Store,Jakarta Barat,400000000,363000000.0,0.0,37200000.0,37200000.0,325800000.0,0,47178.08,0.0,0
2026-04-24,ATM-013,Convenience Store,Jakarta Barat,400000000,325800000.0,0.0,41400000.0,41400000.0,284400000.0,0,41794.52,0.0,0
2026-04-25,ATM-013,Convenience Store,Jakarta Barat,400000000,284400000.0,0.0,29900000.0,29900000.0,254500000.0,0,36910.96,0.0,0
2026-04-26,ATM-013,Convenience Store,Jakarta Barat,400000000,254500000.0,0.0,18600000.0,18600000.0,235900000.0,0,33589.04,0.0,0
2026-04-27,ATM-013,Convenience Store,Jakarta Barat,400000000,235900000.0,0.0,49200000.0,49200000.0,186700000.0,0,28945.21,0.0,0
2026-04-28,ATM-013,Convenience Store,Jakarta Barat,400000000,186700000.0,0.0,31300000.0,31300000.0,155400000.0,0,23431.51,0.0,0
2026-04-29,ATM-013,Convenience Store,Jakarta Barat,400000000,155400000.0,0.0,33300000.0,33300000.0,122100000.0,0,19006.85,0.0,0
2026-04-30,ATM-013,Convenience Store,Jakarta Barat,400000000,122100000.0,0.0,51400000.0,51400000.0,70700000.0,0,13205.48,0.0,0
2026-05-01,ATM-013,Convenience Store,Jakarta Barat,400000000,70700000.0,329300000.0,49700000.0,49700000.0,350300000.0,0,28835.62,392000.0,0
2026-05-02,ATM-013,Convenience Store,Jakarta Barat,400000000,350300000.0,0.0,17200000.0,17200000.0,333100000.0,0,46808.22,0.0,0
2026-05-03,ATM-013,Convenience Store,Jakarta Barat,400000000,333100000.0,0.0,24800000.0,24800000.0,308300000.0,0,43931.51,0.0,0
2026-05-04,ATM-013,Convenience Store,Jakarta Barat,400000000,308300000.0,0.0,32700000.0,32700000.0,275600000.0,0,39993.15,0.0,0
2026-05-05,ATM-013,Convenience Store,Jakarta Barat,400000000,275600000.0,0.0,27700000.0,27700000.0,247900000.0,0,35856.16,0.0,0
2026-05-06,ATM-013,Convenience Store,Jakarta Barat,400000000,247900000.0,0.0,30300000.0,30300000.0,217600000.0,0,31883.56,0.0,0
2026-05-07,ATM-013,Convenience Store,Jakarta Barat,400000000,217600000.0,0.0,43700000.0,43700000.0,173900000.0,0,26815.07,0.0,0
2026-05-08,ATM-013,Convenience Store,Jakarta Barat,400000000,173900000.0,0.0,47000000.0,47000000.0,126900000.0,0,20602.74,0.0,0
2026-05-09,ATM-013,Convenience Store,Jakarta Barat,400000000,126900000.0,0.0,46400000.0,46400000.0,80500000.0,0,14205.48,0.0,0
2026-05-10,ATM-013,Convenience Store,Jakarta Barat,400000000,80500000.0,0.0,18200000.0,18200000.0,62300000.0,0,9780.82,0.0,0
2026-05-11,ATM-013,Convenience Store,Jakarta Barat,400000000,62300000.0,337700000.0,47700000.0,47700000.0,352300000.0,0,28397.26,392000.0,0
2026-05-12,ATM-013,Convenience Store,Jakarta Barat,400000000,352300000.0,0.0,21900000.0,21900000.0,330400000.0,0,46760.27,0.0,0
2026-05-13,ATM-013,Convenience Store,Jakarta Barat,400000000,330400000.0,0.0,31700000.0,31700000.0,298700000.0,0,43089.04,0.0,0
2026-05-14,ATM-013,Convenience Store,Jakarta Barat,400000000,298700000.0,0.0,23400000.0,23400000.0,275300000.0,0,39315.07,0.0,0
2026-05-15,ATM-013,Convenience Store,Jakarta Barat,400000000,275300000.0,0.0,42100000.0,42100000.0,233200000.0,0,34828.77,0.0,0
2026-05-16,ATM-013,Convenience Store,Jakarta Barat,400000000,233200000.0,0.0,52500000.0,52500000.0,180700000.0,0,28349.32,0.0,0
2026-05-17,ATM-013,Convenience Store,Jakarta Barat,400000000,180700000.0,0.0,29200000.0,29200000.0,151500000.0,0,22753.42,0.0,0
2026-05-18,ATM-013,Convenience Store,Jakarta Barat,400000000,151500000.0,0.0,29500000.0,29500000.0,122000000.0,0,18732.88,0.0,0
2026-05-19,ATM-013,Convenience Store,Jakarta Barat,400000000,122000000.0,0.0,30000000.0,30000000.0,92000000.0,0,14657.53,0.0,0
2025-11-01,ATM-014,Gas Station,Jakarta Timur,400000000,305414000.0,0.0,39500000.0,39500000.0,265914000.0,0,39132.05,0.0,0
2025-11-02,ATM-014,Gas Station,Jakarta Timur,400000000,265914000.0,0.0,24500000.0,24500000.0,241414000.0,0,34748.49,0.0,0
2025-11-03,ATM-014,Gas Station,Jakarta Timur,400000000,241414000.0,0.0,54200000.0,54200000.0,187214000.0,0,29358.08,0.0,0
2025-11-04,ATM-014,Gas Station,Jakarta Timur,400000000,187214000.0,0.0,29500000.0,29500000.0,157714000.0,0,23625.21,0.0,0
2025-11-05,ATM-014,Gas Station,Jakarta Timur,400000000,157714000.0,0.0,34200000.0,34200000.0,123514000.0,0,19262.19,0.0,0
2025-11-06,ATM-014,Gas Station,Jakarta Timur,400000000,123514000.0,0.0,17900000.0,17900000.0,105614000.0,0,15693.7,0.0,0
2025-11-07,ATM-014,Gas Station,Jakarta Timur,400000000,105614000.0,0.0,41400000.0,41400000.0,64214000.0,0,11632.05,0.0,0
2025-11-08,ATM-014,Gas Station,Jakarta Timur,400000000,64214000.0,335786000.0,39600000.0,39600000.0,360400000.0,0,29083.15,187000.0,0
2025-11-09,ATM-014,Gas Station,Jakarta Timur,400000000,360400000.0,0.0,23800000.0,23800000.0,336600000.0,0,47739.73,0.0,0
2025-11-10,ATM-014,Gas Station,Jakarta Timur,400000000,336600000.0,0.0,31900000.0,31900000.0,304700000.0,0,43924.66,0.0,0
2025-11-11,ATM-014,Gas Station,Jakarta Timur,400000000,304700000.0,0.0,45500000.0,45500000.0,259200000.0,0,38623.29,0.0,0
2025-11-12,ATM-014,Gas Station,Jakarta Timur,400000000,259200000.0,0.0,28600000.0,28600000.0,230600000.0,0,33547.95,0.0,0
2025-11-13,ATM-014,Gas Station,Jakarta Timur,400000000,230600000.0,0.0,36000000.0,36000000.0,194600000.0,0,29123.29,0.0,0
2025-11-14,ATM-014,Gas Station,Jakarta Timur,400000000,194600000.0,0.0,31600000.0,31600000.0,163000000.0,0,24493.15,0.0,0
2025-11-15,ATM-014,Gas Station,Jakarta Timur,400000000,163000000.0,0.0,26600000.0,26600000.0,136400000.0,0,20506.85,0.0,0
2025-11-16,ATM-014,Gas Station,Jakarta Timur,400000000,136400000.0,0.0,42500000.0,42500000.0,93900000.0,0,15773.97,0.0,0
2025-11-17,ATM-014,Gas Station,Jakarta Timur,400000000,93900000.0,0.0,27100000.0,27100000.0,66800000.0,0,11006.85,0.0,0
2025-11-18,ATM-014,Gas Station,Jakarta Timur,400000000,66800000.0,333200000.0,32900000.0,32900000.0,367100000.0,0,29719.18,187000.0,0
2025-11-19,ATM-014,Gas Station,Jakarta Timur,400000000,367100000.0,0.0,36900000.0,36900000.0,330200000.0,0,47760.27,0.0,0
2025-11-20,ATM-014,Gas Station,Jakarta Timur,400000000,330200000.0,0.0,40100000.0,40100000.0,290100000.0,0,42486.3,0.0,0
2025-11-21,ATM-014,Gas Station,Jakarta Timur,400000000,290100000.0,0.0,23200000.0,23200000.0,266900000.0,0,38150.68,0.0,0
2025-11-22,ATM-014,Gas Station,Jakarta Timur,400000000,266900000.0,0.0,34900000.0,34900000.0,232000000.0,0,34171.23,0.0,0
2025-11-23,ATM-014,Gas Station,Jakarta Timur,400000000,232000000.0,0.0,50100000.0,50100000.0,181900000.0,0,28349.32,0.0,0
2025-11-24,ATM-014,Gas Station,Jakarta Timur,400000000,181900000.0,0.0,55000000.0,55000000.0,126900000.0,0,21150.68,0.0,0
2025-11-25,ATM-014,Gas Station,Jakarta Timur,400000000,126900000.0,0.0,28200000.0,28200000.0,98700000.0,0,15452.05,0.0,0
2025-11-26,ATM-014,Gas Station,Jakarta Timur,400000000,98700000.0,0.0,39000000.0,39000000.0,59700000.0,0,10849.32,0.0,0
2025-11-27,ATM-014,Gas Station,Jakarta Timur,400000000,59700000.0,340300000.0,37500000.0,37500000.0,362500000.0,0,28917.81,187000.0,0
2025-11-28,ATM-014,Gas Station,Jakarta Timur,400000000,362500000.0,0.0,40600000.0,40600000.0,321900000.0,0,46876.71,0.0,0
2025-11-29,ATM-014,Gas Station,Jakarta Timur,400000000,321900000.0,0.0,43700000.0,43700000.0,278200000.0,0,41102.74,0.0,0
2025-11-30,ATM-014,Gas Station,Jakarta Timur,400000000,278200000.0,0.0,24100000.0,24100000.0,254100000.0,0,36458.9,0.0,0
2025-12-01,ATM-014,Gas Station,Jakarta Timur,400000000,254100000.0,0.0,33700000.0,33700000.0,220400000.0,0,32500.0,0.0,0
2025-12-02,ATM-014,Gas Station,Jakarta Timur,400000000,220400000.0,0.0,34200000.0,34200000.0,186200000.0,0,27849.32,0.0,0
2025-12-03,ATM-014,Gas Station,Jakarta Timur,400000000,186200000.0,0.0,37300000.0,37300000.0,148900000.0,0,22952.05,0.0,0
2025-12-04,ATM-014,Gas Station,Jakarta Timur,400000000,148900000.0,0.0,38600000.0,38600000.0,110300000.0,0,17753.42,0.0,0
2025-12-05,ATM-014,Gas Station,Jakarta Timur,400000000,110300000.0,0.0,40200000.0,40200000.0,70100000.0,0,12356.16,0.0,0
2025-12-06,ATM-014,Gas Station,Jakarta Timur,400000000,70100000.0,329900000.0,24600000.0,24600000.0,375400000.0,0,30513.7,187000.0,0
2025-12-07,ATM-014,Gas Station,Jakarta Timur,400000000,375400000.0,0.0,46300000.0,46300000.0,329100000.0,0,48253.42,0.0,0
2025-12-08,ATM-014,Gas Station,Jakarta Timur,400000000,329100000.0,0.0,30400000.0,30400000.0,298700000.0,0,43000.0,0.0,0
2025-12-09,ATM-014,Gas Station,Jakarta Timur,400000000,298700000.0,0.0,29700000.0,29700000.0,269000000.0,0,38883.56,0.0,0
2025-12-10,ATM-014,Gas Station,Jakarta Timur,400000000,269000000.0,0.0,25800000.0,25800000.0,243200000.0,0,35082.19,0.0,0
2025-12-11,ATM-014,Gas Station,Jakarta Timur,400000000,243200000.0,0.0,46500000.0,46500000.0,196700000.0,0,30130.14,0.0,0
2025-12-12,ATM-014,Gas Station,Jakarta Timur,400000000,196700000.0,0.0,23800000.0,23800000.0,172900000.0,0,25315.07,0.0,0
2025-12-13,ATM-014,Gas Station,Jakarta Timur,400000000,172900000.0,0.0,40100000.0,40100000.0,132800000.0,0,20938.36,0.0,0
2025-12-14,ATM-014,Gas Station,Jakarta Timur,400000000,132800000.0,0.0,24200000.0,24200000.0,108600000.0,0,16534.25,0.0,0
2025-12-15,ATM-014,Gas Station,Jakarta Timur,400000000,108600000.0,0.0,32500000.0,32500000.0,76100000.0,0,12650.68,0.0,0
2025-12-16,ATM-014,Gas Station,Jakarta Timur,400000000,76100000.0,323900000.0,17300000.0,17300000.0,382700000.0,0,31424.66,187000.0,0
2025-12-17,ATM-014,Gas Station,Jakarta Timur,400000000,382700000.0,0.0,26200000.0,26200000.0,356500000.0,0,50630.14,0.0,0
2025-12-18,ATM-014,Gas Station,Jakarta Timur,400000000,356500000.0,0.0,24000000.0,24000000.0,332500000.0,0,47191.78,0.0,0
2025-12-19,ATM-014,Gas Station,Jakarta Timur,400000000,332500000.0,0.0,40000000.0,40000000.0,292500000.0,0,42808.22,0.0,0
2025-12-20,ATM-014,Gas Station,Jakarta Timur,400000000,292500000.0,0.0,40800000.0,40800000.0,251700000.0,0,37273.97,0.0,0
2025-12-21,ATM-014,Gas Station,Jakarta Timur,400000000,251700000.0,0.0,50300000.0,50300000.0,201400000.0,0,31034.25,0.0,0
2025-12-22,ATM-014,Gas Station,Jakarta Timur,400000000,201400000.0,0.0,25300000.0,25300000.0,176100000.0,0,25856.16,0.0,0
2025-12-23,ATM-014,Gas Station,Jakarta Timur,400000000,176100000.0,0.0,28600000.0,28600000.0,147500000.0,0,22164.38,0.0,0
2025-12-24,ATM-014,Gas Station,Jakarta Timur,400000000,147500000.0,0.0,24600000.0,24600000.0,122900000.0,0,18520.55,0.0,0
2025-12-25,ATM-014,Gas Station,Jakarta Timur,400000000,122900000.0,0.0,55200000.0,55200000.0,67700000.0,0,13054.79,0.0,0
2025-12-26,ATM-014,Gas Station,Jakarta Timur,400000000,67700000.0,332300000.0,26500000.0,26500000.0,373500000.0,0,30219.18,187000.0,0
2025-12-27,ATM-014,Gas Station,Jakarta Timur,400000000,373500000.0,0.0,34600000.0,34600000.0,338900000.0,0,48794.52,0.0,0
2025-12-28,ATM-014,Gas Station,Jakarta Timur,400000000,338900000.0,0.0,39400000.0,39400000.0,299500000.0,0,43726.03,0.0,0
2025-12-29,ATM-014,Gas Station,Jakarta Timur,400000000,299500000.0,0.0,43300000.0,43300000.0,256200000.0,0,38061.64,0.0,0
2025-12-30,ATM-014,Gas Station,Jakarta Timur,400000000,256200000.0,0.0,20400000.0,20400000.0,235800000.0,0,33698.63,0.0,0
2025-12-31,ATM-014,Gas Station,Jakarta Timur,400000000,235800000.0,0.0,29400000.0,29400000.0,206400000.0,0,30287.67,0.0,0
2026-01-01,ATM-014,Gas Station,Jakarta Timur,400000000,206400000.0,0.0,46700000.0,46700000.0,159700000.0,0,25075.34,0.0,0
2026-01-02,ATM-014,Gas Station,Jakarta Timur,400000000,159700000.0,0.0,34200000.0,34200000.0,125500000.0,0,19534.25,0.0,0
2026-01-03,ATM-014,Gas Station,Jakarta Timur,400000000,125500000.0,0.0,40700000.0,40700000.0,84800000.0,0,14404.11,0.0,0
2026-01-04,ATM-014,Gas Station,Jakarta Timur,400000000,84800000.0,0.0,28000000.0,28000000.0,56800000.0,0,9698.63,0.0,0
2026-01-05,ATM-014,Gas Station,Jakarta Timur,400000000,56800000.0,343200000.0,23800000.0,23800000.0,376200000.0,0,29657.53,187000.0,0
2026-01-06,ATM-014,Gas Station,Jakarta Timur,400000000,376200000.0,0.0,35900000.0,35900000.0,340300000.0,0,49075.34,0.0,0
2026-01-07,ATM-014,Gas Station,Jakarta Timur,400000000,340300000.0,0.0,52400000.0,52400000.0,287900000.0,0,43027.4,0.0,0
2026-01-08,ATM-014,Gas Station,Jakarta Timur,400000000,287900000.0,0.0,24800000.0,24800000.0,263100000.0,0,37739.73,0.0,0
2026-01-09,ATM-014,Gas Station,Jakarta Timur,400000000,263100000.0,0.0,46300000.0,46300000.0,216800000.0,0,32869.86,0.0,0
2026-01-10,ATM-014,Gas Station,Jakarta Timur,400000000,216800000.0,0.0,38500000.0,38500000.0,178300000.0,0,27061.64,0.0,0
2026-01-11,ATM-014,Gas Station,Jakarta Timur,400000000,178300000.0,0.0,42700000.0,42700000.0,135600000.0,0,21500.0,0.0,0
2026-01-12,ATM-014,Gas Station,Jakarta Timur,400000000,135600000.0,0.0,23500000.0,23500000.0,112100000.0,0,16965.75,0.0,0
2026-01-13,ATM-014,Gas Station,Jakarta Timur,400000000,112100000.0,0.0,37900000.0,37900000.0,74200000.0,0,12760.27,0.0,0
2026-01-14,ATM-014,Gas Station,Jakarta Timur,400000000,74200000.0,325800000.0,47500000.0,47500000.0,352500000.0,0,29226.03,187000.0,0
2026-01-15,ATM-014,Gas Station,Jakarta Timur,400000000,352500000.0,0.0,43500000.0,43500000.0,309000000.0,0,45308.22,0.0,0
2026-01-16,ATM-014,Gas Station,Jakarta Timur,400000000,309000000.0,0.0,24200000.0,24200000.0,284800000.0,0,40671.23,0.0,0
2026-01-17,ATM-014,Gas Station,Jakarta Timur,400000000,284800000.0,0.0,35500000.0,35500000.0,249300000.0,0,36582.19,0.0,0
2026-01-18,ATM-014,Gas Station,Jakarta Timur,400000000,249300000.0,0.0,38900000.0,38900000.0,210400000.0,0,31486.3,0.0,0
2026-01-19,ATM-014,Gas Station,Jakarta Timur,400000000,210400000.0,0.0,36200000.0,36200000.0,174200000.0,0,26342.47,0.0,0
2026-01-20,ATM-014,Gas Station,Jakarta Timur,400000000,174200000.0,0.0,19300000.0,19300000.0,154900000.0,0,22541.1,0.0,0
2026-01-21,ATM-014,Gas Station,Jakarta Timur,400000000,154900000.0,0.0,29600000.0,29600000.0,125300000.0,0,19191.78,0.0,0
2026-01-22,ATM-014,Gas Station,Jakarta Timur,400000000,125300000.0,0.0,25000000.0,25000000.0,100300000.0,0,15452.05,0.0,0
2026-01-23,ATM-014,Gas Station,Jakarta Timur,400000000,100300000.0,0.0,17300000.0,17300000.0,83000000.0,0,12554.79,0.0,0
2026-01-24,ATM-014,Gas Station,Jakarta Timur,400000000,83000000.0,0.0,51200000.0,51200000.0,31800000.0,0,7863.01,0.0,0
2026-01-25,ATM-014,Gas Station,Jakarta Timur,400000000,31800000.0,368200000.0,53200000.0,53200000.0,346800000.0,0,25931.51,187000.0,0
2026-01-26,ATM-014,Gas Station,Jakarta Timur,400000000,346800000.0,0.0,42400000.0,42400000.0,304400000.0,0,44602.74,0.0,0
2026-01-27,ATM-014,Gas Station,Jakarta Timur,400000000,304400000.0,0.0,27000000.0,27000000.0,277400000.0,0,39849.32,0.0,0
2026-01-28,ATM-014,Gas Station,Jakarta Timur,400000000,277400000.0,0.0,25400000.0,25400000.0,252000000.0,0,36260.27,0.0,0
2026-01-29,ATM-014,Gas Station,Jakarta Timur,400000000,252000000.0,0.0,48200000.0,48200000.0,203800000.0,0,31219.18,0.0,0
2026-01-30,ATM-014,Gas Station,Jakarta Timur,400000000,203800000.0,0.0,56800000.0,56800000.0,147000000.0,0,24027.4,0.0,0
2026-01-31,ATM-014,Gas Station,Jakarta Timur,400000000,147000000.0,0.0,36800000.0,36800000.0,110200000.0,0,17616.44,0.0,0
2026-02-01,ATM-014,Gas Station,Jakarta Timur,400000000,110200000.0,0.0,39900000.0,39900000.0,70300000.0,0,12363.01,0.0,0
2026-02-02,ATM-014,Gas Station,Jakarta Timur,400000000,70300000.0,329700000.0,45800000.0,45800000.0,354200000.0,0,29075.34,187000.0,0
2026-02-03,ATM-014,Gas Station,Jakarta Timur,400000000,354200000.0,0.0,27500000.0,27500000.0,326700000.0,0,46636.99,0.0,0
2026-02-04,ATM-014,Gas Station,Jakarta Timur,400000000,326700000.0,0.0,52200000.0,52200000.0,274500000.0,0,41178.08,0.0,0
2026-02-05,ATM-014,Gas Station,Jakarta Timur,400000000,274500000.0,0.0,25700000.0,25700000.0,248800000.0,0,35842.47,0.0,0
2026-02-06,ATM-014,Gas Station,Jakarta Timur,400000000,248800000.0,0.0,24700000.0,24700000.0,224100000.0,0,32390.41,0.0,0
2026-02-07,ATM-014,Gas Station,Jakarta Timur,400000000,224100000.0,0.0,29400000.0,29400000.0,194700000.0,0,28684.93,0.0,0
2026-02-08,ATM-014,Gas Station,Jakarta Timur,400000000,194700000.0,0.0,25800000.0,25800000.0,168900000.0,0,24904.11,0.0,0
2026-02-09,ATM-014,Gas Station,Jakarta Timur,400000000,168900000.0,0.0,27300000.0,27300000.0,141600000.0,0,21267.12,0.0,0
2026-02-10,ATM-014,Gas Station,Jakarta Timur,400000000,141600000.0,0.0,40700000.0,40700000.0,100900000.0,0,16609.59,0.0,0
2026-02-11,ATM-014,Gas Station,Jakarta Timur,400000000,100900000.0,0.0,33400000.0,33400000.0,67500000.0,0,11534.25,0.0,0
2026-02-12,ATM-014,Gas Station,Jakarta Timur,400000000,67500000.0,332500000.0,29800000.0,29800000.0,370200000.0,0,29979.45,187000.0,0
2026-02-13,ATM-014,Gas Station,Jakarta Timur,400000000,370200000.0,0.0,38200000.0,38200000.0,332000000.0,0,48095.89,0.0,0
2026-02-14,ATM-014,Gas Station,Jakarta Timur,400000000,332000000.0,0.0,45800000.0,45800000.0,286200000.0,0,42342.47,0.0,0
2026-02-15,ATM-014,Gas Station,Jakarta Timur,400000000,286200000.0,0.0,34900000.0,34900000.0,251300000.0,0,36815.07,0.0,0
2026-02-16,ATM-014,Gas Station,Jakarta Timur,400000000,251300000.0,0.0,22800000.0,22800000.0,228500000.0,0,32863.01,0.0,0
2026-02-17,ATM-014,Gas Station,Jakarta Timur,400000000,228500000.0,0.0,26900000.0,26900000.0,201600000.0,0,29458.9,0.0,0
2026-02-18,ATM-014,Gas Station,Jakarta Timur,400000000,201600000.0,0.0,40300000.0,40300000.0,161300000.0,0,24856.16,0.0,0
2026-02-19,ATM-014,Gas Station,Jakarta Timur,400000000,161300000.0,0.0,46000000.0,46000000.0,115300000.0,0,18945.21,0.0,0
2026-02-20,ATM-014,Gas Station,Jakarta Timur,400000000,115300000.0,0.0,36200000.0,36200000.0,79100000.0,0,13315.07,0.0,0
2026-02-21,ATM-014,Gas Station,Jakarta Timur,400000000,79100000.0,320900000.0,47600000.0,47600000.0,352400000.0,0,29554.79,187000.0,0
2026-02-22,ATM-014,Gas Station,Jakarta Timur,400000000,352400000.0,0.0,37500000.0,37500000.0,314900000.0,0,45705.48,0.0,0
2026-02-23,ATM-014,Gas Station,Jakarta Timur,400000000,314900000.0,0.0,48000000.0,48000000.0,266900000.0,0,39849.32,0.0,0
2026-02-24,ATM-014,Gas Station,Jakarta Timur,400000000,266900000.0,0.0,37600000.0,37600000.0,229300000.0,0,33986.3,0.0,0
2026-02-25,ATM-014,Gas Station,Jakarta Timur,400000000,229300000.0,0.0,48400000.0,48400000.0,180900000.0,0,28095.89,0.0,0
2026-02-26,ATM-014,Gas Station,Jakarta Timur,400000000,180900000.0,0.0,29000000.0,29000000.0,151900000.0,0,22794.52,0.0,0
2026-02-27,ATM-014,Gas Station,Jakarta Timur,400000000,151900000.0,0.0,54800000.0,54800000.0,97100000.0,0,17054.79,0.0,0
2026-02-28,ATM-014,Gas Station,Jakarta Timur,400000000,97100000.0,0.0,35400000.0,35400000.0,61700000.0,0,10876.71,0.0,0
2026-03-01,ATM-014,Gas Station,Jakarta Timur,400000000,61700000.0,338300000.0,45300000.0,45300000.0,354700000.0,0,28520.55,187000.0,0
2026-03-02,ATM-014,Gas Station,Jakarta Timur,400000000,354700000.0,0.0,38800000.0,38800000.0,315900000.0,0,45931.51,0.0,0
2026-03-03,ATM-014,Gas Station,Jakarta Timur,400000000,315900000.0,0.0,46100000.0,46100000.0,269800000.0,0,40116.44,0.0,0
2026-03-04,ATM-014,Gas Station,Jakarta Timur,400000000,269800000.0,0.0,23000000.0,23000000.0,246800000.0,0,35383.56,0.0,0
2026-03-05,ATM-014,Gas Station,Jakarta Timur,400000000,246800000.0,0.0,40600000.0,40600000.0,206200000.0,0,31027.4,0.0,0
2026-03-06,ATM-014,Gas Station,Jakarta Timur,400000000,206200000.0,0.0,37400000.0,37400000.0,168800000.0,0,25684.93,0.0,0
2026-03-07,ATM-014,Gas Station,Jakarta Timur,400000000,168800000.0,0.0,34300000.0,34300000.0,134500000.0,0,20773.97,0.0,0
2026-03-08,ATM-014,Gas Station,Jakarta Timur,400000000,134500000.0,0.0,20200000.0,20200000.0,114300000.0,0,17041.1,0.0,0
2026-03-09,ATM-014,Gas Station,Jakarta Timur,400000000,114300000.0,0.0,27700000.0,27700000.0,86600000.0,0,13760.27,0.0,0
2026-03-10,ATM-014,Gas Station,Jakarta Timur,400000000,86600000.0,0.0,49300000.0,49300000.0,37300000.0,0,8486.3,0.0,0
2026-03-11,ATM-014,Gas Station,Jakarta Timur,400000000,37300000.0,362700000.0,25700000.0,25700000.0,374300000.0,0,28191.78,187000.0,0
2026-03-12,ATM-014,Gas Station,Jakarta Timur,400000000,374300000.0,0.0,42700000.0,42700000.0,331600000.0,0,48349.32,0.0,0
2026-03-13,ATM-014,Gas Station,Jakarta Timur,400000000,331600000.0,0.0,21200000.0,21200000.0,310400000.0,0,43972.6,0.0,0
2026-03-14,ATM-014,Gas Station,Jakarta Timur,400000000,310400000.0,0.0,43100000.0,43100000.0,267300000.0,0,39568.49,0.0,0
2026-03-15,ATM-014,Gas Station,Jakarta Timur,400000000,267300000.0,0.0,28600000.0,28600000.0,238700000.0,0,34657.53,0.0,0
2026-03-16,ATM-014,Gas Station,Jakarta Timur,400000000,238700000.0,0.0,33400000.0,33400000.0,205300000.0,0,30410.96,0.0,0
2026-03-17,ATM-014,Gas Station,Jakarta Timur,400000000,205300000.0,0.0,40800000.0,40800000.0,164500000.0,0,25328.77,0.0,0
2026-03-18,ATM-014,Gas Station,Jakarta Timur,400000000,164500000.0,0.0,40100000.0,40100000.0,124400000.0,0,19787.67,0.0,0
2026-03-19,ATM-014,Gas Station,Jakarta Timur,400000000,124400000.0,0.0,17400000.0,17400000.0,107000000.0,0,15849.32,0.0,0
2026-03-20,ATM-014,Gas Station,Jakarta Timur,400000000,107000000.0,0.0,35700000.0,35700000.0,71300000.0,0,12212.33,0.0,0
2026-03-21,ATM-014,Gas Station,Jakarta Timur,400000000,71300000.0,328700000.0,26400000.0,26400000.0,373600000.0,0,30472.6,187000.0,0
2026-03-22,ATM-014,Gas Station,Jakarta Timur,400000000,373600000.0,0.0,39400000.0,39400000.0,334200000.0,0,48479.45,0.0,0
2026-03-23,ATM-014,Gas Station,Jakarta Timur,400000000,334200000.0,0.0,46400000.0,46400000.0,287800000.0,0,42602.74,0.0,0
2026-03-24,ATM-014,Gas Station,Jakarta Timur,400000000,287800000.0,0.0,25200000.0,25200000.0,262600000.0,0,37698.63,0.0,0
2026-03-25,ATM-014,Gas Station,Jakarta Timur,400000000,262600000.0,0.0,38900000.0,38900000.0,223700000.0,0,33308.22,0.0,0
2026-03-26,ATM-014,Gas Station,Jakarta Timur,400000000,223700000.0,0.0,25700000.0,25700000.0,198000000.0,0,28883.56,0.0,0
2026-03-27,ATM-014,Gas Station,Jakarta Timur,400000000,198000000.0,0.0,39800000.0,39800000.0,158200000.0,0,24397.26,0.0,0
2026-03-28,ATM-014,Gas Station,Jakarta Timur,400000000,158200000.0,0.0,23100000.0,23100000.0,135100000.0,0,20089.04,0.0,0
2026-03-29,ATM-014,Gas Station,Jakarta Timur,400000000,135100000.0,0.0,20800000.0,20800000.0,114300000.0,0,17082.19,0.0,0
2026-03-30,ATM-014,Gas Station,Jakarta Timur,400000000,114300000.0,0.0,19800000.0,19800000.0,94500000.0,0,14301.37,0.0,0
2026-03-31,ATM-014,Gas Station,Jakarta Timur,400000000,94500000.0,0.0,43000000.0,43000000.0,51500000.0,0,10000.0,0.0,0
2026-04-01,ATM-014,Gas Station,Jakarta Timur,400000000,51500000.0,348500000.0,26000000.0,26000000.0,374000000.0,0,29143.84,187000.0,0
2026-04-02,ATM-014,Gas Station,Jakarta Timur,400000000,374000000.0,0.0,37500000.0,37500000.0,336500000.0,0,48664.38,0.0,0
2026-04-03,ATM-014,Gas Station,Jakarta Timur,400000000,336500000.0,0.0,39100000.0,39100000.0,297400000.0,0,43417.81,0.0,0
2026-04-04,ATM-014,Gas Station,Jakarta Timur,400000000,297400000.0,0.0,29900000.0,29900000.0,267500000.0,0,38691.78,0.0,0
2026-04-05,ATM-014,Gas Station,Jakarta Timur,400000000,267500000.0,0.0,36900000.0,36900000.0,230600000.0,0,34116.44,0.0,0
2026-04-06,ATM-014,Gas Station,Jakarta Timur,400000000,230600000.0,0.0,53000000.0,53000000.0,177600000.0,0,27958.9,0.0,0
2026-04-07,ATM-014,Gas Station,Jakarta Timur,400000000,177600000.0,0.0,35400000.0,35400000.0,142200000.0,0,21904.11,0.0,0
2026-04-08,ATM-014,Gas Station,Jakarta Timur,400000000,142200000.0,0.0,31900000.0,31900000.0,110300000.0,0,17294.52,0.0,0
2026-04-09,ATM-014,Gas Station,Jakarta Timur,400000000,110300000.0,0.0,50400000.0,50400000.0,59900000.0,0,11657.53,0.0,0
2026-04-10,ATM-014,Gas Station,Jakarta Timur,400000000,59900000.0,340100000.0,44500000.0,44500000.0,355500000.0,0,28452.05,187000.0,0
2026-04-11,ATM-014,Gas Station,Jakarta Timur,400000000,355500000.0,0.0,25500000.0,25500000.0,330000000.0,0,46952.05,0.0,0
2026-04-12,ATM-014,Gas Station,Jakarta Timur,400000000,330000000.0,0.0,23400000.0,23400000.0,306600000.0,0,43602.74,0.0,0
2026-04-13,ATM-014,Gas Station,Jakarta Timur,400000000,306600000.0,0.0,41800000.0,41800000.0,264800000.0,0,39136.99,0.0,0
2026-04-14,ATM-014,Gas Station,Jakarta Timur,400000000,264800000.0,0.0,38800000.0,38800000.0,226000000.0,0,33616.44,0.0,0
2026-04-15,ATM-014,Gas Station,Jakarta Timur,400000000,226000000.0,0.0,17800000.0,17800000.0,208200000.0,0,29739.73,0.0,0
2026-04-16,ATM-014,Gas Station,Jakarta Timur,400000000,208200000.0,0.0,47500000.0,47500000.0,160700000.0,0,25267.12,0.0,0
2026-04-17,ATM-014,Gas Station,Jakarta Timur,400000000,160700000.0,0.0,34900000.0,34900000.0,125800000.0,0,19623.29,0.0,0
2026-04-18,ATM-014,Gas Station,Jakarta Timur,400000000,125800000.0,0.0,27800000.0,27800000.0,98000000.0,0,15328.77,0.0,0
2026-04-19,ATM-014,Gas Station,Jakarta Timur,400000000,98000000.0,0.0,21200000.0,21200000.0,76800000.0,0,11972.6,0.0,0
2026-04-20,ATM-014,Gas Station,Jakarta Timur,400000000,76800000.0,323200000.0,45700000.0,45700000.0,354300000.0,0,29527.4,187000.0,0
2026-04-21,ATM-014,Gas Station,Jakarta Timur,400000000,354300000.0,0.0,36500000.0,36500000.0,317800000.0,0,46034.25,0.0,0
2026-04-22,ATM-014,Gas Station,Jakarta Timur,400000000,317800000.0,0.0,46500000.0,46500000.0,271300000.0,0,40349.32,0.0,0
2026-04-23,ATM-014,Gas Station,Jakarta Timur,400000000,271300000.0,0.0,27600000.0,27600000.0,243700000.0,0,35273.97,0.0,0
2026-04-24,ATM-014,Gas Station,Jakarta Timur,400000000,243700000.0,0.0,34400000.0,34400000.0,209300000.0,0,31027.4,0.0,0
2026-04-25,ATM-014,Gas Station,Jakarta Timur,400000000,209300000.0,0.0,50300000.0,50300000.0,159000000.0,0,25226.03,0.0,0
2026-04-26,ATM-014,Gas Station,Jakarta Timur,400000000,159000000.0,0.0,18400000.0,18400000.0,140600000.0,0,20520.55,0.0,0
2026-04-27,ATM-014,Gas Station,Jakarta Timur,400000000,140600000.0,0.0,41300000.0,41300000.0,99300000.0,0,16431.51,0.0,0
2026-04-28,ATM-014,Gas Station,Jakarta Timur,400000000,99300000.0,0.0,43200000.0,43200000.0,56100000.0,0,10643.84,0.0,0
2026-04-29,ATM-014,Gas Station,Jakarta Timur,400000000,56100000.0,343900000.0,24400000.0,24400000.0,375600000.0,0,29568.49,187000.0,0
2026-04-30,ATM-014,Gas Station,Jakarta Timur,400000000,375600000.0,0.0,22900000.0,22900000.0,352700000.0,0,49883.56,0.0,0
2026-05-01,ATM-014,Gas Station,Jakarta Timur,400000000,352700000.0,0.0,30100000.0,30100000.0,322600000.0,0,46253.42,0.0,0
2026-05-02,ATM-014,Gas Station,Jakarta Timur,400000000,322600000.0,0.0,34100000.0,34100000.0,288500000.0,0,41856.16,0.0,0
2026-05-03,ATM-014,Gas Station,Jakarta Timur,400000000,288500000.0,0.0,32100000.0,32100000.0,256400000.0,0,37321.92,0.0,0
2026-05-04,ATM-014,Gas Station,Jakarta Timur,400000000,256400000.0,0.0,45900000.0,45900000.0,210500000.0,0,31979.45,0.0,0
2026-05-05,ATM-014,Gas Station,Jakarta Timur,400000000,210500000.0,0.0,24800000.0,24800000.0,185700000.0,0,27136.99,0.0,0
2026-05-06,ATM-014,Gas Station,Jakarta Timur,400000000,185700000.0,0.0,47200000.0,47200000.0,138500000.0,0,22205.48,0.0,0
2026-05-07,ATM-014,Gas Station,Jakarta Timur,400000000,138500000.0,0.0,48600000.0,48600000.0,89900000.0,0,15643.84,0.0,0
2026-05-08,ATM-014,Gas Station,Jakarta Timur,400000000,89900000.0,0.0,27000000.0,27000000.0,62900000.0,0,10465.75,0.0,0
2026-05-09,ATM-014,Gas Station,Jakarta Timur,400000000,62900000.0,337100000.0,22500000.0,22500000.0,377500000.0,0,30164.38,187000.0,0
2026-05-10,ATM-014,Gas Station,Jakarta Timur,400000000,377500000.0,0.0,27800000.0,27800000.0,349700000.0,0,49808.22,0.0,0
2026-05-11,ATM-014,Gas Station,Jakarta Timur,400000000,349700000.0,0.0,33700000.0,33700000.0,316000000.0,0,45595.89,0.0,0
2026-05-12,ATM-014,Gas Station,Jakarta Timur,400000000,316000000.0,0.0,34900000.0,34900000.0,281100000.0,0,40897.26,0.0,0
2026-05-13,ATM-014,Gas Station,Jakarta Timur,400000000,281100000.0,0.0,49400000.0,49400000.0,231700000.0,0,35123.29,0.0,0
2026-05-14,ATM-014,Gas Station,Jakarta Timur,400000000,231700000.0,0.0,28200000.0,28200000.0,203500000.0,0,29808.22,0.0,0
2026-05-15,ATM-014,Gas Station,Jakarta Timur,400000000,203500000.0,0.0,29200000.0,29200000.0,174300000.0,0,25876.71,0.0,0
2026-05-16,ATM-014,Gas Station,Jakarta Timur,400000000,174300000.0,0.0,51000000.0,51000000.0,123300000.0,0,20383.56,0.0,0
2026-05-17,ATM-014,Gas Station,Jakarta Timur,400000000,123300000.0,0.0,35200000.0,35200000.0,88100000.0,0,14479.45,0.0,0
2026-05-18,ATM-014,Gas Station,Jakarta Timur,400000000,88100000.0,0.0,27800000.0,27800000.0,60300000.0,0,10164.38,0.0,0
2026-05-19,ATM-014,Gas Station,Jakarta Timur,400000000,60300000.0,339700000.0,33100000.0,33100000.0,366900000.0,0,29260.27,187000.0,0
2025-11-01,ATM-015,Gas Station,Jakarta Pusat,400000000,279136000.0,0.0,25100000.0,25100000.0,254036000.0,0,36518.63,0.0,0
2025-11-02,ATM-015,Gas Station,Jakarta Pusat,400000000,254036000.0,0.0,43800000.0,43800000.0,210236000.0,0,31799.45,0.0,0
2025-11-03,ATM-015,Gas Station,Jakarta Pusat,400000000,210236000.0,0.0,26300000.0,26300000.0,183936000.0,0,26998.08,0.0,0
2025-11-04,ATM-015,Gas Station,Jakarta Pusat,400000000,183936000.0,0.0,39900000.0,39900000.0,144036000.0,0,22463.84,0.0,0
2025-11-05,ATM-015,Gas Station,Jakarta Pusat,400000000,144036000.0,0.0,28500000.0,28500000.0,115536000.0,0,17778.9,0.0,0
2025-11-06,ATM-015,Gas Station,Jakarta Pusat,400000000,115536000.0,0.0,32100000.0,32100000.0,83436000.0,0,13628.22,0.0,0
2025-11-07,ATM-015,Gas Station,Jakarta Pusat,400000000,83436000.0,0.0,26200000.0,26200000.0,57236000.0,0,9635.07,0.0,0
2025-11-08,ATM-015,Gas Station,Jakarta Pusat,400000000,57236000.0,342764000.0,46400000.0,46400000.0,353600000.0,0,28139.45,316000.0,0
2025-11-09,ATM-015,Gas Station,Jakarta Pusat,400000000,353600000.0,0.0,22200000.0,22200000.0,331400000.0,0,46917.81,0.0,0
2025-11-10,ATM-015,Gas Station,Jakarta Pusat,400000000,331400000.0,0.0,33600000.0,33600000.0,297800000.0,0,43095.89,0.0,0
2025-11-11,ATM-015,Gas Station,Jakarta Pusat,400000000,297800000.0,0.0,27500000.0,27500000.0,270300000.0,0,38910.96,0.0,0
2025-11-12,ATM-015,Gas Station,Jakarta Pusat,400000000,270300000.0,0.0,29300000.0,29300000.0,241000000.0,0,35020.55,0.0,0
2025-11-13,ATM-015,Gas Station,Jakarta Pusat,400000000,241000000.0,0.0,35000000.0,35000000.0,206000000.0,0,30616.44,0.0,0
2025-11-14,ATM-015,Gas Station,Jakarta Pusat,400000000,206000000.0,0.0,42500000.0,42500000.0,163500000.0,0,25308.22,0.0,0
2025-11-15,ATM-015,Gas Station,Jakarta Pusat,400000000,163500000.0,0.0,40900000.0,40900000.0,122600000.0,0,19595.89,0.0,0
2025-11-16,ATM-015,Gas Station,Jakarta Pusat,400000000,122600000.0,0.0,29800000.0,29800000.0,92800000.0,0,14753.42,0.0,0
2025-11-17,ATM-015,Gas Station,Jakarta Pusat,400000000,92800000.0,0.0,38100000.0,38100000.0,54700000.0,0,10102.74,0.0,0
2025-11-18,ATM-015,Gas Station,Jakarta Pusat,400000000,54700000.0,345300000.0,45500000.0,45500000.0,354500000.0,0,28027.4,316000.0,0
2025-11-19,ATM-015,Gas Station,Jakarta Pusat,400000000,354500000.0,0.0,51700000.0,51700000.0,302800000.0,0,45020.55,0.0,0
2025-11-20,ATM-015,Gas Station,Jakarta Pusat,400000000,302800000.0,0.0,41100000.0,41100000.0,261700000.0,0,38664.38,0.0,0
2025-11-21,ATM-015,Gas Station,Jakarta Pusat,400000000,261700000.0,0.0,45900000.0,45900000.0,215800000.0,0,32705.48,0.0,0
2025-11-22,ATM-015,Gas Station,Jakarta Pusat,400000000,215800000.0,0.0,25500000.0,25500000.0,190300000.0,0,27815.07,0.0,0
2025-11-23,ATM-015,Gas Station,Jakarta Pusat,400000000,190300000.0,0.0,43200000.0,43200000.0,147100000.0,0,23109.59,0.0,0
2025-11-24,ATM-015,Gas Station,Jakarta Pusat,400000000,147100000.0,0.0,32500000.0,32500000.0,114600000.0,0,17924.66,0.0,0
2025-11-25,ATM-015,Gas Station,Jakarta Pusat,400000000,114600000.0,0.0,29800000.0,29800000.0,84800000.0,0,13657.53,0.0,0
2025-11-26,ATM-015,Gas Station,Jakarta Pusat,400000000,84800000.0,0.0,40300000.0,40300000.0,44500000.0,0,8856.16,0.0,0
2025-11-27,ATM-015,Gas Station,Jakarta Pusat,400000000,44500000.0,355500000.0,37800000.0,37800000.0,362200000.0,0,27856.16,316000.0,0
2025-11-28,ATM-015,Gas Station,Jakarta Pusat,400000000,362200000.0,0.0,21300000.0,21300000.0,340900000.0,0,48157.53,0.0,0
2025-11-29,ATM-015,Gas Station,Jakarta Pusat,400000000,340900000.0,0.0,38500000.0,38500000.0,302400000.0,0,44061.64,0.0,0
2025-11-30,ATM-015,Gas Station,Jakarta Pusat,400000000,302400000.0,0.0,43800000.0,43800000.0,258600000.0,0,38424.66,0.0,0
2025-12-01,ATM-015,Gas Station,Jakarta Pusat,400000000,258600000.0,0.0,27900000.0,27900000.0,230700000.0,0,33513.7,0.0,0
2025-12-02,ATM-015,Gas Station,Jakarta Pusat,400000000,230700000.0,0.0,22300000.0,22300000.0,208400000.0,0,30075.34,0.0,0
2025-12-03,ATM-015,Gas Station,Jakarta Pusat,400000000,208400000.0,0.0,41400000.0,41400000.0,167000000.0,0,25712.33,0.0,0
2025-12-04,ATM-015,Gas Station,Jakarta Pusat,400000000,167000000.0,0.0,30600000.0,30600000.0,136400000.0,0,20780.82,0.0,0
2025-12-05,ATM-015,Gas Station,Jakarta Pusat,400000000,136400000.0,0.0,22500000.0,22500000.0,113900000.0,0,17143.84,0.0,0
2025-12-06,ATM-015,Gas Station,Jakarta Pusat,400000000,113900000.0,0.0,31500000.0,31500000.0,82400000.0,0,13445.21,0.0,0
2025-12-07,ATM-015,Gas Station,Jakarta Pusat,400000000,82400000.0,0.0,50300000.0,50300000.0,32100000.0,0,7842.47,0.0,0
2025-12-08,ATM-015,Gas Station,Jakarta Pusat,400000000,32100000.0,367900000.0,20400000.0,20400000.0,379600000.0,0,28198.63,316000.0,0
2025-12-09,ATM-015,Gas Station,Jakarta Pusat,400000000,379600000.0,0.0,49600000.0,49600000.0,330000000.0,0,48602.74,0.0,0
2025-12-10,ATM-015,Gas Station,Jakarta Pusat,400000000,330000000.0,0.0,35900000.0,35900000.0,294100000.0,0,42746.58,0.0,0
2025-12-11,ATM-015,Gas Station,Jakarta Pusat,400000000,294100000.0,0.0,30700000.0,30700000.0,263400000.0,0,38184.93,0.0,0
2025-12-12,ATM-015,Gas Station,Jakarta Pusat,400000000,263400000.0,0.0,44600000.0,44600000.0,218800000.0,0,33027.4,0.0,0
2025-12-13,ATM-015,Gas Station,Jakarta Pusat,400000000,218800000.0,0.0,25600000.0,25600000.0,193200000.0,0,28219.18,0.0,0
2025-12-14,ATM-015,Gas Station,Jakarta Pusat,400000000,193200000.0,0.0,24400000.0,24400000.0,168800000.0,0,24794.52,0.0,0
2025-12-15,ATM-015,Gas Station,Jakarta Pusat,400000000,168800000.0,0.0,29800000.0,29800000.0,139000000.0,0,21082.19,0.0,0
2025-12-16,ATM-015,Gas Station,Jakarta Pusat,400000000,139000000.0,0.0,49200000.0,49200000.0,89800000.0,0,15671.23,0.0,0
2025-12-17,ATM-015,Gas Station,Jakarta Pusat,400000000,89800000.0,0.0,48900000.0,48900000.0,40900000.0,0,8952.05,0.0,0
2025-12-18,ATM-015,Gas Station,Jakarta Pusat,400000000,40900000.0,359100000.0,25800000.0,25800000.0,374200000.0,0,28431.51,316000.0,0
2025-12-19,ATM-015,Gas Station,Jakarta Pusat,400000000,374200000.0,0.0,34600000.0,34600000.0,339600000.0,0,48890.41,0.0,0
2025-12-20,ATM-015,Gas Station,Jakarta Pusat,400000000,339600000.0,0.0,51700000.0,51700000.0,287900000.0,0,42979.45,0.0,0
2025-12-21,ATM-015,Gas Station,Jakarta Pusat,400000000,287900000.0,0.0,39400000.0,39400000.0,248500000.0,0,36739.73,0.0,0
2025-12-22,ATM-015,Gas Station,Jakarta Pusat,400000000,248500000.0,0.0,32400000.0,32400000.0,216100000.0,0,31821.92,0.0,0
2025-12-23,ATM-015,Gas Station,Jakarta Pusat,400000000,216100000.0,0.0,26900000.0,26900000.0,189200000.0,0,27760.27,0.0,0
2025-12-24,ATM-015,Gas Station,Jakarta Pusat,400000000,189200000.0,0.0,30400000.0,30400000.0,158800000.0,0,23835.62,0.0,0
2025-12-25,ATM-015,Gas Station,Jakarta Pusat,400000000,158800000.0,0.0,36400000.0,36400000.0,122400000.0,0,19260.27,0.0,0
2025-12-26,ATM-015,Gas Station,Jakarta Pusat,400000000,122400000.0,0.0,44300000.0,44300000.0,78100000.0,0,13732.88,0.0,0
2025-12-27,ATM-015,Gas Station,Jakarta Pusat,400000000,78100000.0,321900000.0,23200000.0,23200000.0,376800000.0,0,31157.53,316000.0,0
2025-12-28,ATM-015,Gas Station,Jakarta Pusat,400000000,376800000.0,0.0,49700000.0,49700000.0,327100000.0,0,48212.33,0.0,0
2025-12-29,ATM-015,Gas Station,Jakarta Pusat,400000000,327100000.0,0.0,43100000.0,43100000.0,284000000.0,0,41856.16,0.0,0
2025-12-30,ATM-015,Gas Station,Jakarta Pusat,400000000,284000000.0,0.0,37700000.0,37700000.0,246300000.0,0,36321.92,0.0,0
2025-12-31,ATM-015,Gas Station,Jakarta Pusat,400000000,246300000.0,0.0,27700000.0,27700000.0,218600000.0,0,31842.47,0.0,0
2026-01-01,ATM-015,Gas Station,Jakarta Pusat,400000000,218600000.0,0.0,36800000.0,36800000.0,181800000.0,0,27424.66,0.0,0
2026-01-02,ATM-015,Gas Station,Jakarta Pusat,400000000,181800000.0,0.0,20500000.0,20500000.0,161300000.0,0,23500.0,0.0,0
2026-01-03,ATM-015,Gas Station,Jakarta Pusat,400000000,161300000.0,0.0,35000000.0,35000000.0,126300000.0,0,19698.63,0.0,0
2026-01-04,ATM-015,Gas Station,Jakarta Pusat,400000000,126300000.0,0.0,25700000.0,25700000.0,100600000.0,0,15541.1,0.0,0
2026-01-05,ATM-015,Gas Station,Jakarta Pusat,400000000,100600000.0,0.0,40900000.0,40900000.0,59700000.0,0,10979.45,0.0,0
2026-01-06,ATM-015,Gas Station,Jakarta Pusat,400000000,59700000.0,340300000.0,30200000.0,30200000.0,369800000.0,0,29417.81,316000.0,0
2026-01-07,ATM-015,Gas Station,Jakarta Pusat,400000000,369800000.0,0.0,51800000.0,51800000.0,318000000.0,0,47109.59,0.0,0
2026-01-08,ATM-015,Gas Station,Jakarta Pusat,400000000,318000000.0,0.0,52100000.0,52100000.0,265900000.0,0,39993.15,0.0,0
2026-01-09,ATM-015,Gas Station,Jakarta Pusat,400000000,265900000.0,0.0,25400000.0,25400000.0,240500000.0,0,34684.93,0.0,0
2026-01-10,ATM-015,Gas Station,Jakarta Pusat,400000000,240500000.0,0.0,28100000.0,28100000.0,212400000.0,0,31020.55,0.0,0
2026-01-11,ATM-015,Gas Station,Jakarta Pusat,400000000,212400000.0,0.0,43000000.0,43000000.0,169400000.0,0,26150.68,0.0,0
2026-01-12,ATM-015,Gas Station,Jakarta Pusat,400000000,169400000.0,0.0,41100000.0,41100000.0,128300000.0,0,20390.41,0.0,0
2026-01-13,ATM-015,Gas Station,Jakarta Pusat,400000000,128300000.0,0.0,30500000.0,30500000.0,97800000.0,0,15486.3,0.0,0
2026-01-14,ATM-015,Gas Station,Jakarta Pusat,400000000,97800000.0,0.0,40100000.0,40100000.0,57700000.0,0,10650.68,0.0,0
2026-01-15,ATM-015,Gas Station,Jakarta Pusat,400000000,57700000.0,342300000.0,37400000.0,37400000.0,362600000.0,0,28787.67,316000.0,0
2026-01-16,ATM-015,Gas Station,Jakarta Pusat,400000000,362600000.0,0.0,34200000.0,34200000.0,328400000.0,0,47328.77,0.0,0
2026-01-17,ATM-015,Gas Station,Jakarta Pusat,400000000,328400000.0,0.0,30900000.0,30900000.0,297500000.0,0,42869.86,0.0,0
2026-01-18,ATM-015,Gas Station,Jakarta Pusat,400000000,297500000.0,0.0,29700000.0,29700000.0,267800000.0,0,38719.18,0.0,0
2026-01-19,ATM-015,Gas Station,Jakarta Pusat,400000000,267800000.0,0.0,36100000.0,36100000.0,231700000.0,0,34212.33,0.0,0
2026-01-20,ATM-015,Gas Station,Jakarta Pusat,400000000,231700000.0,0.0,25100000.0,25100000.0,206600000.0,0,30020.55,0.0,0
2026-01-21,ATM-015,Gas Station,Jakarta Pusat,400000000,206600000.0,0.0,31800000.0,31800000.0,174800000.0,0,26123.29,0.0,0
2026-01-22,ATM-015,Gas Station,Jakarta Pusat,400000000,174800000.0,0.0,38000000.0,38000000.0,136800000.0,0,21342.47,0.0,0
2026-01-23,ATM-015,Gas Station,Jakarta Pusat,400000000,136800000.0,0.0,32100000.0,32100000.0,104700000.0,0,16541.1,0.0,0
2026-01-24,ATM-015,Gas Station,Jakarta Pusat,400000000,104700000.0,0.0,30900000.0,30900000.0,73800000.0,0,12226.03,0.0,0
2026-01-25,ATM-015,Gas Station,Jakarta Pusat,400000000,73800000.0,326200000.0,46500000.0,46500000.0,353500000.0,0,29267.12,316000.0,0
2026-01-26,ATM-015,Gas Station,Jakarta Pusat,400000000,353500000.0,0.0,30700000.0,30700000.0,322800000.0,0,46321.92,0.0,0
2026-01-27,ATM-015,Gas Station,Jakarta Pusat,400000000,322800000.0,0.0,26700000.0,26700000.0,296100000.0,0,42390.41,0.0,0
2026-01-28,ATM-015,Gas Station,Jakarta Pusat,400000000,296100000.0,0.0,22700000.0,22700000.0,273400000.0,0,39006.85,0.0,0
2026-01-29,ATM-015,Gas Station,Jakarta Pusat,400000000,273400000.0,0.0,41000000.0,41000000.0,232400000.0,0,34643.84,0.0,0
2026-01-30,ATM-015,Gas Station,Jakarta Pusat,400000000,232400000.0,0.0,35300000.0,35300000.0,197100000.0,0,29417.81,0.0,0
2026-01-31,ATM-015,Gas Station,Jakarta Pusat,400000000,197100000.0,0.0,30100000.0,30100000.0,167000000.0,0,24938.36,0.0,0
2026-02-01,ATM-015,Gas Station,Jakarta Pusat,400000000,167000000.0,0.0,29200000.0,29200000.0,137800000.0,0,20876.71,0.0,0
2026-02-02,ATM-015,Gas Station,Jakarta Pusat,400000000,137800000.0,0.0,37800000.0,37800000.0,100000000.0,0,16287.67,0.0,0
2026-02-03,ATM-015,Gas Station,Jakarta Pusat,400000000,100000000.0,0.0,55900000.0,55900000.0,44100000.0,0,9869.86,0.0,0
2026-02-04,ATM-015,Gas Station,Jakarta Pusat,400000000,44100000.0,355900000.0,43500000.0,43500000.0,356500000.0,0,27438.36,316000.0,0
2026-02-05,ATM-015,Gas Station,Jakarta Pusat,400000000,356500000.0,0.0,22000000.0,22000000.0,334500000.0,0,47328.77,0.0,0
2026-02-06,ATM-015,Gas Station,Jakarta Pusat,400000000,334500000.0,0.0,19700000.0,19700000.0,314800000.0,0,44472.6,0.0,0
2026-02-07,ATM-015,Gas Station,Jakarta Pusat,400000000,314800000.0,0.0,21500000.0,21500000.0,293300000.0,0,41650.68,0.0,0
2026-02-08,ATM-015,Gas Station,Jakarta Pusat,400000000,293300000.0,0.0,26200000.0,26200000.0,267100000.0,0,38383.56,0.0,0
2026-02-09,ATM-015,Gas Station,Jakarta Pusat,400000000,267100000.0,0.0,19500000.0,19500000.0,247600000.0,0,35253.42,0.0,0
2026-02-10,ATM-015,Gas Station,Jakarta Pusat,400000000,247600000.0,0.0,28800000.0,28800000.0,218800000.0,0,31945.21,0.0,0
2026-02-11,ATM-015,Gas Station,Jakarta Pusat,400000000,218800000.0,0.0,31300000.0,31300000.0,187500000.0,0,27828.77,0.0,0
2026-02-12,ATM-015,Gas Station,Jakarta Pusat,400000000,187500000.0,0.0,33900000.0,33900000.0,153600000.0,0,23363.01,0.0,0
2026-02-13,ATM-015,Gas Station,Jakarta Pusat,400000000,153600000.0,0.0,32100000.0,32100000.0,121500000.0,0,18842.47,0.0,0
2026-02-14,ATM-015,Gas Station,Jakarta Pusat,400000000,121500000.0,0.0,24000000.0,24000000.0,97500000.0,0,15000.0,0.0,0
2026-02-15,ATM-015,Gas Station,Jakarta Pusat,400000000,97500000.0,0.0,23700000.0,23700000.0,73800000.0,0,11732.88,0.0,0
2026-02-16,ATM-015,Gas Station,Jakarta Pusat,400000000,73800000.0,326200000.0,50200000.0,50200000.0,349800000.0,0,29013.7,316000.0,0
2026-02-17,ATM-015,Gas Station,Jakarta Pusat,400000000,349800000.0,0.0,32400000.0,32400000.0,317400000.0,0,45698.63,0.0,0
2026-02-18,ATM-015,Gas Station,Jakarta Pusat,400000000,317400000.0,0.0,31300000.0,31300000.0,286100000.0,0,41335.62,0.0,0
2026-02-19,ATM-015,Gas Station,Jakarta Pusat,400000000,286100000.0,0.0,57600000.0,57600000.0,228500000.0,0,35246.58,0.0,0
2026-02-20,ATM-015,Gas Station,Jakarta Pusat,400000000,228500000.0,0.0,32000000.0,32000000.0,196500000.0,0,29109.59,0.0,0
2026-02-21,ATM-015,Gas Station,Jakarta Pusat,400000000,196500000.0,0.0,43000000.0,43000000.0,153500000.0,0,23972.6,0.0,0
2026-02-22,ATM-015,Gas Station,Jakarta Pusat,400000000,153500000.0,0.0,35800000.0,35800000.0,117700000.0,0,18575.34,0.0,0
2026-02-23,ATM-015,Gas Station,Jakarta Pusat,400000000,117700000.0,0.0,48700000.0,48700000.0,69000000.0,0,12787.67,0.0,0
2026-02-24,ATM-015,Gas Station,Jakarta Pusat,400000000,69000000.0,331000000.0,24700000.0,24700000.0,375300000.0,0,30431.51,316000.0,0
2026-02-25,ATM-015,Gas Station,Jakarta Pusat,400000000,375300000.0,0.0,28100000.0,28100000.0,347200000.0,0,49486.3,0.0,0
2026-02-26,ATM-015,Gas Station,Jakarta Pusat,400000000,347200000.0,0.0,44200000.0,44200000.0,303000000.0,0,44534.25,0.0,0
2026-02-27,ATM-015,Gas Station,Jakarta Pusat,400000000,303000000.0,0.0,18700000.0,18700000.0,284300000.0,0,40226.03,0.0,0
2026-02-28,ATM-015,Gas Station,Jakarta Pusat,400000000,284300000.0,0.0,40500000.0,40500000.0,243800000.0,0,36171.23,0.0,0
2026-03-01,ATM-015,Gas Station,Jakarta Pusat,400000000,243800000.0,0.0,31300000.0,31300000.0,212500000.0,0,31253.42,0.0,0
2026-03-02,ATM-015,Gas Station,Jakarta Pusat,400000000,212500000.0,0.0,22900000.0,22900000.0,189600000.0,0,27541.1,0.0,0
2026-03-03,ATM-015,Gas Station,Jakarta Pusat,400000000,189600000.0,0.0,35400000.0,35400000.0,154200000.0,0,23547.95,0.0,0
2026-03-04,ATM-015,Gas Station,Jakarta Pusat,400000000,154200000.0,0.0,33500000.0,33500000.0,120700000.0,0,18828.77,0.0,0
2026-03-05,ATM-015,Gas Station,Jakarta Pusat,400000000,120700000.0,0.0,31000000.0,31000000.0,89700000.0,0,14410.96,0.0,0
2026-03-06,ATM-015,Gas Station,Jakarta Pusat,400000000,89700000.0,0.0,30800000.0,30800000.0,58900000.0,0,10178.08,0.0,0
2026-03-07,ATM-015,Gas Station,Jakarta Pusat,400000000,58900000.0,341100000.0,56200000.0,56200000.0,343800000.0,0,27582.19,316000.0,0
2026-03-08,ATM-015,Gas Station,Jakarta Pusat,400000000,343800000.0,0.0,26500000.0,26500000.0,317300000.0,0,45280.82,0.0,0
2026-03-09,ATM-015,Gas Station,Jakarta Pusat,400000000,317300000.0,0.0,43200000.0,43200000.0,274100000.0,0,40506.85,0.0,0
2026-03-10,ATM-015,Gas Station,Jakarta Pusat,400000000,274100000.0,0.0,28500000.0,28500000.0,245600000.0,0,35595.89,0.0,0
2026-03-11,ATM-015,Gas Station,Jakarta Pusat,400000000,245600000.0,0.0,36400000.0,36400000.0,209200000.0,0,31150.68,0.0,0
2026-03-12,ATM-015,Gas Station,Jakarta Pusat,400000000,209200000.0,0.0,38600000.0,38600000.0,170600000.0,0,26013.7,0.0,0
2026-03-13,ATM-015,Gas Station,Jakarta Pusat,400000000,170600000.0,0.0,40900000.0,40900000.0,129700000.0,0,20568.49,0.0,0
2026-03-14,ATM-015,Gas Station,Jakarta Pusat,400000000,129700000.0,0.0,55800000.0,55800000.0,73900000.0,0,13945.21,0.0,0
2026-03-15,ATM-015,Gas Station,Jakarta Pusat,400000000,73900000.0,326100000.0,32200000.0,32200000.0,367800000.0,0,30253.42,316000.0,0
2026-03-16,ATM-015,Gas Station,Jakarta Pusat,400000000,367800000.0,0.0,47600000.0,47600000.0,320200000.0,0,47123.29,0.0,0
2026-03-17,ATM-015,Gas Station,Jakarta Pusat,400000000,320200000.0,0.0,40100000.0,40100000.0,280100000.0,0,41116.44,0.0,0
2026-03-18,ATM-015,Gas Station,Jakarta Pusat,400000000,280100000.0,0.0,31400000.0,31400000.0,248700000.0,0,36219.18,0.0,0
2026-03-19,ATM-015,Gas Station,Jakarta Pusat,400000000,248700000.0,0.0,26000000.0,26000000.0,222700000.0,0,32287.67,0.0,0
2026-03-20,ATM-015,Gas Station,Jakarta Pusat,400000000,222700000.0,0.0,55000000.0,55000000.0,167700000.0,0,26739.73,0.0,0
2026-03-21,ATM-015,Gas Station,Jakarta Pusat,400000000,167700000.0,0.0,26000000.0,26000000.0,141700000.0,0,21191.78,0.0,0
2026-03-22,ATM-015,Gas Station,Jakarta Pusat,400000000,141700000.0,0.0,35700000.0,35700000.0,106000000.0,0,16965.75,0.0,0
2026-03-23,ATM-015,Gas Station,Jakarta Pusat,400000000,106000000.0,0.0,37600000.0,37600000.0,68400000.0,0,11945.21,0.0,0
2026-03-24,ATM-015,Gas Station,Jakarta Pusat,400000000,68400000.0,331600000.0,33200000.0,33200000.0,366800000.0,0,29808.22,316000.0,0
2026-03-25,ATM-015,Gas Station,Jakarta Pusat,400000000,366800000.0,0.0,45500000.0,45500000.0,321300000.0,0,47130.14,0.0,0
2026-03-26,ATM-015,Gas Station,Jakarta Pusat,400000000,321300000.0,0.0,21100000.0,21100000.0,300200000.0,0,42568.49,0.0,0
2026-03-27,ATM-015,Gas Station,Jakarta Pusat,400000000,300200000.0,0.0,32100000.0,32100000.0,268100000.0,0,38924.66,0.0,0
2026-03-28,ATM-015,Gas Station,Jakarta Pusat,400000000,268100000.0,0.0,24000000.0,24000000.0,244100000.0,0,35082.19,0.0,0
2026-03-29,ATM-015,Gas Station,Jakarta Pusat,400000000,244100000.0,0.0,41500000.0,41500000.0,202600000.0,0,30595.89,0.0,0
2026-03-30,ATM-015,Gas Station,Jakarta Pusat,400000000,202600000.0,0.0,36200000.0,36200000.0,166400000.0,0,25273.97,0.0,0
2026-03-31,ATM-015,Gas Station,Jakarta Pusat,400000000,166400000.0,0.0,16700000.0,16700000.0,149700000.0,0,21650.68,0.0,0
2026-04-01,ATM-015,Gas Station,Jakarta Pusat,400000000,149700000.0,0.0,33000000.0,33000000.0,116700000.0,0,18246.58,0.0,0
2026-04-02,ATM-015,Gas Station,Jakarta Pusat,400000000,116700000.0,0.0,44500000.0,44500000.0,72200000.0,0,12938.36,0.0,0
2026-04-03,ATM-015,Gas Station,Jakarta Pusat,400000000,72200000.0,327800000.0,45800000.0,45800000.0,354200000.0,0,29205.48,316000.0,0
2026-04-04,ATM-015,Gas Station,Jakarta Pusat,400000000,354200000.0,0.0,32400000.0,32400000.0,321800000.0,0,46301.37,0.0,0
2026-04-05,ATM-015,Gas Station,Jakarta Pusat,400000000,321800000.0,0.0,36500000.0,36500000.0,285300000.0,0,41582.19,0.0,0
2026-04-06,ATM-015,Gas Station,Jakarta Pusat,400000000,285300000.0,0.0,21500000.0,21500000.0,263800000.0,0,37609.59,0.0,0
2026-04-07,ATM-015,Gas Station,Jakarta Pusat,400000000,263800000.0,0.0,41200000.0,41200000.0,222600000.0,0,33315.07,0.0,0
2026-04-08,ATM-015,Gas Station,Jakarta Pusat,400000000,222600000.0,0.0,43700000.0,43700000.0,178900000.0,0,27500.0,0.0,0
2026-04-09,ATM-015,Gas Station,Jakarta Pusat,400000000,178900000.0,0.0,42400000.0,42400000.0,136500000.0,0,21602.74,0.0,0
2026-04-10,ATM-015,Gas Station,Jakarta Pusat,400000000,136500000.0,0.0,38500000.0,38500000.0,98000000.0,0,16061.64,0.0,0
2026-04-11,ATM-015,Gas Station,Jakarta Pusat,400000000,98000000.0,0.0,34600000.0,34600000.0,63400000.0,0,11054.79,0.0,0
2026-04-12,ATM-015,Gas Station,Jakarta Pusat,400000000,63400000.0,336600000.0,36400000.0,36400000.0,363600000.0,0,29246.58,316000.0,0
2026-04-13,ATM-015,Gas Station,Jakarta Pusat,400000000,363600000.0,0.0,39200000.0,39200000.0,324400000.0,0,47123.29,0.0,0
2026-04-14,ATM-015,Gas Station,Jakarta Pusat,400000000,324400000.0,0.0,20200000.0,20200000.0,304200000.0,0,43054.79,0.0,0
2026-04-15,ATM-015,Gas Station,Jakarta Pusat,400000000,304200000.0,0.0,39600000.0,39600000.0,264600000.0,0,38958.9,0.0,0
2026-04-16,ATM-015,Gas Station,Jakarta Pusat,400000000,264600000.0,0.0,22600000.0,22600000.0,242000000.0,0,34698.63,0.0,0
2026-04-17,ATM-015,Gas Station,Jakarta Pusat,400000000,242000000.0,0.0,38000000.0,38000000.0,204000000.0,0,30547.95,0.0,0
2026-04-18,ATM-015,Gas Station,Jakarta Pusat,400000000,204000000.0,0.0,28100000.0,28100000.0,175900000.0,0,26020.55,0.0,0
2026-04-19,ATM-015,Gas Station,Jakarta Pusat,400000000,175900000.0,0.0,42200000.0,42200000.0,133700000.0,0,21205.48,0.0,0
2026-04-20,ATM-015,Gas Station,Jakarta Pusat,400000000,133700000.0,0.0,39200000.0,39200000.0,94500000.0,0,15630.14,0.0,0
2026-04-21,ATM-015,Gas Station,Jakarta Pusat,400000000,94500000.0,0.0,21400000.0,21400000.0,73100000.0,0,11479.45,0.0,0
2026-04-22,ATM-015,Gas Station,Jakarta Pusat,400000000,73100000.0,326900000.0,43300000.0,43300000.0,356700000.0,0,29438.36,316000.0,0
2026-04-23,ATM-015,Gas Station,Jakarta Pusat,400000000,356700000.0,0.0,52200000.0,52200000.0,304500000.0,0,45287.67,0.0,0
2026-04-24,ATM-015,Gas Station,Jakarta Pusat,400000000,304500000.0,0.0,37300000.0,37300000.0,267200000.0,0,39157.53,0.0,0
2026-04-25,ATM-015,Gas Station,Jakarta Pusat,400000000,267200000.0,0.0,43600000.0,43600000.0,223600000.0,0,33616.44,0.0,0
2026-04-26,ATM-015,Gas Station,Jakarta Pusat,400000000,223600000.0,0.0,23600000.0,23600000.0,200000000.0,0,29013.7,0.0,0
2026-04-27,ATM-015,Gas Station,Jakarta Pusat,400000000,200000000.0,0.0,36000000.0,36000000.0,164000000.0,0,24931.51,0.0,0
2026-04-28,ATM-015,Gas Station,Jakarta Pusat,400000000,164000000.0,0.0,33700000.0,33700000.0,130300000.0,0,20157.53,0.0,0
2026-04-29,ATM-015,Gas Station,Jakarta Pusat,400000000,130300000.0,0.0,32300000.0,32300000.0,98000000.0,0,15636.99,0.0,0
2026-04-30,ATM-015,Gas Station,Jakarta Pusat,400000000,98000000.0,0.0,39800000.0,39800000.0,58200000.0,0,10698.63,0.0,0
2026-05-01,ATM-015,Gas Station,Jakarta Pusat,400000000,58200000.0,341800000.0,21900000.0,21900000.0,378100000.0,0,29883.56,316000.0,0
2026-05-02,ATM-015,Gas Station,Jakarta Pusat,400000000,378100000.0,0.0,29700000.0,29700000.0,348400000.0,0,49760.27,0.0,0
2026-05-03,ATM-015,Gas Station,Jakarta Pusat,400000000,348400000.0,0.0,43500000.0,43500000.0,304900000.0,0,44746.58,0.0,0
2026-05-04,ATM-015,Gas Station,Jakarta Pusat,400000000,304900000.0,0.0,36200000.0,36200000.0,268700000.0,0,39287.67,0.0,0
2026-05-05,ATM-015,Gas Station,Jakarta Pusat,400000000,268700000.0,0.0,40300000.0,40300000.0,228400000.0,0,34047.95,0.0,0
2026-05-06,ATM-015,Gas Station,Jakarta Pusat,400000000,228400000.0,0.0,23000000.0,23000000.0,205400000.0,0,29712.33,0.0,0
2026-05-07,ATM-015,Gas Station,Jakarta Pusat,400000000,205400000.0,0.0,25100000.0,25100000.0,180300000.0,0,26417.81,0.0,0
2026-05-08,ATM-015,Gas Station,Jakarta Pusat,400000000,180300000.0,0.0,47300000.0,47300000.0,133000000.0,0,21458.9,0.0,0
2026-05-09,ATM-015,Gas Station,Jakarta Pusat,400000000,133000000.0,0.0,27700000.0,27700000.0,105300000.0,0,16321.92,0.0,0
2026-05-10,ATM-015,Gas Station,Jakarta Pusat,400000000,105300000.0,0.0,51500000.0,51500000.0,53800000.0,0,10897.26,0.0,0
2026-05-11,ATM-015,Gas Station,Jakarta Pusat,400000000,53800000.0,346200000.0,41900000.0,41900000.0,358100000.0,0,28212.33,316000.0,0
2026-05-12,ATM-015,Gas Station,Jakarta Pusat,400000000,358100000.0,0.0,32800000.0,32800000.0,325300000.0,0,46808.22,0.0,0
2026-05-13,ATM-015,Gas Station,Jakarta Pusat,400000000,325300000.0,0.0,23500000.0,23500000.0,301800000.0,0,42952.05,0.0,0
2026-05-14,ATM-015,Gas Station,Jakarta Pusat,400000000,301800000.0,0.0,30500000.0,30500000.0,271300000.0,0,39253.42,0.0,0
2026-05-15,ATM-015,Gas Station,Jakarta Pusat,400000000,271300000.0,0.0,21600000.0,21600000.0,249700000.0,0,35684.93,0.0,0
2026-05-16,ATM-015,Gas Station,Jakarta Pusat,400000000,249700000.0,0.0,20200000.0,20200000.0,229500000.0,0,32821.92,0.0,0
2026-05-17,ATM-015,Gas Station,Jakarta Pusat,400000000,229500000.0,0.0,24100000.0,24100000.0,205400000.0,0,29787.67,0.0,0
2026-05-18,ATM-015,Gas Station,Jakarta Pusat,400000000,205400000.0,0.0,36200000.0,36200000.0,169200000.0,0,25657.53,0.0,0
2026-05-19,ATM-015,Gas Station,Jakarta Pusat,400000000,169200000.0,0.0,47700000.0,47700000.0,121500000.0,0,19910.96,0.0,0
2025-11-01,ATM-016,Convenience Store,Jakarta Barat,400000000,245102000.0,0.0,26000000.0,26000000.0,219102000.0,0,31794.79,0.0,0
2025-11-02,ATM-016,Convenience Store,Jakarta Barat,400000000,219102000.0,0.0,29200000.0,29200000.0,189902000.0,0,28013.97,0.0,0
2025-11-03,ATM-016,Convenience Store,Jakarta Barat,400000000,189902000.0,0.0,21200000.0,21200000.0,168702000.0,0,24561.92,0.0,0
2025-11-04,ATM-016,Convenience Store,Jakarta Barat,400000000,168702000.0,0.0,23500000.0,23500000.0,145202000.0,0,21500.27,0.0,0
2025-11-05,ATM-016,Convenience Store,Jakarta Barat,400000000,145202000.0,0.0,47500000.0,47500000.0,97702000.0,0,16637.26,0.0,0
2025-11-06,ATM-016,Convenience Store,Jakarta Barat,400000000,97702000.0,0.0,42000000.0,42000000.0,55702000.0,0,10507.12,0.0,0
2025-11-07,ATM-016,Convenience Store,Jakarta Barat,400000000,55702000.0,344298000.0,41100000.0,41100000.0,358900000.0,0,28397.4,323000.0,0
2025-11-08,ATM-016,Convenience Store,Jakarta Barat,400000000,358900000.0,0.0,25500000.0,25500000.0,333400000.0,0,47417.81,0.0,0
2025-11-09,ATM-016,Convenience Store,Jakarta Barat,400000000,333400000.0,0.0,53400000.0,53400000.0,280000000.0,0,42013.7,0.0,0
2025-11-10,ATM-016,Convenience Store,Jakarta Barat,400000000,280000000.0,0.0,45500000.0,45500000.0,234500000.0,0,35239.73,0.0,0
2025-11-11,ATM-016,Convenience Store,Jakarta Barat,400000000,234500000.0,0.0,24800000.0,24800000.0,209700000.0,0,30424.66,0.0,0
2025-11-12,ATM-016,Convenience Store,Jakarta Barat,400000000,209700000.0,0.0,37500000.0,37500000.0,172200000.0,0,26157.53,0.0,0
2025-11-13,ATM-016,Convenience Store,Jakarta Barat,400000000,172200000.0,0.0,31200000.0,31200000.0,141000000.0,0,21452.05,0.0,0
2025-11-14,ATM-016,Convenience Store,Jakarta Barat,400000000,141000000.0,0.0,30100000.0,30100000.0,110900000.0,0,17253.42,0.0,0
2025-11-15,ATM-016,Convenience Store,Jakarta Barat,400000000,110900000.0,0.0,23200000.0,23200000.0,87700000.0,0,13602.74,0.0,0
2025-11-16,ATM-016,Convenience Store,Jakarta Barat,400000000,87700000.0,0.0,33000000.0,33000000.0,54700000.0,0,9753.42,0.0,0
2025-11-17,ATM-016,Convenience Store,Jakarta Barat,400000000,54700000.0,345300000.0,43000000.0,43000000.0,357000000.0,0,28198.63,323000.0,0
2025-11-18,ATM-016,Convenience Store,Jakarta Barat,400000000,357000000.0,0.0,20300000.0,20300000.0,336700000.0,0,47513.7,0.0,0
2025-11-19,ATM-016,Convenience Store,Jakarta Barat,400000000,336700000.0,0.0,38000000.0,38000000.0,298700000.0,0,43520.55,0.0,0
2025-11-20,ATM-016,Convenience Store,Jakarta Barat,400000000,298700000.0,0.0,32100000.0,32100000.0,266600000.0,0,38719.18,0.0,0
2025-11-21,ATM-016,Convenience Store,Jakarta Barat,400000000,266600000.0,0.0,39300000.0,39300000.0,227300000.0,0,33828.77,0.0,0
2025-11-22,ATM-016,Convenience Store,Jakarta Barat,400000000,227300000.0,0.0,23900000.0,23900000.0,203400000.0,0,29500.0,0.0,0
2025-11-23,ATM-016,Convenience Store,Jakarta Barat,400000000,203400000.0,0.0,27800000.0,27800000.0,175600000.0,0,25958.9,0.0,0
2025-11-24,ATM-016,Convenience Store,Jakarta Barat,400000000,175600000.0,0.0,22700000.0,22700000.0,152900000.0,0,22500.0,0.0,0
2025-11-25,ATM-016,Convenience Store,Jakarta Barat,400000000,152900000.0,0.0,42100000.0,42100000.0,110800000.0,0,18061.64,0.0,0
2025-11-26,ATM-016,Convenience Store,Jakarta Barat,400000000,110800000.0,0.0,19900000.0,19900000.0,90900000.0,0,13815.07,0.0,0
2025-11-27,ATM-016,Convenience Store,Jakarta Barat,400000000,90900000.0,0.0,46400000.0,46400000.0,44500000.0,0,9273.97,0.0,0
2025-11-28,ATM-016,Convenience Store,Jakarta Barat,400000000,44500000.0,355500000.0,30000000.0,30000000.0,370000000.0,0,28390.41,323000.0,0
2025-11-29,ATM-016,Convenience Store,Jakarta Barat,400000000,370000000.0,0.0,25300000.0,25300000.0,344700000.0,0,48952.05,0.0,0
2025-11-30,ATM-016,Convenience Store,Jakarta Barat,400000000,344700000.0,0.0,29700000.0,29700000.0,315000000.0,0,45184.93,0.0,0
2025-12-01,ATM-016,Convenience Store,Jakarta Barat,400000000,315000000.0,0.0,35000000.0,35000000.0,280000000.0,0,40753.42,0.0,0
2025-12-02,ATM-016,Convenience Store,Jakarta Barat,400000000,280000000.0,0.0,34000000.0,34000000.0,246000000.0,0,36027.4,0.0,0
2025-12-03,ATM-016,Convenience Store,Jakarta Barat,400000000,246000000.0,0.0,32800000.0,32800000.0,213200000.0,0,31452.05,0.0,0
2025-12-04,ATM-016,Convenience Store,Jakarta Barat,400000000,213200000.0,0.0,21200000.0,21200000.0,192000000.0,0,27753.42,0.0,0
2025-12-05,ATM-016,Convenience Store,Jakarta Barat,400000000,192000000.0,0.0,44800000.0,44800000.0,147200000.0,0,23232.88,0.0,0
2025-12-06,ATM-016,Convenience Store,Jakarta Barat,400000000,147200000.0,0.0,35200000.0,35200000.0,112000000.0,0,17753.42,0.0,0
2025-12-07,ATM-016,Convenience Store,Jakarta Barat,400000000,112000000.0,0.0,49800000.0,49800000.0,62200000.0,0,11931.51,0.0,0
2025-12-08,ATM-016,Convenience Store,Jakarta Barat,400000000,62200000.0,337800000.0,22600000.0,22600000.0,377400000.0,0,30109.59,323000.0,0
2025-12-09,ATM-016,Convenience Store,Jakarta Barat,400000000,377400000.0,0.0,33200000.0,33200000.0,344200000.0,0,49424.66,0.0,0
2025-12-10,ATM-016,Convenience Store,Jakarta Barat,400000000,344200000.0,0.0,23300000.0,23300000.0,320900000.0,0,45554.79,0.0,0
2025-12-11,ATM-016,Convenience Store,Jakarta Barat,400000000,320900000.0,0.0,31700000.0,31700000.0,289200000.0,0,41787.67,0.0,0
2025-12-12,ATM-016,Convenience Store,Jakarta Barat,400000000,289200000.0,0.0,56900000.0,56900000.0,232300000.0,0,35719.18,0.0,0
2025-12-13,ATM-016,Convenience Store,Jakarta Barat,400000000,232300000.0,0.0,26100000.0,26100000.0,206200000.0,0,30034.25,0.0,0
2025-12-14,ATM-016,Convenience Store,Jakarta Barat,400000000,206200000.0,0.0,31300000.0,31300000.0,174900000.0,0,26102.74,0.0,0
2025-12-15,ATM-016,Convenience Store,Jakarta Barat,400000000,174900000.0,0.0,42200000.0,42200000.0,132700000.0,0,21068.49,0.0,0
2025-12-16,ATM-016,Convenience Store,Jakarta Barat,400000000,132700000.0,0.0,49200000.0,49200000.0,83500000.0,0,14808.22,0.0,0
2025-12-17,ATM-016,Convenience Store,Jakarta Barat,400000000,83500000.0,0.0,30800000.0,30800000.0,52700000.0,0,9328.77,0.0,0
2025-12-18,ATM-016,Convenience Store,Jakarta Barat,400000000,52700000.0,347300000.0,34100000.0,34100000.0,365900000.0,0,28671.23,323000.0,0
2025-12-19,ATM-016,Convenience Store,Jakarta Barat,400000000,365900000.0,0.0,46200000.0,46200000.0,319700000.0,0,46958.9,0.0,0
2025-12-20,ATM-016,Convenience Store,Jakarta Barat,400000000,319700000.0,0.0,31700000.0,31700000.0,288000000.0,0,41623.29,0.0,0
2025-12-21,ATM-016,Convenience Store,Jakarta Barat,400000000,288000000.0,0.0,36600000.0,36600000.0,251400000.0,0,36945.21,0.0,0
2025-12-22,ATM-016,Convenience Store,Jakarta Barat,400000000,251400000.0,0.0,31500000.0,31500000.0,219900000.0,0,32280.82,0.0,0
2025-12-23,ATM-016,Convenience Store,Jakarta Barat,400000000,219900000.0,0.0,36300000.0,36300000.0,183600000.0,0,27636.99,0.0,0
2025-12-24,ATM-016,Convenience Store,Jakarta Barat,400000000,183600000.0,0.0,27500000.0,27500000.0,156100000.0,0,23267.12,0.0,0
2025-12-25,ATM-016,Convenience Store,Jakarta Barat,400000000,156100000.0,0.0,33200000.0,33200000.0,122900000.0,0,19109.59,0.0,0
2025-12-26,ATM-016,Convenience Store,Jakarta Barat,400000000,122900000.0,0.0,18900000.0,18900000.0,104000000.0,0,15541.1,0.0,0
2025-12-27,ATM-016,Convenience Store,Jakarta Barat,400000000,104000000.0,0.0,23600000.0,23600000.0,80400000.0,0,12630.14,0.0,0
2025-12-28,ATM-016,Convenience Store,Jakarta Barat,400000000,80400000.0,0.0,46900000.0,46900000.0,33500000.0,0,7801.37,0.0,0
2025-12-29,ATM-016,Convenience Store,Jakarta Barat,400000000,33500000.0,366500000.0,34800000.0,34800000.0,365200000.0,0,27308.22,323000.0,0
2025-12-30,ATM-016,Convenience Store,Jakarta Barat,400000000,365200000.0,0.0,32400000.0,32400000.0,332800000.0,0,47808.22,0.0,0
2025-12-31,ATM-016,Convenience Store,Jakarta Barat,400000000,332800000.0,0.0,24500000.0,24500000.0,308300000.0,0,43910.96,0.0,0
2026-01-01,ATM-016,Convenience Store,Jakarta Barat,400000000,308300000.0,0.0,48100000.0,48100000.0,260200000.0,0,38938.36,0.0,0
2026-01-02,ATM-016,Convenience Store,Jakarta Barat,400000000,260200000.0,0.0,27700000.0,27700000.0,232500000.0,0,33746.58,0.0,0
2026-01-03,ATM-016,Convenience Store,Jakarta Barat,400000000,232500000.0,0.0,31400000.0,31400000.0,201100000.0,0,29698.63,0.0,0
2026-01-04,ATM-016,Convenience Store,Jakarta Barat,400000000,201100000.0,0.0,34700000.0,34700000.0,166400000.0,0,25171.23,0.0,0
2026-01-05,ATM-016,Convenience Store,Jakarta Barat,400000000,166400000.0,0.0,43000000.0,43000000.0,123400000.0,0,19849.32,0.0,0
2026-01-06,ATM-016,Convenience Store,Jakarta Barat,400000000,123400000.0,0.0,20400000.0,20400000.0,103000000.0,0,15506.85,0.0,0
2026-01-07,ATM-016,Convenience Store,Jakarta Barat,400000000,103000000.0,0.0,45200000.0,45200000.0,57800000.0,0,11013.7,0.0,0
2026-01-08,ATM-016,Convenience Store,Jakarta Barat,400000000,57800000.0,342200000.0,28000000.0,28000000.0,372000000.0,0,29438.36,323000.0,0
2026-01-09,ATM-016,Convenience Store,Jakarta Barat,400000000,372000000.0,0.0,27500000.0,27500000.0,344500000.0,0,49075.34,0.0,0
2026-01-10,ATM-016,Convenience Store,Jakarta Barat,400000000,344500000.0,0.0,42000000.0,42000000.0,302500000.0,0,44315.07,0.0,0
2026-01-11,ATM-016,Convenience Store,Jakarta Barat,400000000,302500000.0,0.0,31500000.0,31500000.0,271000000.0,0,39280.82,0.0,0
2026-01-12,ATM-016,Convenience Store,Jakarta Barat,400000000,271000000.0,0.0,29700000.0,29700000.0,241300000.0,0,35089.04,0.0,0
2026-01-13,ATM-016,Convenience Store,Jakarta Barat,400000000,241300000.0,0.0,41300000.0,41300000.0,200000000.0,0,30226.03,0.0,0
2026-01-14,ATM-016,Convenience Store,Jakarta Barat,400000000,200000000.0,0.0,24900000.0,24900000.0,175100000.0,0,25691.78,0.0,0
2026-01-15,ATM-016,Convenience Store,Jakarta Barat,400000000,175100000.0,0.0,42800000.0,42800000.0,132300000.0,0,21054.79,0.0,0
2026-01-16,ATM-016,Convenience Store,Jakarta Barat,400000000,132300000.0,0.0,36800000.0,36800000.0,95500000.0,0,15602.74,0.0,0
2026-01-17,ATM-016,Convenience Store,Jakarta Barat,400000000,95500000.0,0.0,45800000.0,45800000.0,49700000.0,0,9945.21,0.0,0
2026-01-18,ATM-016,Convenience Store,Jakarta Barat,400000000,49700000.0,350300000.0,31700000.0,31700000.0,368300000.0,0,28630.14,323000.0,0
2026-01-19,ATM-016,Convenience Store,Jakarta Barat,400000000,368300000.0,0.0,51400000.0,51400000.0,316900000.0,0,46931.51,0.0,0
2026-01-20,ATM-016,Convenience Store,Jakarta Barat,400000000,316900000.0,0.0,36400000.0,36400000.0,280500000.0,0,40917.81,0.0,0
2026-01-21,ATM-016,Convenience Store,Jakarta Barat,400000000,280500000.0,0.0,24000000.0,24000000.0,256500000.0,0,36780.82,0.0,0
2026-01-22,ATM-016,Convenience Store,Jakarta Barat,400000000,256500000.0,0.0,24200000.0,24200000.0,232300000.0,0,33479.45,0.0,0
2026-01-23,ATM-016,Convenience Store,Jakarta Barat,400000000,232300000.0,0.0,33400000.0,33400000.0,198900000.0,0,29534.25,0.0,0
2026-01-24,ATM-016,Convenience Store,Jakarta Barat,400000000,198900000.0,0.0,24100000.0,24100000.0,174800000.0,0,25595.89,0.0,0
2026-01-25,ATM-016,Convenience Store,Jakarta Barat,400000000,174800000.0,0.0,25400000.0,25400000.0,149400000.0,0,22205.48,0.0,0
2026-01-26,ATM-016,Convenience Store,Jakarta Barat,400000000,149400000.0,0.0,28600000.0,28600000.0,120800000.0,0,18506.85,0.0,0
2026-01-27,ATM-016,Convenience Store,Jakarta Barat,400000000,120800000.0,0.0,32500000.0,32500000.0,88300000.0,0,14321.92,0.0,0
2026-01-28,ATM-016,Convenience Store,Jakarta Barat,400000000,88300000.0,0.0,29100000.0,29100000.0,59200000.0,0,10102.74,0.0,0
2026-01-29,ATM-016,Convenience Store,Jakarta Barat,400000000,59200000.0,340800000.0,44000000.0,44000000.0,356000000.0,0,28438.36,323000.0,0
2026-01-30,ATM-016,Convenience Store,Jakarta Barat,400000000,356000000.0,0.0,20300000.0,20300000.0,335700000.0,0,47376.71,0.0,0
2026-01-31,ATM-016,Convenience Store,Jakarta Barat,400000000,335700000.0,0.0,24300000.0,24300000.0,311400000.0,0,44321.92,0.0,0
2026-02-01,ATM-016,Convenience Store,Jakarta Barat,400000000,311400000.0,0.0,29300000.0,29300000.0,282100000.0,0,40650.68,0.0,0
2026-02-02,ATM-016,Convenience Store,Jakarta Barat,400000000,282100000.0,0.0,47200000.0,47200000.0,234900000.0,0,35410.96,0.0,0
2026-02-03,ATM-016,Convenience Store,Jakarta Barat,400000000,234900000.0,0.0,42700000.0,42700000.0,192200000.0,0,29253.42,0.0,0
2026-02-04,ATM-016,Convenience Store,Jakarta Barat,400000000,192200000.0,0.0,42300000.0,42300000.0,149900000.0,0,23431.51,0.0,0
2026-02-05,ATM-016,Convenience Store,Jakarta Barat,400000000,149900000.0,0.0,47100000.0,47100000.0,102800000.0,0,17308.22,0.0,0
2026-02-06,ATM-016,Convenience Store,Jakarta Barat,400000000,102800000.0,0.0,32600000.0,32600000.0,70200000.0,0,11849.32,0.0,0
2026-02-07,ATM-016,Convenience Store,Jakarta Barat,400000000,70200000.0,329800000.0,37200000.0,37200000.0,362800000.0,0,29657.53,323000.0,0
2026-02-08,ATM-016,Convenience Store,Jakarta Barat,400000000,362800000.0,0.0,37600000.0,37600000.0,325200000.0,0,47123.29,0.0,0
2026-02-09,ATM-016,Convenience Store,Jakarta Barat,400000000,325200000.0,0.0,38800000.0,38800000.0,286400000.0,0,41890.41,0.0,0
2026-02-10,ATM-016,Convenience Store,Jakarta Barat,400000000,286400000.0,0.0,31600000.0,31600000.0,254800000.0,0,37068.49,0.0,0
2026-02-11,ATM-016,Convenience Store,Jakarta Barat,400000000,254800000.0,0.0,30100000.0,30100000.0,224700000.0,0,32842.47,0.0,0
2026-02-12,ATM-016,Convenience Store,Jakarta Barat,400000000,224700000.0,0.0,39800000.0,39800000.0,184900000.0,0,28054.79,0.0,0
2026-02-13,ATM-016,Convenience Store,Jakarta Barat,400000000,184900000.0,0.0,49600000.0,49600000.0,135300000.0,0,21931.51,0.0,0
2026-02-14,ATM-016,Convenience Store,Jakarta Barat,400000000,135300000.0,0.0,33000000.0,33000000.0,102300000.0,0,16273.97,0.0,0
2026-02-15,ATM-016,Convenience Store,Jakarta Barat,400000000,102300000.0,0.0,25700000.0,25700000.0,76600000.0,0,12253.42,0.0,0
2026-02-16,ATM-016,Convenience Store,Jakarta Barat,400000000,76600000.0,323400000.0,28500000.0,28500000.0,371500000.0,0,30691.78,323000.0,0
2026-02-17,ATM-016,Convenience Store,Jakarta Barat,400000000,371500000.0,0.0,35400000.0,35400000.0,336100000.0,0,48465.75,0.0,0
2026-02-18,ATM-016,Convenience Store,Jakarta Barat,400000000,336100000.0,0.0,38000000.0,38000000.0,298100000.0,0,43438.36,0.0,0
2026-02-19,ATM-016,Convenience Store,Jakarta Barat,400000000,298100000.0,0.0,24900000.0,24900000.0,273200000.0,0,39130.14,0.0,0
2026-02-20,ATM-016,Convenience Store,Jakarta Barat,400000000,273200000.0,0.0,43600000.0,43600000.0,229600000.0,0,34438.36,0.0,0
2026-02-21,ATM-016,Convenience Store,Jakarta Barat,400000000,229600000.0,0.0,29400000.0,29400000.0,200200000.0,0,29438.36,0.0,0
2026-02-22,ATM-016,Convenience Store,Jakarta Barat,400000000,200200000.0,0.0,36400000.0,36400000.0,163800000.0,0,24931.51,0.0,0
2026-02-23,ATM-016,Convenience Store,Jakarta Barat,400000000,163800000.0,0.0,42900000.0,42900000.0,120900000.0,0,19500.0,0.0,0
2026-02-24,ATM-016,Convenience Store,Jakarta Barat,400000000,120900000.0,0.0,31900000.0,31900000.0,89000000.0,0,14376.71,0.0,0
2026-02-25,ATM-016,Convenience Store,Jakarta Barat,400000000,89000000.0,0.0,33700000.0,33700000.0,55300000.0,0,9883.56,0.0,0
2026-02-26,ATM-016,Convenience Store,Jakarta Barat,400000000,55300000.0,344700000.0,37100000.0,37100000.0,362900000.0,0,28643.84,323000.0,0
2026-02-27,ATM-016,Convenience Store,Jakarta Barat,400000000,362900000.0,0.0,20500000.0,20500000.0,342400000.0,0,48308.22,0.0,0
2026-02-28,ATM-016,Convenience Store,Jakarta Barat,400000000,342400000.0,0.0,47100000.0,47100000.0,295300000.0,0,43678.08,0.0,0
2026-03-01,ATM-016,Convenience Store,Jakarta Barat,400000000,295300000.0,0.0,33000000.0,33000000.0,262300000.0,0,38191.78,0.0,0
2026-03-02,ATM-016,Convenience Store,Jakarta Barat,400000000,262300000.0,0.0,53600000.0,53600000.0,208700000.0,0,32260.27,0.0,0
2026-03-03,ATM-016,Convenience Store,Jakarta Barat,400000000,208700000.0,0.0,40000000.0,40000000.0,168700000.0,0,25849.32,0.0,0
2026-03-04,ATM-016,Convenience Store,Jakarta Barat,400000000,168700000.0,0.0,37600000.0,37600000.0,131100000.0,0,20534.25,0.0,0
2026-03-05,ATM-016,Convenience Store,Jakarta Barat,400000000,131100000.0,0.0,41900000.0,41900000.0,89200000.0,0,15089.04,0.0,0
2026-03-06,ATM-016,Convenience Store,Jakarta Barat,400000000,89200000.0,0.0,38900000.0,38900000.0,50300000.0,0,9554.79,0.0,0
2026-03-07,ATM-016,Convenience Store,Jakarta Barat,400000000,50300000.0,349700000.0,33700000.0,33700000.0,366300000.0,0,28534.25,323000.0,0
2026-03-08,ATM-016,Convenience Store,Jakarta Barat,400000000,366300000.0,0.0,21000000.0,21000000.0,345300000.0,0,48739.73,0.0,0
2026-03-09,ATM-016,Convenience Store,Jakarta Barat,400000000,345300000.0,0.0,37300000.0,37300000.0,308000000.0,0,44746.58,0.0,0
2026-03-10,ATM-016,Convenience Store,Jakarta Barat,400000000,308000000.0,0.0,30700000.0,30700000.0,277300000.0,0,40089.04,0.0,0
2026-03-11,ATM-016,Convenience Store,Jakarta Barat,400000000,277300000.0,0.0,37100000.0,37100000.0,240200000.0,0,35445.21,0.0,0
2026-03-12,ATM-016,Convenience Store,Jakarta Barat,400000000,240200000.0,0.0,25200000.0,25200000.0,215000000.0,0,31178.08,0.0,0
2026-03-13,ATM-016,Convenience Store,Jakarta Barat,400000000,215000000.0,0.0,47300000.0,47300000.0,167700000.0,0,26212.33,0.0,0
2026-03-14,ATM-016,Convenience Store,Jakarta Barat,400000000,167700000.0,0.0,28800000.0,28800000.0,138900000.0,0,21000.0,0.0,0
2026-03-15,ATM-016,Convenience Store,Jakarta Barat,400000000,138900000.0,0.0,27200000.0,27200000.0,111700000.0,0,17164.38,0.0,0
2026-03-16,ATM-016,Convenience Store,Jakarta Barat,400000000,111700000.0,0.0,23100000.0,23100000.0,88600000.0,0,13719.18,0.0,0
2026-03-17,ATM-016,Convenience Store,Jakarta Barat,400000000,88600000.0,0.0,44200000.0,44200000.0,44400000.0,0,9109.59,0.0,0
2026-03-18,ATM-016,Convenience Store,Jakarta Barat,400000000,44400000.0,355600000.0,35900000.0,35900000.0,364100000.0,0,27979.45,323000.0,0
2026-03-19,ATM-016,Convenience Store,Jakarta Barat,400000000,364100000.0,0.0,32100000.0,32100000.0,332000000.0,0,47678.08,0.0,0
2026-03-20,ATM-016,Convenience Store,Jakarta Barat,400000000,332000000.0,0.0,21200000.0,21200000.0,310800000.0,0,44027.4,0.0,0
2026-03-21,ATM-016,Convenience Store,Jakarta Barat,400000000,310800000.0,0.0,31100000.0,31100000.0,279700000.0,0,40445.21,0.0,0
2026-03-22,ATM-016,Convenience Store,Jakarta Barat,400000000,279700000.0,0.0,34600000.0,34600000.0,245100000.0,0,35945.21,0.0,0
2026-03-23,ATM-016,Convenience Store,Jakarta Barat,400000000,245100000.0,0.0,54000000.0,54000000.0,191100000.0,0,29876.71,0.0,0
2026-03-24,ATM-016,Convenience Store,Jakarta Barat,400000000,191100000.0,0.0,27900000.0,27900000.0,163200000.0,0,24267.12,0.0,0
2026-03-25,ATM-016,Convenience Store,Jakarta Barat,400000000,163200000.0,0.0,38200000.0,38200000.0,125000000.0,0,19739.73,0.0,0
2026-03-26,ATM-016,Convenience Store,Jakarta Barat,400000000,125000000.0,0.0,43600000.0,43600000.0,81400000.0,0,14136.99,0.0,0
2026-03-27,ATM-016,Convenience Store,Jakarta Barat,400000000,81400000.0,0.0,45300000.0,45300000.0,36100000.0,0,8047.95,0.0,0
2026-03-28,ATM-016,Convenience Store,Jakarta Barat,400000000,36100000.0,363900000.0,32800000.0,32800000.0,367200000.0,0,27623.29,323000.0,0
2026-03-29,ATM-016,Convenience Store,Jakarta Barat,400000000,367200000.0,0.0,26700000.0,26700000.0,340500000.0,0,48472.6,0.0,0
2026-03-30,ATM-016,Convenience Store,Jakarta Barat,400000000,340500000.0,0.0,35700000.0,35700000.0,304800000.0,0,44198.63,0.0,0
2026-03-31,ATM-016,Convenience Store,Jakarta Barat,400000000,304800000.0,0.0,25500000.0,25500000.0,279300000.0,0,40006.85,0.0,0
2026-04-01,ATM-016,Convenience Store,Jakarta Barat,400000000,279300000.0,0.0,48400000.0,48400000.0,230900000.0,0,34945.21,0.0,0
2026-04-02,ATM-016,Convenience Store,Jakarta Barat,400000000,230900000.0,0.0,52900000.0,52900000.0,178000000.0,0,28006.85,0.0,0
2026-04-03,ATM-016,Convenience Store,Jakarta Barat,400000000,178000000.0,0.0,43200000.0,43200000.0,134800000.0,0,21424.66,0.0,0
2026-04-04,ATM-016,Convenience Store,Jakarta Barat,400000000,134800000.0,0.0,41700000.0,41700000.0,93100000.0,0,15609.59,0.0,0
2026-04-05,ATM-016,Convenience Store,Jakarta Barat,400000000,93100000.0,0.0,26600000.0,26600000.0,66500000.0,0,10931.51,0.0,0
2026-04-06,ATM-016,Convenience Store,Jakarta Barat,400000000,66500000.0,333500000.0,30900000.0,30900000.0,369100000.0,0,29835.62,323000.0,0
2026-04-07,ATM-016,Convenience Store,Jakarta Barat,400000000,369100000.0,0.0,34800000.0,34800000.0,334300000.0,0,48178.08,0.0,0
2026-04-08,ATM-016,Convenience Store,Jakarta Barat,400000000,334300000.0,0.0,26200000.0,26200000.0,308100000.0,0,44000.0,0.0,0
2026-04-09,ATM-016,Convenience Store,Jakarta Barat,400000000,308100000.0,0.0,21200000.0,21200000.0,286900000.0,0,40753.42,0.0,0
2026-04-10,ATM-016,Convenience Store,Jakarta Barat,400000000,286900000.0,0.0,47900000.0,47900000.0,239000000.0,0,36020.55,0.0,0
2026-04-11,ATM-016,Convenience Store,Jakarta Barat,400000000,239000000.0,0.0,28600000.0,28600000.0,210400000.0,0,30780.82,0.0,0
2026-04-12,ATM-016,Convenience Store,Jakarta Barat,400000000,210400000.0,0.0,33000000.0,33000000.0,177400000.0,0,26561.64,0.0,0
2026-04-13,ATM-016,Convenience Store,Jakarta Barat,400000000,177400000.0,0.0,44900000.0,44900000.0,132500000.0,0,21226.03,0.0,0
2026-04-14,ATM-016,Convenience Store,Jakarta Barat,400000000,132500000.0,0.0,35100000.0,35100000.0,97400000.0,0,15746.58,0.0,0
2026-04-15,ATM-016,Convenience Store,Jakarta Barat,400000000,97400000.0,0.0,56300000.0,56300000.0,41100000.0,0,9486.3,0.0,0
2026-04-16,ATM-016,Convenience Store,Jakarta Barat,400000000,41100000.0,358900000.0,45500000.0,45500000.0,354500000.0,0,27095.89,323000.0,0
2026-04-17,ATM-016,Convenience Store,Jakarta Barat,400000000,354500000.0,0.0,46800000.0,46800000.0,307700000.0,0,45356.16,0.0,0
2026-04-18,ATM-016,Convenience Store,Jakarta Barat,400000000,307700000.0,0.0,24500000.0,24500000.0,283200000.0,0,40472.6,0.0,0
2026-04-19,ATM-016,Convenience Store,Jakarta Barat,400000000,283200000.0,0.0,43400000.0,43400000.0,239800000.0,0,35821.92,0.0,0
2026-04-20,ATM-016,Convenience Store,Jakarta Barat,400000000,239800000.0,0.0,46900000.0,46900000.0,192900000.0,0,29636.99,0.0,0
2026-04-21,ATM-016,Convenience Store,Jakarta Barat,400000000,192900000.0,0.0,45400000.0,45400000.0,147500000.0,0,23315.07,0.0,0
2026-04-22,ATM-016,Convenience Store,Jakarta Barat,400000000,147500000.0,0.0,27800000.0,27800000.0,119700000.0,0,18301.37,0.0,0
2026-04-23,ATM-016,Convenience Store,Jakarta Barat,400000000,119700000.0,0.0,34600000.0,34600000.0,85100000.0,0,14027.4,0.0,0
2026-04-24,ATM-016,Convenience Store,Jakarta Barat,400000000,85100000.0,0.0,34700000.0,34700000.0,50400000.0,0,9280.82,0.0,0
2026-04-25,ATM-016,Convenience Store,Jakarta Barat,400000000,50400000.0,349600000.0,27100000.0,27100000.0,372900000.0,0,28993.15,323000.0,0
2026-04-26,ATM-016,Convenience Store,Jakarta Barat,400000000,372900000.0,0.0,43700000.0,43700000.0,329200000.0,0,48089.04,0.0,0
2026-04-27,ATM-016,Convenience Store,Jakarta Barat,400000000,329200000.0,0.0,45300000.0,45300000.0,283900000.0,0,41993.15,0.0,0
2026-04-28,ATM-016,Convenience Store,Jakarta Barat,400000000,283900000.0,0.0,44500000.0,44500000.0,239400000.0,0,35842.47,0.0,0
2026-04-29,ATM-016,Convenience Store,Jakarta Barat,400000000,239400000.0,0.0,25600000.0,25600000.0,213800000.0,0,31041.1,0.0,0
2026-04-30,ATM-016,Convenience Store,Jakarta Barat,400000000,213800000.0,0.0,23900000.0,23900000.0,189900000.0,0,27650.68,0.0,0
2026-05-01,ATM-016,Convenience Store,Jakarta Barat,400000000,189900000.0,0.0,54500000.0,54500000.0,135400000.0,0,22280.82,0.0,0
2026-05-02,ATM-016,Convenience Store,Jakarta Barat,400000000,135400000.0,0.0,44900000.0,44900000.0,90500000.0,0,15472.6,0.0,0
2026-05-03,ATM-016,Convenience Store,Jakarta Barat,400000000,90500000.0,0.0,41400000.0,41400000.0,49100000.0,0,9561.64,0.0,0
2026-05-04,ATM-016,Convenience Store,Jakarta Barat,400000000,49100000.0,350900000.0,24100000.0,24100000.0,375900000.0,0,29109.59,323000.0,0
2026-05-05,ATM-016,Convenience Store,Jakarta Barat,400000000,375900000.0,0.0,52600000.0,52600000.0,323300000.0,0,47890.41,0.0,0
2026-05-06,ATM-016,Convenience Store,Jakarta Barat,400000000,323300000.0,0.0,32900000.0,32900000.0,290400000.0,0,42034.25,0.0,0
2026-05-07,ATM-016,Convenience Store,Jakarta Barat,400000000,290400000.0,0.0,49200000.0,49200000.0,241200000.0,0,36410.96,0.0,0
2026-05-08,ATM-016,Convenience Store,Jakarta Barat,400000000,241200000.0,0.0,52200000.0,52200000.0,189000000.0,0,29465.75,0.0,0
2026-05-09,ATM-016,Convenience Store,Jakarta Barat,400000000,189000000.0,0.0,48300000.0,48300000.0,140700000.0,0,22582.19,0.0,0
2026-05-10,ATM-016,Convenience Store,Jakarta Barat,400000000,140700000.0,0.0,33100000.0,33100000.0,107600000.0,0,17006.85,0.0,0
2026-05-11,ATM-016,Convenience Store,Jakarta Barat,400000000,107600000.0,0.0,42800000.0,42800000.0,64800000.0,0,11808.22,0.0,0
2026-05-12,ATM-016,Convenience Store,Jakarta Barat,400000000,64800000.0,335200000.0,41300000.0,41300000.0,358700000.0,0,29006.85,323000.0,0
2026-05-13,ATM-016,Convenience Store,Jakarta Barat,400000000,358700000.0,0.0,17100000.0,17100000.0,341600000.0,0,47965.75,0.0,0
2026-05-14,ATM-016,Convenience Store,Jakarta Barat,400000000,341600000.0,0.0,41300000.0,41300000.0,300300000.0,0,43965.75,0.0,0
2026-05-15,ATM-016,Convenience Store,Jakarta Barat,400000000,300300000.0,0.0,37400000.0,37400000.0,262900000.0,0,38575.34,0.0,0
2026-05-16,ATM-016,Convenience Store,Jakarta Barat,400000000,262900000.0,0.0,33700000.0,33700000.0,229200000.0,0,33705.48,0.0,0
2026-05-17,ATM-016,Convenience Store,Jakarta Barat,400000000,229200000.0,0.0,24500000.0,24500000.0,204700000.0,0,29719.18,0.0,0
2026-05-18,ATM-016,Convenience Store,Jakarta Barat,400000000,204700000.0,0.0,24900000.0,24900000.0,179800000.0,0,26335.62,0.0,0
2026-05-19,ATM-016,Convenience Store,Jakarta Barat,400000000,179800000.0,0.0,55600000.0,55600000.0,124200000.0,0,20821.92,0.0,0
2025-11-01,ATM-017,Shopping Mall,Jakarta Pusat,800000000,663159000.0,0.0,119100000.0,119100000.0,544059000.0,0,82686.16,0.0,0
2025-11-02,ATM-017,Shopping Mall,Jakarta Pusat,800000000,544059000.0,0.0,99800000.0,99800000.0,444259000.0,0,67693.01,0.0,0
2025-11-03,ATM-017,Shopping Mall,Jakarta Pusat,800000000,444259000.0,0.0,48500000.0,48500000.0,395759000.0,0,57535.48,0.0,0
2025-11-04,ATM-017,Shopping Mall,Jakarta Pusat,800000000,395759000.0,0.0,40700000.0,40700000.0,355059000.0,0,51425.89,0.0,0
2025-11-05,ATM-017,Shopping Mall,Jakarta Pusat,800000000,355059000.0,0.0,61400000.0,61400000.0,293659000.0,0,44432.74,0.0,0
2025-11-06,ATM-017,Shopping Mall,Jakarta Pusat,800000000,293659000.0,0.0,34700000.0,34700000.0,258959000.0,0,37850.55,0.0,0
2025-11-07,ATM-017,Shopping Mall,Jakarta Pusat,800000000,258959000.0,0.0,40800000.0,40800000.0,218159000.0,0,32679.32,0.0,0
2025-11-08,ATM-017,Shopping Mall,Jakarta Pusat,800000000,218159000.0,0.0,134600000.0,134600000.0,83559000.0,0,20665.62,0.0,0
2025-11-09,ATM-017,Shopping Mall,Jakarta Pusat,800000000,83559000.0,716441000.0,86600000.0,86600000.0,713400000.0,0,54586.23,348000.0,0
2025-11-10,ATM-017,Shopping Mall,Jakarta Pusat,800000000,713400000.0,0.0,61100000.0,61100000.0,652300000.0,0,93541.1,0.0,0
2025-11-11,ATM-017,Shopping Mall,Jakarta Pusat,800000000,652300000.0,0.0,56700000.0,56700000.0,595600000.0,0,85472.6,0.0,0
2025-11-12,ATM-017,Shopping Mall,Jakarta Pusat,800000000,595600000.0,0.0,52100000.0,52100000.0,543500000.0,0,78020.55,0.0,0
2025-11-13,ATM-017,Shopping Mall,Jakarta Pusat,800000000,543500000.0,0.0,44300000.0,44300000.0,499200000.0,0,71417.81,0.0,0
2025-11-14,ATM-017,Shopping Mall,Jakarta Pusat,800000000,499200000.0,0.0,40800000.0,40800000.0,458400000.0,0,65589.04,0.0,0
2025-11-15,ATM-017,Shopping Mall,Jakarta Pusat,800000000,458400000.0,0.0,63200000.0,63200000.0,395200000.0,0,58465.75,0.0,0
2025-11-16,ATM-017,Shopping Mall,Jakarta Pusat,800000000,395200000.0,0.0,96800000.0,96800000.0,298400000.0,0,47506.85,0.0,0
2025-11-17,ATM-017,Shopping Mall,Jakarta Pusat,800000000,298400000.0,0.0,36500000.0,36500000.0,261900000.0,0,38376.71,0.0,0
2025-11-18,ATM-017,Shopping Mall,Jakarta Pusat,800000000,261900000.0,0.0,50300000.0,50300000.0,211600000.0,0,32431.51,0.0,0
2025-11-19,ATM-017,Shopping Mall,Jakarta Pusat,800000000,211600000.0,0.0,46600000.0,46600000.0,165000000.0,0,25794.52,0.0,0
2025-11-20,ATM-017,Shopping Mall,Jakarta Pusat,800000000,165000000.0,0.0,36400000.0,36400000.0,128600000.0,0,20109.59,0.0,0
2025-11-21,ATM-017,Shopping Mall,Jakarta Pusat,800000000,128600000.0,671400000.0,40900000.0,40900000.0,759100000.0,0,60801.37,348000.0,0
2025-11-22,ATM-017,Shopping Mall,Jakarta Pusat,800000000,759100000.0,0.0,97900000.0,97900000.0,661200000.0,0,97280.82,0.0,0
2025-11-23,ATM-017,Shopping Mall,Jakarta Pusat,800000000,661200000.0,0.0,76400000.0,76400000.0,584800000.0,0,85342.47,0.0,0
2025-11-24,ATM-017,Shopping Mall,Jakarta Pusat,800000000,584800000.0,0.0,57900000.0,57900000.0,526900000.0,0,76143.84,0.0,0
2025-11-25,ATM-017,Shopping Mall,Jakarta Pusat,800000000,526900000.0,0.0,54700000.0,54700000.0,472200000.0,0,68431.51,0.0,0
2025-11-26,ATM-017,Shopping Mall,Jakarta Pusat,800000000,472200000.0,0.0,48700000.0,48700000.0,423500000.0,0,61349.32,0.0,0
2025-11-27,ATM-017,Shopping Mall,Jakarta Pusat,800000000,423500000.0,0.0,36300000.0,36300000.0,387200000.0,0,55527.4,0.0,0
2025-11-28,ATM-017,Shopping Mall,Jakarta Pusat,800000000,387200000.0,0.0,35000000.0,35000000.0,352200000.0,0,50643.84,0.0,0
2025-11-29,ATM-017,Shopping Mall,Jakarta Pusat,800000000,352200000.0,0.0,112900000.0,112900000.0,239300000.0,0,40513.7,0.0,0
2025-11-30,ATM-017,Shopping Mall,Jakarta Pusat,800000000,239300000.0,0.0,88200000.0,88200000.0,151100000.0,0,26739.73,0.0,0
2025-12-01,ATM-017,Shopping Mall,Jakarta Pusat,800000000,151100000.0,648900000.0,35200000.0,35200000.0,764800000.0,0,62732.88,348000.0,0
2025-12-02,ATM-017,Shopping Mall,Jakarta Pusat,800000000,764800000.0,0.0,31600000.0,31600000.0,733200000.0,0,102602.74,0.0,0
2025-12-03,ATM-017,Shopping Mall,Jakarta Pusat,800000000,733200000.0,0.0,54600000.0,54600000.0,678600000.0,0,96698.63,0.0,0
2025-12-04,ATM-017,Shopping Mall,Jakarta Pusat,800000000,678600000.0,0.0,55700000.0,55700000.0,622900000.0,0,89143.84,0.0,0
2025-12-05,ATM-017,Shopping Mall,Jakarta Pusat,800000000,622900000.0,0.0,47000000.0,47000000.0,575900000.0,0,82109.59,0.0,0
2025-12-06,ATM-017,Shopping Mall,Jakarta Pusat,800000000,575900000.0,0.0,54100000.0,54100000.0,521800000.0,0,75184.93,0.0,0
2025-12-07,ATM-017,Shopping Mall,Jakarta Pusat,800000000,521800000.0,0.0,71500000.0,71500000.0,450300000.0,0,66582.19,0.0,0
2025-12-08,ATM-017,Shopping Mall,Jakarta Pusat,800000000,450300000.0,0.0,68600000.0,68600000.0,381700000.0,0,56986.3,0.0,0
2025-12-09,ATM-017,Shopping Mall,Jakarta Pusat,800000000,381700000.0,0.0,69100000.0,69100000.0,312600000.0,0,47554.79,0.0,0
2025-12-10,ATM-017,Shopping Mall,Jakarta Pusat,800000000,312600000.0,0.0,52700000.0,52700000.0,259900000.0,0,39212.33,0.0,0
2025-12-11,ATM-017,Shopping Mall,Jakarta Pusat,800000000,259900000.0,0.0,28300000.0,28300000.0,231600000.0,0,33664.38,0.0,0
2025-12-12,ATM-017,Shopping Mall,Jakarta Pusat,800000000,231600000.0,0.0,44800000.0,44800000.0,186800000.0,0,28657.53,0.0,0
2025-12-13,ATM-017,Shopping Mall,Jakarta Pusat,800000000,186800000.0,0.0,79400000.0,79400000.0,107400000.0,0,20150.68,0.0,0
2025-12-14,ATM-017,Shopping Mall,Jakarta Pusat,800000000,107400000.0,692600000.0,120900000.0,120900000.0,679100000.0,0,53869.86,348000.0,0
2025-12-15,ATM-017,Shopping Mall,Jakarta Pusat,800000000,679100000.0,0.0,42900000.0,42900000.0,636200000.0,0,90089.04,0.0,0
2025-12-16,ATM-017,Shopping Mall,Jakarta Pusat,800000000,636200000.0,0.0,52900000.0,52900000.0,583300000.0,0,83527.4,0.0,0
2025-12-17,ATM-017,Shopping Mall,Jakarta Pusat,800000000,583300000.0,0.0,48000000.0,48000000.0,535300000.0,0,76616.44,0.0,0
2025-12-18,ATM-017,Shopping Mall,Jakarta Pusat,800000000,535300000.0,0.0,40000000.0,40000000.0,495300000.0,0,70589.04,0.0,0
2025-12-19,ATM-017,Shopping Mall,Jakarta Pusat,800000000,495300000.0,0.0,29000000.0,29000000.0,466300000.0,0,65863.01,0.0,0
2025-12-20,ATM-017,Shopping Mall,Jakarta Pusat,800000000,466300000.0,0.0,53300000.0,53300000.0,413000000.0,0,60226.03,0.0,0
2025-12-21,ATM-017,Shopping Mall,Jakarta Pusat,800000000,413000000.0,0.0,127300000.0,127300000.0,285700000.0,0,47856.16,0.0,0
2025-12-22,ATM-017,Shopping Mall,Jakarta Pusat,800000000,285700000.0,0.0,61400000.0,61400000.0,224300000.0,0,34931.51,0.0,0
2025-12-23,ATM-017,Shopping Mall,Jakarta Pusat,800000000,224300000.0,0.0,44300000.0,44300000.0,180000000.0,0,27691.78,0.0,0
2025-12-24,ATM-017,Shopping Mall,Jakarta Pusat,800000000,180000000.0,0.0,53500000.0,53500000.0,126500000.0,0,20993.15,0.0,0
2025-12-25,ATM-017,Shopping Mall,Jakarta Pusat,800000000,126500000.0,673500000.0,35100000.0,35100000.0,764900000.0,0,61054.79,348000.0,0
2025-12-26,ATM-017,Shopping Mall,Jakarta Pusat,800000000,764900000.0,0.0,52600000.0,52600000.0,712300000.0,0,101178.08,0.0,0
2025-12-27,ATM-017,Shopping Mall,Jakarta Pusat,800000000,712300000.0,0.0,132300000.0,132300000.0,580000000.0,0,88513.7,0.0,0
2025-12-28,ATM-017,Shopping Mall,Jakarta Pusat,800000000,580000000.0,0.0,78800000.0,78800000.0,501200000.0,0,74054.79,0.0,0
2025-12-29,ATM-017,Shopping Mall,Jakarta Pusat,800000000,501200000.0,0.0,55700000.0,55700000.0,445500000.0,0,64842.47,0.0,0
2025-12-30,ATM-017,Shopping Mall,Jakarta Pusat,800000000,445500000.0,0.0,27200000.0,27200000.0,418300000.0,0,59164.38,0.0,0
2025-12-31,ATM-017,Shopping Mall,Jakarta Pusat,800000000,418300000.0,0.0,30000000.0,30000000.0,388300000.0,0,55246.58,0.0,0
2026-01-01,ATM-017,Shopping Mall,Jakarta Pusat,800000000,388300000.0,0.0,40900000.0,40900000.0,347400000.0,0,50390.41,0.0,0
2026-01-02,ATM-017,Shopping Mall,Jakarta Pusat,800000000,347400000.0,0.0,51600000.0,51600000.0,295800000.0,0,44054.79,0.0,0
2026-01-03,ATM-017,Shopping Mall,Jakarta Pusat,800000000,295800000.0,0.0,94400000.0,94400000.0,201400000.0,0,34054.79,0.0,0
2026-01-04,ATM-017,Shopping Mall,Jakarta Pusat,800000000,201400000.0,0.0,88200000.0,88200000.0,113200000.0,0,21547.95,0.0,0
2026-01-05,ATM-017,Shopping Mall,Jakarta Pusat,800000000,113200000.0,686800000.0,44400000.0,44400000.0,755600000.0,0,59506.85,348000.0,0
2026-01-06,ATM-017,Shopping Mall,Jakarta Pusat,800000000,755600000.0,0.0,63500000.0,63500000.0,692100000.0,0,99157.53,0.0,0
2026-01-07,ATM-017,Shopping Mall,Jakarta Pusat,800000000,692100000.0,0.0,28200000.0,28200000.0,663900000.0,0,92876.71,0.0,0
2026-01-08,ATM-017,Shopping Mall,Jakarta Pusat,800000000,663900000.0,0.0,48900000.0,48900000.0,615000000.0,0,87595.89,0.0,0
2026-01-09,ATM-017,Shopping Mall,Jakarta Pusat,800000000,615000000.0,0.0,35200000.0,35200000.0,579800000.0,0,81835.62,0.0,0
2026-01-10,ATM-017,Shopping Mall,Jakarta Pusat,800000000,579800000.0,0.0,88300000.0,88300000.0,491500000.0,0,73376.71,0.0,0
2026-01-11,ATM-017,Shopping Mall,Jakarta Pusat,800000000,491500000.0,0.0,98300000.0,98300000.0,393200000.0,0,60595.89,0.0,0
2026-01-12,ATM-017,Shopping Mall,Jakarta Pusat,800000000,393200000.0,0.0,59800000.0,59800000.0,333400000.0,0,49767.12,0.0,0
2026-01-13,ATM-017,Shopping Mall,Jakarta Pusat,800000000,333400000.0,0.0,45500000.0,45500000.0,287900000.0,0,42554.79,0.0,0
2026-01-14,ATM-017,Shopping Mall,Jakarta Pusat,800000000,287900000.0,0.0,35800000.0,35800000.0,252100000.0,0,36986.3,0.0,0
2026-01-15,ATM-017,Shopping Mall,Jakarta Pusat,800000000,252100000.0,0.0,58100000.0,58100000.0,194000000.0,0,30554.79,0.0,0
2026-01-16,ATM-017,Shopping Mall,Jakarta Pusat,800000000,194000000.0,0.0,33000000.0,33000000.0,161000000.0,0,24315.07,0.0,0
2026-01-17,ATM-017,Shopping Mall,Jakarta Pusat,800000000,161000000.0,0.0,96600000.0,96600000.0,64400000.0,0,15438.36,0.0,0
2026-01-18,ATM-017,Shopping Mall,Jakarta Pusat,800000000,64400000.0,735600000.0,112600000.0,112600000.0,687400000.0,0,51493.15,348000.0,0
2026-01-19,ATM-017,Shopping Mall,Jakarta Pusat,800000000,687400000.0,0.0,47500000.0,47500000.0,639900000.0,0,90910.96,0.0,0
2026-01-20,ATM-017,Shopping Mall,Jakarta Pusat,800000000,639900000.0,0.0,36700000.0,36700000.0,603200000.0,0,85143.84,0.0,0
2026-01-21,ATM-017,Shopping Mall,Jakarta Pusat,800000000,603200000.0,0.0,48900000.0,48900000.0,554300000.0,0,79280.82,0.0,0
2026-01-22,ATM-017,Shopping Mall,Jakarta Pusat,800000000,554300000.0,0.0,60900000.0,60900000.0,493400000.0,0,71760.27,0.0,0
2026-01-23,ATM-017,Shopping Mall,Jakarta Pusat,800000000,493400000.0,0.0,35800000.0,35800000.0,457600000.0,0,65136.99,0.0,0
2026-01-24,ATM-017,Shopping Mall,Jakarta Pusat,800000000,457600000.0,0.0,117300000.0,117300000.0,340300000.0,0,54650.68,0.0,0
2026-01-25,ATM-017,Shopping Mall,Jakarta Pusat,800000000,340300000.0,0.0,86900000.0,86900000.0,253400000.0,0,40664.38,0.0,0
2026-01-26,ATM-017,Shopping Mall,Jakarta Pusat,800000000,253400000.0,0.0,61500000.0,61500000.0,191900000.0,0,30500.0,0.0,0
2026-01-27,ATM-017,Shopping Mall,Jakarta Pusat,800000000,191900000.0,0.0,41600000.0,41600000.0,150300000.0,0,23438.36,0.0,0
2026-01-28,ATM-017,Shopping Mall,Jakarta Pusat,800000000,150300000.0,649700000.0,33300000.0,33300000.0,766700000.0,0,62808.22,348000.0,0
2026-01-29,ATM-017,Shopping Mall,Jakarta Pusat,800000000,766700000.0,0.0,32600000.0,32600000.0,734100000.0,0,102794.52,0.0,0
2026-01-30,ATM-017,Shopping Mall,Jakarta Pusat,800000000,734100000.0,0.0,37900000.0,37900000.0,696200000.0,0,97965.75,0.0,0
2026-01-31,ATM-017,Shopping Mall,Jakarta Pusat,800000000,696200000.0,0.0,79500000.0,79500000.0,616700000.0,0,89924.66,0.0,0
2026-02-01,ATM-017,Shopping Mall,Jakarta Pusat,800000000,616700000.0,0.0,83800000.0,83800000.0,532900000.0,0,78739.73,0.0,0
2026-02-02,ATM-017,Shopping Mall,Jakarta Pusat,800000000,532900000.0,0.0,46800000.0,46800000.0,486100000.0,0,69794.52,0.0,0
2026-02-03,ATM-017,Shopping Mall,Jakarta Pusat,800000000,486100000.0,0.0,48100000.0,48100000.0,438000000.0,0,63294.52,0.0,0
2026-02-04,ATM-017,Shopping Mall,Jakarta Pusat,800000000,438000000.0,0.0,48800000.0,48800000.0,389200000.0,0,56657.53,0.0,0
2026-02-05,ATM-017,Shopping Mall,Jakarta Pusat,800000000,389200000.0,0.0,55800000.0,55800000.0,333400000.0,0,49493.15,0.0,0
2026-02-06,ATM-017,Shopping Mall,Jakarta Pusat,800000000,333400000.0,0.0,33500000.0,33500000.0,299900000.0,0,43376.71,0.0,0
2026-02-07,ATM-017,Shopping Mall,Jakarta Pusat,800000000,299900000.0,0.0,96500000.0,96500000.0,203400000.0,0,34472.6,0.0,0
2026-02-08,ATM-017,Shopping Mall,Jakarta Pusat,800000000,203400000.0,0.0,84400000.0,84400000.0,119000000.0,0,22082.19,0.0,0
2026-02-09,ATM-017,Shopping Mall,Jakarta Pusat,800000000,119000000.0,681000000.0,36200000.0,36200000.0,763800000.0,0,60465.75,348000.0,0
2026-02-10,ATM-017,Shopping Mall,Jakarta Pusat,800000000,763800000.0,0.0,55200000.0,55200000.0,708600000.0,0,100849.32,0.0,0
2026-02-11,ATM-017,Shopping Mall,Jakarta Pusat,800000000,708600000.0,0.0,51600000.0,51600000.0,657000000.0,0,93534.25,0.0,0
2026-02-12,ATM-017,Shopping Mall,Jakarta Pusat,800000000,657000000.0,0.0,45400000.0,45400000.0,611600000.0,0,86890.41,0.0,0
2026-02-13,ATM-017,Shopping Mall,Jakarta Pusat,800000000,611600000.0,0.0,47100000.0,47100000.0,564500000.0,0,80554.79,0.0,0
2026-02-14,ATM-017,Shopping Mall,Jakarta Pusat,800000000,564500000.0,0.0,113600000.0,113600000.0,450900000.0,0,69547.95,0.0,0
2026-02-15,ATM-017,Shopping Mall,Jakarta Pusat,800000000,450900000.0,0.0,83500000.0,83500000.0,367400000.0,0,56047.95,0.0,0
2026-02-16,ATM-017,Shopping Mall,Jakarta Pusat,800000000,367400000.0,0.0,29200000.0,29200000.0,338200000.0,0,48328.77,0.0,0
2026-02-17,ATM-017,Shopping Mall,Jakarta Pusat,800000000,338200000.0,0.0,39100000.0,39100000.0,299100000.0,0,43650.68,0.0,0
2026-02-18,ATM-017,Shopping Mall,Jakarta Pusat,800000000,299100000.0,0.0,43600000.0,43600000.0,255500000.0,0,37986.3,0.0,0
2026-02-19,ATM-017,Shopping Mall,Jakarta Pusat,800000000,255500000.0,0.0,47200000.0,47200000.0,208300000.0,0,31767.12,0.0,0
2026-02-20,ATM-017,Shopping Mall,Jakarta Pusat,800000000,208300000.0,0.0,41900000.0,41900000.0,166400000.0,0,25664.38,0.0,0
2026-02-21,ATM-017,Shopping Mall,Jakarta Pusat,800000000,166400000.0,0.0,100300000.0,100300000.0,66100000.0,0,15924.66,0.0,0
2026-02-22,ATM-017,Shopping Mall,Jakarta Pusat,800000000,66100000.0,733900000.0,76200000.0,76200000.0,723800000.0,0,54102.74,348000.0,0
2026-02-23,ATM-017,Shopping Mall,Jakarta Pusat,800000000,723800000.0,0.0,39300000.0,39300000.0,684500000.0,0,96458.9,0.0,0
2026-02-24,ATM-017,Shopping Mall,Jakarta Pusat,800000000,684500000.0,0.0,55800000.0,55800000.0,628700000.0,0,89945.21,0.0,0
2026-02-25,ATM-017,Shopping Mall,Jakarta Pusat,800000000,628700000.0,0.0,31800000.0,31800000.0,596900000.0,0,83945.21,0.0,0
2026-02-26,ATM-017,Shopping Mall,Jakarta Pusat,800000000,596900000.0,0.0,26400000.0,26400000.0,570500000.0,0,79958.9,0.0,0
2026-02-27,ATM-017,Shopping Mall,Jakarta Pusat,800000000,570500000.0,0.0,32200000.0,32200000.0,538300000.0,0,75945.21,0.0,0
2026-02-28,ATM-017,Shopping Mall,Jakarta Pusat,800000000,538300000.0,0.0,69900000.0,69900000.0,468400000.0,0,68952.05,0.0,0
2026-03-01,ATM-017,Shopping Mall,Jakarta Pusat,800000000,468400000.0,0.0,84800000.0,84800000.0,383600000.0,0,58356.16,0.0,0
2026-03-02,ATM-017,Shopping Mall,Jakarta Pusat,800000000,383600000.0,0.0,31300000.0,31300000.0,352300000.0,0,50404.11,0.0,0
2026-03-03,ATM-017,Shopping Mall,Jakarta Pusat,800000000,352300000.0,0.0,38100000.0,38100000.0,314200000.0,0,45650.68,0.0,0
2026-03-04,ATM-017,Shopping Mall,Jakarta Pusat,800000000,314200000.0,0.0,43500000.0,43500000.0,270700000.0,0,40061.64,0.0,0
2026-03-05,ATM-017,Shopping Mall,Jakarta Pusat,800000000,270700000.0,0.0,33900000.0,33900000.0,236800000.0,0,34760.27,0.0,0
2026-03-06,ATM-017,Shopping Mall,Jakarta Pusat,800000000,236800000.0,0.0,37400000.0,37400000.0,199400000.0,0,29876.71,0.0,0
2026-03-07,ATM-017,Shopping Mall,Jakarta Pusat,800000000,199400000.0,0.0,80600000.0,80600000.0,118800000.0,0,21794.52,0.0,0
2026-03-08,ATM-017,Shopping Mall,Jakarta Pusat,800000000,118800000.0,681200000.0,93200000.0,93200000.0,706800000.0,0,56547.95,348000.0,0
2026-03-09,ATM-017,Shopping Mall,Jakarta Pusat,800000000,706800000.0,0.0,44100000.0,44100000.0,662700000.0,0,93801.37,0.0,0
2026-03-10,ATM-017,Shopping Mall,Jakarta Pusat,800000000,662700000.0,0.0,67800000.0,67800000.0,594900000.0,0,86136.99,0.0,0
2026-03-11,ATM-017,Shopping Mall,Jakarta Pusat,800000000,594900000.0,0.0,31100000.0,31100000.0,563800000.0,0,79363.01,0.0,0
2026-03-12,ATM-017,Shopping Mall,Jakarta Pusat,800000000,563800000.0,0.0,54600000.0,54600000.0,509200000.0,0,73493.15,0.0,0
2026-03-13,ATM-017,Shopping Mall,Jakarta Pusat,800000000,509200000.0,0.0,47300000.0,47300000.0,461900000.0,0,66513.7,0.0,0
2026-03-14,ATM-017,Shopping Mall,Jakarta Pusat,800000000,461900000.0,0.0,73900000.0,73900000.0,388000000.0,0,58212.33,0.0,0
2026-03-15,ATM-017,Shopping Mall,Jakarta Pusat,800000000,388000000.0,0.0,58200000.0,58200000.0,329800000.0,0,49164.38,0.0,0
2026-03-16,ATM-017,Shopping Mall,Jakarta Pusat,800000000,329800000.0,0.0,47700000.0,47700000.0,282100000.0,0,41910.96,0.0,0
2026-03-17,ATM-017,Shopping Mall,Jakarta Pusat,800000000,282100000.0,0.0,66500000.0,66500000.0,215600000.0,0,34089.04,0.0,0
2026-03-18,ATM-017,Shopping Mall,Jakarta Pusat,800000000,215600000.0,0.0,47800000.0,47800000.0,167800000.0,0,26260.27,0.0,0
2026-03-19,ATM-017,Shopping Mall,Jakarta Pusat,800000000,167800000.0,0.0,57800000.0,57800000.0,110000000.0,0,19027.4,0.0,0
2026-03-20,ATM-017,Shopping Mall,Jakarta Pusat,800000000,110000000.0,690000000.0,43700000.0,43700000.0,756300000.0,0,59335.62,348000.0,0
2026-03-21,ATM-017,Shopping Mall,Jakarta Pusat,800000000,756300000.0,0.0,97200000.0,97200000.0,659100000.0,0,96945.21,0.0,0
2026-03-22,ATM-017,Shopping Mall,Jakarta Pusat,800000000,659100000.0,0.0,66400000.0,66400000.0,592700000.0,0,85739.73,0.0,0
2026-03-23,ATM-017,Shopping Mall,Jakarta Pusat,800000000,592700000.0,0.0,25700000.0,25700000.0,567000000.0,0,79431.51,0.0,0
2026-03-24,ATM-017,Shopping Mall,Jakarta Pusat,800000000,567000000.0,0.0,36200000.0,36200000.0,530800000.0,0,75191.78,0.0,0
2026-03-25,ATM-017,Shopping Mall,Jakarta Pusat,800000000,530800000.0,0.0,49300000.0,49300000.0,481500000.0,0,69335.62,0.0,0
2026-03-26,ATM-017,Shopping Mall,Jakarta Pusat,800000000,481500000.0,0.0,52400000.0,52400000.0,429100000.0,0,62369.86,0.0,0
2026-03-27,ATM-017,Shopping Mall,Jakarta Pusat,800000000,429100000.0,0.0,45200000.0,45200000.0,383900000.0,0,55684.93,0.0,0
2026-03-28,ATM-017,Shopping Mall,Jakarta Pusat,800000000,383900000.0,0.0,94100000.0,94100000.0,289800000.0,0,46143.84,0.0,0
2026-03-29,ATM-017,Shopping Mall,Jakarta Pusat,800000000,289800000.0,0.0,76900000.0,76900000.0,212900000.0,0,34431.51,0.0,0
2026-03-30,ATM-017,Shopping Mall,Jakarta Pusat,800000000,212900000.0,0.0,35800000.0,35800000.0,177100000.0,0,26712.33,0.0,0
2026-03-31,ATM-017,Shopping Mall,Jakarta Pusat,800000000,177100000.0,0.0,30100000.0,30100000.0,147000000.0,0,22198.63,0.0,0
2026-04-01,ATM-017,Shopping Mall,Jakarta Pusat,800000000,147000000.0,653000000.0,60600000.0,60600000.0,739400000.0,0,60712.33,348000.0,0
2026-04-02,ATM-017,Shopping Mall,Jakarta Pusat,800000000,739400000.0,0.0,50500000.0,50500000.0,688900000.0,0,97828.77,0.0,0
2026-04-03,ATM-017,Shopping Mall,Jakarta Pusat,800000000,688900000.0,0.0,41900000.0,41900000.0,647000000.0,0,91500.0,0.0,0
2026-04-04,ATM-017,Shopping Mall,Jakarta Pusat,800000000,647000000.0,0.0,106700000.0,106700000.0,540300000.0,0,81321.92,0.0,0
2026-04-05,ATM-017,Shopping Mall,Jakarta Pusat,800000000,540300000.0,0.0,50600000.0,50600000.0,489700000.0,0,70547.95,0.0,0
2026-04-06,ATM-017,Shopping Mall,Jakarta Pusat,800000000,489700000.0,0.0,53100000.0,53100000.0,436600000.0,0,63445.21,0.0,0
2026-04-07,ATM-017,Shopping Mall,Jakarta Pusat,800000000,436600000.0,0.0,67700000.0,67700000.0,368900000.0,0,55171.23,0.0,0
2026-04-08,ATM-017,Shopping Mall,Jakarta Pusat,800000000,368900000.0,0.0,54100000.0,54100000.0,314800000.0,0,46828.77,0.0,0
2026-04-09,ATM-017,Shopping Mall,Jakarta Pusat,800000000,314800000.0,0.0,42700000.0,42700000.0,272100000.0,0,40198.63,0.0,0
2026-04-10,ATM-017,Shopping Mall,Jakarta Pusat,800000000,272100000.0,0.0,44400000.0,44400000.0,227700000.0,0,34232.88,0.0,0
2026-04-11,ATM-017,Shopping Mall,Jakarta Pusat,800000000,227700000.0,0.0,99700000.0,99700000.0,128000000.0,0,24363.01,0.0,0
2026-04-12,ATM-017,Shopping Mall,Jakarta Pusat,800000000,128000000.0,672000000.0,113500000.0,113500000.0,686500000.0,0,55787.67,348000.0,0
2026-04-13,ATM-017,Shopping Mall,Jakarta Pusat,800000000,686500000.0,0.0,48500000.0,48500000.0,638000000.0,0,90719.18,0.0,0
2026-04-14,ATM-017,Shopping Mall,Jakarta Pusat,800000000,638000000.0,0.0,44400000.0,44400000.0,593600000.0,0,84356.16,0.0,0
2026-04-15,ATM-017,Shopping Mall,Jakarta Pusat,800000000,593600000.0,0.0,32600000.0,32600000.0,561000000.0,0,79082.19,0.0,0
2026-04-16,ATM-017,Shopping Mall,Jakarta Pusat,800000000,561000000.0,0.0,54900000.0,54900000.0,506100000.0,0,73089.04,0.0,0
2026-04-17,ATM-017,Shopping Mall,Jakarta Pusat,800000000,506100000.0,0.0,44100000.0,44100000.0,462000000.0,0,66308.22,0.0,0
2026-04-18,ATM-017,Shopping Mall,Jakarta Pusat,800000000,462000000.0,0.0,109200000.0,109200000.0,352800000.0,0,55808.22,0.0,0
2026-04-19,ATM-017,Shopping Mall,Jakarta Pusat,800000000,352800000.0,0.0,82300000.0,82300000.0,270500000.0,0,42691.78,0.0,0
2026-04-20,ATM-017,Shopping Mall,Jakarta Pusat,800000000,270500000.0,0.0,33900000.0,33900000.0,236600000.0,0,34732.88,0.0,0
2026-04-21,ATM-017,Shopping Mall,Jakarta Pusat,800000000,236600000.0,0.0,36000000.0,36000000.0,200600000.0,0,29945.21,0.0,0
2026-04-22,ATM-017,Shopping Mall,Jakarta Pusat,800000000,200600000.0,0.0,42600000.0,42600000.0,158000000.0,0,24561.64,0.0,0
2026-04-23,ATM-017,Shopping Mall,Jakarta Pusat,800000000,158000000.0,642000000.0,41800000.0,41800000.0,758200000.0,0,62753.42,348000.0,0
2026-04-24,ATM-017,Shopping Mall,Jakarta Pusat,800000000,758200000.0,0.0,58700000.0,58700000.0,699500000.0,0,99842.47,0.0,0
2026-04-25,ATM-017,Shopping Mall,Jakarta Pusat,800000000,699500000.0,0.0,62300000.0,62300000.0,637200000.0,0,91554.79,0.0,0
2026-04-26,ATM-017,Shopping Mall,Jakarta Pusat,800000000,637200000.0,0.0,121600000.0,121600000.0,515600000.0,0,78958.9,0.0,0
2026-04-27,ATM-017,Shopping Mall,Jakarta Pusat,800000000,515600000.0,0.0,58800000.0,58800000.0,456800000.0,0,66602.74,0.0,0
2026-04-28,ATM-017,Shopping Mall,Jakarta Pusat,800000000,456800000.0,0.0,58200000.0,58200000.0,398600000.0,0,58589.04,0.0,0
2026-04-29,ATM-017,Shopping Mall,Jakarta Pusat,800000000,398600000.0,0.0,61400000.0,61400000.0,337200000.0,0,50397.26,0.0,0
2026-04-30,ATM-017,Shopping Mall,Jakarta Pusat,800000000,337200000.0,0.0,44400000.0,44400000.0,292800000.0,0,43150.68,0.0,0
2026-05-01,ATM-017,Shopping Mall,Jakarta Pusat,800000000,292800000.0,0.0,56000000.0,56000000.0,236800000.0,0,36273.97,0.0,0
2026-05-02,ATM-017,Shopping Mall,Jakarta Pusat,800000000,236800000.0,0.0,59600000.0,59600000.0,177200000.0,0,28356.16,0.0,0
2026-05-03,ATM-017,Shopping Mall,Jakarta Pusat,800000000,177200000.0,0.0,81000000.0,81000000.0,96200000.0,0,18726.03,0.0,0
2026-05-04,ATM-017,Shopping Mall,Jakarta Pusat,800000000,96200000.0,703800000.0,50900000.0,50900000.0,749100000.0,0,57897.26,348000.0,0
2026-05-05,ATM-017,Shopping Mall,Jakarta Pusat,800000000,749100000.0,0.0,34600000.0,34600000.0,714500000.0,0,100246.58,0.0,0
2026-05-06,ATM-017,Shopping Mall,Jakarta Pusat,800000000,714500000.0,0.0,25400000.0,25400000.0,689100000.0,0,96136.99,0.0,0
2026-05-07,ATM-017,Shopping Mall,Jakarta Pusat,800000000,689100000.0,0.0,53200000.0,53200000.0,635900000.0,0,90753.42,0.0,0
2026-05-08,ATM-017,Shopping Mall,Jakarta Pusat,800000000,635900000.0,0.0,39300000.0,39300000.0,596600000.0,0,84417.81,0.0,0
2026-05-09,ATM-017,Shopping Mall,Jakarta Pusat,800000000,596600000.0,0.0,92400000.0,92400000.0,504200000.0,0,75397.26,0.0,0
2026-05-10,ATM-017,Shopping Mall,Jakarta Pusat,800000000,504200000.0,0.0,62000000.0,62000000.0,442200000.0,0,64821.92,0.0,0
2026-05-11,ATM-017,Shopping Mall,Jakarta Pusat,800000000,442200000.0,0.0,41200000.0,41200000.0,401000000.0,0,57753.42,0.0,0
2026-05-12,ATM-017,Shopping Mall,Jakarta Pusat,800000000,401000000.0,0.0,33200000.0,33200000.0,367800000.0,0,52657.53,0.0,0
2026-05-13,ATM-017,Shopping Mall,Jakarta Pusat,800000000,367800000.0,0.0,37900000.0,37900000.0,329900000.0,0,47787.67,0.0,0
2026-05-14,ATM-017,Shopping Mall,Jakarta Pusat,800000000,329900000.0,0.0,36100000.0,36100000.0,293800000.0,0,42719.18,0.0,0
2026-05-15,ATM-017,Shopping Mall,Jakarta Pusat,800000000,293800000.0,0.0,32700000.0,32700000.0,261100000.0,0,38006.85,0.0,0
2026-05-16,ATM-017,Shopping Mall,Jakarta Pusat,800000000,261100000.0,0.0,102000000.0,102000000.0,159100000.0,0,28780.82,0.0,0
2026-05-17,ATM-017,Shopping Mall,Jakarta Pusat,800000000,159100000.0,640900000.0,108400000.0,108400000.0,691600000.0,0,58267.12,348000.0,0
2026-05-18,ATM-017,Shopping Mall,Jakarta Pusat,800000000,691600000.0,0.0,56400000.0,56400000.0,635200000.0,0,90876.71,0.0,0
2026-05-19,ATM-017,Shopping Mall,Jakarta Pusat,800000000,635200000.0,0.0,49700000.0,49700000.0,585500000.0,0,83609.59,0.0,0
2025-11-01,ATM-018,Office Building,Jakarta Pusat,800000000,506623000.0,0.0,11500000.0,11500000.0,495123000.0,0,68612.74,0.0,0
2025-11-02,ATM-018,Office Building,Jakarta Pusat,800000000,495123000.0,0.0,21000000.0,21000000.0,474123000.0,0,66386.71,0.0,0
2025-11-03,ATM-018,Office Building,Jakarta Pusat,800000000,474123000.0,0.0,66300000.0,66300000.0,407823000.0,0,60407.26,0.0,0
2025-11-04,ATM-018,Office Building,Jakarta Pusat,800000000,407823000.0,0.0,47600000.0,47600000.0,360223000.0,0,52605.89,0.0,0
2025-11-05,ATM-018,Office Building,Jakarta Pusat,800000000,360223000.0,0.0,97300000.0,97300000.0,262923000.0,0,42681.23,0.0,0
2025-11-06,ATM-018,Office Building,Jakarta Pusat,800000000,262923000.0,0.0,43900000.0,43900000.0,219023000.0,0,33010.0,0.0,0
2025-11-07,ATM-018,Office Building,Jakarta Pusat,800000000,219023000.0,0.0,62200000.0,62200000.0,156823000.0,0,25742.88,0.0,0
2025-11-08,ATM-018,Office Building,Jakarta Pusat,800000000,156823000.0,643177000.0,14500000.0,14500000.0,785500000.0,0,64542.67,407000.0,0
2025-11-09,ATM-018,Office Building,Jakarta Pusat,800000000,785500000.0,0.0,15400000.0,15400000.0,770100000.0,0,106547.95,0.0,0
2025-11-10,ATM-018,Office Building,Jakarta Pusat,800000000,770100000.0,0.0,53400000.0,53400000.0,716700000.0,0,101835.62,0.0,0
2025-11-11,ATM-018,Office Building,Jakarta Pusat,800000000,716700000.0,0.0,59900000.0,59900000.0,656800000.0,0,94075.34,0.0,0
2025-11-12,ATM-018,Office Building,Jakarta Pusat,800000000,656800000.0,0.0,70500000.0,70500000.0,586300000.0,0,85143.84,0.0,0
2025-11-13,ATM-018,Office Building,Jakarta Pusat,800000000,586300000.0,0.0,75400000.0,75400000.0,510900000.0,0,75150.68,0.0,0
2025-11-14,ATM-018,Office Building,Jakarta Pusat,800000000,510900000.0,0.0,54400000.0,54400000.0,456500000.0,0,66260.27,0.0,0
2025-11-15,ATM-018,Office Building,Jakarta Pusat,800000000,456500000.0,0.0,15100000.0,15100000.0,441400000.0,0,61500.0,0.0,0
2025-11-16,ATM-018,Office Building,Jakarta Pusat,800000000,441400000.0,0.0,14500000.0,14500000.0,426900000.0,0,59472.6,0.0,0
2025-11-17,ATM-018,Office Building,Jakarta Pusat,800000000,426900000.0,0.0,52400000.0,52400000.0,374500000.0,0,54890.41,0.0,0
2025-11-18,ATM-018,Office Building,Jakarta Pusat,800000000,374500000.0,0.0,54400000.0,54400000.0,320100000.0,0,47575.34,0.0,0
2025-11-19,ATM-018,Office Building,Jakarta Pusat,800000000,320100000.0,0.0,77300000.0,77300000.0,242800000.0,0,38554.79,0.0,0
2025-11-20,ATM-018,Office Building,Jakarta Pusat,800000000,242800000.0,0.0,59500000.0,59500000.0,183300000.0,0,29184.93,0.0,0
2025-11-21,ATM-018,Office Building,Jakarta Pusat,800000000,183300000.0,0.0,92400000.0,92400000.0,90900000.0,0,18780.82,0.0,0
2025-11-22,ATM-018,Office Building,Jakarta Pusat,800000000,90900000.0,709100000.0,11100000.0,11100000.0,788900000.0,0,60260.27,407000.0,0
2025-11-23,ATM-018,Office Building,Jakarta Pusat,800000000,788900000.0,0.0,9200000.0,9200000.0,779700000.0,0,107438.36,0.0,0
2025-11-24,ATM-018,Office Building,Jakarta Pusat,800000000,779700000.0,0.0,94600000.0,94600000.0,685100000.0,0,100328.77,0.0,0
2025-11-25,ATM-018,Office Building,Jakarta Pusat,800000000,685100000.0,0.0,41000000.0,41000000.0,644100000.0,0,91041.1,0.0,0
2025-11-26,ATM-018,Office Building,Jakarta Pusat,800000000,644100000.0,0.0,77100000.0,77100000.0,567000000.0,0,82952.05,0.0,0
2025-11-27,ATM-018,Office Building,Jakarta Pusat,800000000,567000000.0,0.0,47500000.0,47500000.0,519500000.0,0,74417.81,0.0,0
2025-11-28,ATM-018,Office Building,Jakarta Pusat,800000000,519500000.0,0.0,77100000.0,77100000.0,442400000.0,0,65883.56,0.0,0
2025-11-29,ATM-018,Office Building,Jakarta Pusat,800000000,442400000.0,0.0,15700000.0,15700000.0,426700000.0,0,59527.4,0.0,0
2025-11-30,ATM-018,Office Building,Jakarta Pusat,800000000,426700000.0,0.0,17700000.0,17700000.0,409000000.0,0,57239.73,0.0,0
2025-12-01,ATM-018,Office Building,Jakarta Pusat,800000000,409000000.0,0.0,73600000.0,73600000.0,335400000.0,0,50986.3,0.0,0
2025-12-02,ATM-018,Office Building,Jakarta Pusat,800000000,335400000.0,0.0,52600000.0,52600000.0,282800000.0,0,42342.47,0.0,0
2025-12-03,ATM-018,Office Building,Jakarta Pusat,800000000,282800000.0,0.0,75600000.0,75600000.0,207200000.0,0,33561.64,0.0,0
2025-12-04,ATM-018,Office Building,Jakarta Pusat,800000000,207200000.0,0.0,60600000.0,60600000.0,146600000.0,0,24232.88,0.0,0
2025-12-05,ATM-018,Office Building,Jakarta Pusat,800000000,146600000.0,653400000.0,68600000.0,68600000.0,731400000.0,0,60136.99,407000.0,0
2025-12-06,ATM-018,Office Building,Jakarta Pusat,800000000,731400000.0,0.0,12900000.0,12900000.0,718500000.0,0,99308.22,0.0,0
2025-12-07,ATM-018,Office Building,Jakarta Pusat,800000000,718500000.0,0.0,20700000.0,20700000.0,697800000.0,0,97006.85,0.0,0
2025-12-08,ATM-018,Office Building,Jakarta Pusat,800000000,697800000.0,0.0,55000000.0,55000000.0,642800000.0,0,91821.92,0.0,0
2025-12-09,ATM-018,Office Building,Jakarta Pusat,800000000,642800000.0,0.0,75000000.0,75000000.0,567800000.0,0,82917.81,0.0,0
2025-12-10,ATM-018,Office Building,Jakarta Pusat,800000000,567800000.0,0.0,78300000.0,78300000.0,489500000.0,0,72417.81,0.0,0
2025-12-11,ATM-018,Office Building,Jakarta Pusat,800000000,489500000.0,0.0,93900000.0,93900000.0,395600000.0,0,60623.29,0.0,0
2025-12-12,ATM-018,Office Building,Jakarta Pusat,800000000,395600000.0,0.0,52900000.0,52900000.0,342700000.0,0,50568.49,0.0,0
2025-12-13,ATM-018,Office Building,Jakarta Pusat,800000000,342700000.0,0.0,10600000.0,10600000.0,332100000.0,0,46219.18,0.0,0
2025-12-14,ATM-018,Office Building,Jakarta Pusat,800000000,332100000.0,0.0,14500000.0,14500000.0,317600000.0,0,44500.0,0.0,0
2025-12-15,ATM-018,Office Building,Jakarta Pusat,800000000,317600000.0,0.0,65500000.0,65500000.0,252100000.0,0,39020.55,0.0,0
2025-12-16,ATM-018,Office Building,Jakarta Pusat,800000000,252100000.0,0.0,81900000.0,81900000.0,170200000.0,0,28924.66,0.0,0
2025-12-17,ATM-018,Office Building,Jakarta Pusat,800000000,170200000.0,0.0,45600000.0,45600000.0,124600000.0,0,20191.78,0.0,0
2025-12-18,ATM-018,Office Building,Jakarta Pusat,800000000,124600000.0,675400000.0,72900000.0,72900000.0,727100000.0,0,58335.62,407000.0,0
2025-12-19,ATM-018,Office Building,Jakarta Pusat,800000000,727100000.0,0.0,38900000.0,38900000.0,688200000.0,0,96938.36,0.0,0
2025-12-20,ATM-018,Office Building,Jakarta Pusat,800000000,688200000.0,0.0,18600000.0,18600000.0,669600000.0,0,93000.0,0.0,0
2025-12-21,ATM-018,Office Building,Jakarta Pusat,800000000,669600000.0,0.0,13800000.0,13800000.0,655800000.0,0,90780.82,0.0,0
2025-12-22,ATM-018,Office Building,Jakarta Pusat,800000000,655800000.0,0.0,91200000.0,91200000.0,564600000.0,0,83589.04,0.0,0
2025-12-23,ATM-018,Office Building,Jakarta Pusat,800000000,564600000.0,0.0,37500000.0,37500000.0,527100000.0,0,74773.97,0.0,0
2025-12-24,ATM-018,Office Building,Jakarta Pusat,800000000,527100000.0,0.0,61600000.0,61600000.0,465500000.0,0,67986.3,0.0,0
2025-12-25,ATM-018,Office Building,Jakarta Pusat,800000000,465500000.0,0.0,47300000.0,47300000.0,418200000.0,0,60527.4,0.0,0
2025-12-26,ATM-018,Office Building,Jakarta Pusat,800000000,418200000.0,0.0,61700000.0,61700000.0,356500000.0,0,53061.64,0.0,0
2025-12-27,ATM-018,Office Building,Jakarta Pusat,800000000,356500000.0,0.0,14200000.0,14200000.0,342300000.0,0,47863.01,0.0,0
2025-12-28,ATM-018,Office Building,Jakarta Pusat,800000000,342300000.0,0.0,17300000.0,17300000.0,325000000.0,0,45705.48,0.0,0
2025-12-29,ATM-018,Office Building,Jakarta Pusat,800000000,325000000.0,0.0,96000000.0,96000000.0,229000000.0,0,37945.21,0.0,0
2025-12-30,ATM-018,Office Building,Jakarta Pusat,800000000,229000000.0,0.0,79100000.0,79100000.0,149900000.0,0,25952.05,0.0,0
2025-12-31,ATM-018,Office Building,Jakarta Pusat,800000000,149900000.0,650100000.0,72300000.0,72300000.0,727700000.0,0,60109.59,407000.0,0
2026-01-01,ATM-018,Office Building,Jakarta Pusat,800000000,727700000.0,0.0,65600000.0,65600000.0,662100000.0,0,95191.78,0.0,0
2026-01-02,ATM-018,Office Building,Jakarta Pusat,800000000,662100000.0,0.0,60400000.0,60400000.0,601700000.0,0,86561.64,0.0,0
2026-01-03,ATM-018,Office Building,Jakarta Pusat,800000000,601700000.0,0.0,18300000.0,18300000.0,583400000.0,0,81171.23,0.0,0
2026-01-04,ATM-018,Office Building,Jakarta Pusat,800000000,583400000.0,0.0,17300000.0,17300000.0,566100000.0,0,78732.88,0.0,0
2026-01-05,ATM-018,Office Building,Jakarta Pusat,800000000,566100000.0,0.0,48800000.0,48800000.0,517300000.0,0,74205.48,0.0,0
2026-01-06,ATM-018,Office Building,Jakarta Pusat,800000000,517300000.0,0.0,78000000.0,78000000.0,439300000.0,0,65520.55,0.0,0
2026-01-07,ATM-018,Office Building,Jakarta Pusat,800000000,439300000.0,0.0,48700000.0,48700000.0,390600000.0,0,56842.47,0.0,0
2026-01-08,ATM-018,Office Building,Jakarta Pusat,800000000,390600000.0,0.0,85500000.0,85500000.0,305100000.0,0,47650.68,0.0,0
2026-01-09,ATM-018,Office Building,Jakarta Pusat,800000000,305100000.0,0.0,36400000.0,36400000.0,268700000.0,0,39301.37,0.0,0
2026-01-10,ATM-018,Office Building,Jakarta Pusat,800000000,268700000.0,0.0,18700000.0,18700000.0,250000000.0,0,35527.4,0.0,0
2026-01-11,ATM-018,Office Building,Jakarta Pusat,800000000,250000000.0,0.0,13700000.0,13700000.0,236300000.0,0,33308.22,0.0,0
2026-01-12,ATM-018,Office Building,Jakarta Pusat,800000000,236300000.0,0.0,68700000.0,68700000.0,167600000.0,0,27664.38,0.0,0
2026-01-13,ATM-018,Office Building,Jakarta Pusat,800000000,167600000.0,0.0,63200000.0,63200000.0,104400000.0,0,18630.14,0.0,0
2026-01-14,ATM-018,Office Building,Jakarta Pusat,800000000,104400000.0,695600000.0,53200000.0,53200000.0,746800000.0,0,58301.37,407000.0,0
2026-01-15,ATM-018,Office Building,Jakarta Pusat,800000000,746800000.0,0.0,59700000.0,59700000.0,687100000.0,0,98212.33,0.0,0
2026-01-16,ATM-018,Office Building,Jakarta Pusat,800000000,687100000.0,0.0,86200000.0,86200000.0,600900000.0,0,88219.18,0.0,0
2026-01-17,ATM-018,Office Building,Jakarta Pusat,800000000,600900000.0,0.0,22300000.0,22300000.0,578600000.0,0,80787.67,0.0,0
2026-01-18,ATM-018,Office Building,Jakarta Pusat,800000000,578600000.0,0.0,9700000.0,9700000.0,568900000.0,0,78595.89,0.0,0
2026-01-19,ATM-018,Office Building,Jakarta Pusat,800000000,568900000.0,0.0,64400000.0,64400000.0,504500000.0,0,73520.55,0.0,0
2026-01-20,ATM-018,Office Building,Jakarta Pusat,800000000,504500000.0,0.0,86200000.0,86200000.0,418300000.0,0,63205.48,0.0,0
2026-01-21,ATM-018,Office Building,Jakarta Pusat,800000000,418300000.0,0.0,40600000.0,40600000.0,377700000.0,0,54520.55,0.0,0
2026-01-22,ATM-018,Office Building,Jakarta Pusat,800000000,377700000.0,0.0,69900000.0,69900000.0,307800000.0,0,46952.05,0.0,0
2026-01-23,ATM-018,Office Building,Jakarta Pusat,800000000,307800000.0,0.0,82600000.0,82600000.0,225200000.0,0,36506.85,0.0,0
2026-01-24,ATM-018,Office Building,Jakarta Pusat,800000000,225200000.0,0.0,20300000.0,20300000.0,204900000.0,0,29458.9,0.0,0
2026-01-25,ATM-018,Office Building,Jakarta Pusat,800000000,204900000.0,0.0,11900000.0,11900000.0,193000000.0,0,27253.42,0.0,0
2026-01-26,ATM-018,Office Building,Jakarta Pusat,800000000,193000000.0,0.0,56000000.0,56000000.0,137000000.0,0,22602.74,0.0,0
2026-01-27,ATM-018,Office Building,Jakarta Pusat,800000000,137000000.0,663000000.0,45200000.0,45200000.0,754800000.0,0,61082.19,407000.0,0
2026-01-28,ATM-018,Office Building,Jakarta Pusat,800000000,754800000.0,0.0,82500000.0,82500000.0,672300000.0,0,97746.58,0.0,0
2026-01-29,ATM-018,Office Building,Jakarta Pusat,800000000,672300000.0,0.0,71800000.0,71800000.0,600500000.0,0,87178.08,0.0,0
2026-01-30,ATM-018,Office Building,Jakarta Pusat,800000000,600500000.0,0.0,48800000.0,48800000.0,551700000.0,0,78917.81,0.0,0
2026-01-31,ATM-018,Office Building,Jakarta Pusat,800000000,551700000.0,0.0,12100000.0,12100000.0,539600000.0,0,74746.58,0.0,0
2026-02-01,ATM-018,Office Building,Jakarta Pusat,800000000,539600000.0,0.0,16700000.0,16700000.0,522900000.0,0,72773.97,0.0,0
2026-02-02,ATM-018,Office Building,Jakarta Pusat,800000000,522900000.0,0.0,80600000.0,80600000.0,442300000.0,0,66109.59,0.0,0
2026-02-03,ATM-018,Office Building,Jakarta Pusat,800000000,442300000.0,0.0,43300000.0,43300000.0,399000000.0,0,57623.29,0.0,0
2026-02-04,ATM-018,Office Building,Jakarta Pusat,800000000,399000000.0,0.0,80800000.0,80800000.0,318200000.0,0,49123.29,0.0,0
2026-02-05,ATM-018,Office Building,Jakarta Pusat,800000000,318200000.0,0.0,70500000.0,70500000.0,247700000.0,0,38760.27,0.0,0
2026-02-06,ATM-018,Office Building,Jakarta Pusat,800000000,247700000.0,0.0,94600000.0,94600000.0,153100000.0,0,27452.05,0.0,0
2026-02-07,ATM-018,Office Building,Jakarta Pusat,800000000,153100000.0,646900000.0,16100000.0,16100000.0,783900000.0,0,64178.08,407000.0,0
2026-02-08,ATM-018,Office Building,Jakarta Pusat,800000000,783900000.0,0.0,17700000.0,17700000.0,766200000.0,0,106171.23,0.0,0
2026-02-09,ATM-018,Office Building,Jakarta Pusat,800000000,766200000.0,0.0,64200000.0,64200000.0,702000000.0,0,100561.64,0.0,0
2026-02-10,ATM-018,Office Building,Jakarta Pusat,800000000,702000000.0,0.0,61200000.0,61200000.0,640800000.0,0,91972.6,0.0,0
2026-02-11,ATM-018,Office Building,Jakarta Pusat,800000000,640800000.0,0.0,77500000.0,77500000.0,563300000.0,0,82472.6,0.0,0
2026-02-12,ATM-018,Office Building,Jakarta Pusat,800000000,563300000.0,0.0,85300000.0,85300000.0,478000000.0,0,71321.92,0.0,0
2026-02-13,ATM-018,Office Building,Jakarta Pusat,800000000,478000000.0,0.0,54000000.0,54000000.0,424000000.0,0,61780.82,0.0,0
2026-02-14,ATM-018,Office Building,Jakarta Pusat,800000000,424000000.0,0.0,14200000.0,14200000.0,409800000.0,0,57109.59,0.0,0
2026-02-15,ATM-018,Office Building,Jakarta Pusat,800000000,409800000.0,0.0,22600000.0,22600000.0,387200000.0,0,54589.04,0.0,0
2026-02-16,ATM-018,Office Building,Jakarta Pusat,800000000,387200000.0,0.0,81300000.0,81300000.0,305900000.0,0,47472.6,0.0,0
2026-02-17,ATM-018,Office Building,Jakarta Pusat,800000000,305900000.0,0.0,90200000.0,90200000.0,215700000.0,0,35726.03,0.0,0
2026-02-18,ATM-018,Office Building,Jakarta Pusat,800000000,215700000.0,0.0,76700000.0,76700000.0,139000000.0,0,24294.52,0.0,0
2026-02-19,ATM-018,Office Building,Jakarta Pusat,800000000,139000000.0,661000000.0,77200000.0,77200000.0,722800000.0,0,59027.4,407000.0,0
2026-02-20,ATM-018,Office Building,Jakarta Pusat,800000000,722800000.0,0.0,47300000.0,47300000.0,675500000.0,0,95773.97,0.0,0
2026-02-21,ATM-018,Office Building,Jakarta Pusat,800000000,675500000.0,0.0,12500000.0,12500000.0,663000000.0,0,91678.08,0.0,0
2026-02-22,ATM-018,Office Building,Jakarta Pusat,800000000,663000000.0,0.0,12900000.0,12900000.0,650100000.0,0,89938.36,0.0,0
2026-02-23,ATM-018,Office Building,Jakarta Pusat,800000000,650100000.0,0.0,60000000.0,60000000.0,590100000.0,0,84945.21,0.0,0
2026-02-24,ATM-018,Office Building,Jakarta Pusat,800000000,590100000.0,0.0,73900000.0,73900000.0,516200000.0,0,75773.97,0.0,0
2026-02-25,ATM-018,Office Building,Jakarta Pusat,800000000,516200000.0,0.0,54000000.0,54000000.0,462200000.0,0,67013.7,0.0,0
2026-02-26,ATM-018,Office Building,Jakarta Pusat,800000000,462200000.0,0.0,39600000.0,39600000.0,422600000.0,0,60602.74,0.0,0
2026-02-27,ATM-018,Office Building,Jakarta Pusat,800000000,422600000.0,0.0,71300000.0,71300000.0,351300000.0,0,53006.85,0.0,0
2026-02-28,ATM-018,Office Building,Jakarta Pusat,800000000,351300000.0,0.0,19700000.0,19700000.0,331600000.0,0,46773.97,0.0,0
2026-03-01,ATM-018,Office Building,Jakarta Pusat,800000000,331600000.0,0.0,16200000.0,16200000.0,315400000.0,0,44315.07,0.0,0
2026-03-02,ATM-018,Office Building,Jakarta Pusat,800000000,315400000.0,0.0,67600000.0,67600000.0,247800000.0,0,38575.34,0.0,0
2026-03-03,ATM-018,Office Building,Jakarta Pusat,800000000,247800000.0,0.0,48400000.0,48400000.0,199400000.0,0,30630.14,0.0,0
2026-03-04,ATM-018,Office Building,Jakarta Pusat,800000000,199400000.0,0.0,40100000.0,40100000.0,159300000.0,0,24568.49,0.0,0
2026-03-05,ATM-018,Office Building,Jakarta Pusat,800000000,159300000.0,640700000.0,69500000.0,69500000.0,730500000.0,0,60945.21,407000.0,0
2026-03-06,ATM-018,Office Building,Jakarta Pusat,800000000,730500000.0,0.0,50400000.0,50400000.0,680100000.0,0,96616.44,0.0,0
2026-03-07,ATM-018,Office Building,Jakarta Pusat,800000000,680100000.0,0.0,9400000.0,9400000.0,670700000.0,0,92520.55,0.0,0
2026-03-08,ATM-018,Office Building,Jakarta Pusat,800000000,670700000.0,0.0,10000000.0,10000000.0,660700000.0,0,91191.78,0.0,0
2026-03-09,ATM-018,Office Building,Jakarta Pusat,800000000,660700000.0,0.0,44100000.0,44100000.0,616600000.0,0,87486.3,0.0,0
2026-03-10,ATM-018,Office Building,Jakarta Pusat,800000000,616600000.0,0.0,53300000.0,53300000.0,563300000.0,0,80815.07,0.0,0
2026-03-11,ATM-018,Office Building,Jakarta Pusat,800000000,563300000.0,0.0,50700000.0,50700000.0,512600000.0,0,73691.78,0.0,0
2026-03-12,ATM-018,Office Building,Jakarta Pusat,800000000,512600000.0,0.0,45600000.0,45600000.0,467000000.0,0,67095.89,0.0,0
2026-03-13,ATM-018,Office Building,Jakarta Pusat,800000000,467000000.0,0.0,41000000.0,41000000.0,426000000.0,0,61164.38,0.0,0
2026-03-14,ATM-018,Office Building,Jakarta Pusat,800000000,426000000.0,0.0,12700000.0,12700000.0,413300000.0,0,57486.3,0.0,0
2026-03-15,ATM-018,Office Building,Jakarta Pusat,800000000,413300000.0,0.0,12600000.0,12600000.0,400700000.0,0,55753.42,0.0,0
2026-03-16,ATM-018,Office Building,Jakarta Pusat,800000000,400700000.0,0.0,69000000.0,69000000.0,331700000.0,0,50164.38,0.0,0
2026-03-17,ATM-018,Office Building,Jakarta Pusat,800000000,331700000.0,0.0,55200000.0,55200000.0,276500000.0,0,41657.53,0.0,0
2026-03-18,ATM-018,Office Building,Jakarta Pusat,800000000,276500000.0,0.0,69100000.0,69100000.0,207400000.0,0,33143.84,0.0,0
2026-03-19,ATM-018,Office Building,Jakarta Pusat,800000000,207400000.0,0.0,74100000.0,74100000.0,133300000.0,0,23335.62,0.0,0
2026-03-20,ATM-018,Office Building,Jakarta Pusat,800000000,133300000.0,666700000.0,37700000.0,37700000.0,762300000.0,0,61342.47,407000.0,0
2026-03-21,ATM-018,Office Building,Jakarta Pusat,800000000,762300000.0,0.0,14100000.0,14100000.0,748200000.0,0,103458.9,0.0,0
2026-03-22,ATM-018,Office Building,Jakarta Pusat,800000000,748200000.0,0.0,14300000.0,14300000.0,733900000.0,0,101513.7,0.0,0
2026-03-23,ATM-018,Office Building,Jakarta Pusat,800000000,733900000.0,0.0,59700000.0,59700000.0,674200000.0,0,96445.21,0.0,0
2026-03-24,ATM-018,Office Building,Jakarta Pusat,800000000,674200000.0,0.0,63400000.0,63400000.0,610800000.0,0,88013.7,0.0,0
2026-03-25,ATM-018,Office Building,Jakarta Pusat,800000000,610800000.0,0.0,66300000.0,66300000.0,544500000.0,0,79130.14,0.0,0
2026-03-26,ATM-018,Office Building,Jakarta Pusat,800000000,544500000.0,0.0,75500000.0,75500000.0,469000000.0,0,69417.81,0.0,0
2026-03-27,ATM-018,Office Building,Jakarta Pusat,800000000,469000000.0,0.0,53200000.0,53200000.0,415800000.0,0,60602.74,0.0,0
2026-03-28,ATM-018,Office Building,Jakarta Pusat,800000000,415800000.0,0.0,11400000.0,11400000.0,404400000.0,0,56178.08,0.0,0
2026-03-29,ATM-018,Office Building,Jakarta Pusat,800000000,404400000.0,0.0,14300000.0,14300000.0,390100000.0,0,54417.81,0.0,0
2026-03-30,ATM-018,Office Building,Jakarta Pusat,800000000,390100000.0,0.0,70100000.0,70100000.0,320000000.0,0,48636.99,0.0,0
2026-03-31,ATM-018,Office Building,Jakarta Pusat,800000000,320000000.0,0.0,80300000.0,80300000.0,239700000.0,0,38335.62,0.0,0
2026-04-01,ATM-018,Office Building,Jakarta Pusat,800000000,239700000.0,0.0,71300000.0,71300000.0,168400000.0,0,27952.05,0.0,0
2026-04-02,ATM-018,Office Building,Jakarta Pusat,800000000,168400000.0,0.0,50100000.0,50100000.0,118300000.0,0,19636.99,0.0,0
2026-04-03,ATM-018,Office Building,Jakarta Pusat,800000000,118300000.0,681700000.0,71600000.0,71600000.0,728400000.0,0,57993.15,407000.0,0
2026-04-04,ATM-018,Office Building,Jakarta Pusat,800000000,728400000.0,0.0,15300000.0,15300000.0,713100000.0,0,98732.88,0.0,0
2026-04-05,ATM-018,Office Building,Jakarta Pusat,800000000,713100000.0,0.0,11700000.0,11700000.0,701400000.0,0,96883.56,0.0,0
2026-04-06,ATM-018,Office Building,Jakarta Pusat,800000000,701400000.0,0.0,66600000.0,66600000.0,634800000.0,0,91520.55,0.0,0
2026-04-07,ATM-018,Office Building,Jakarta Pusat,800000000,634800000.0,0.0,78000000.0,78000000.0,556800000.0,0,81616.44,0.0,0
2026-04-08,ATM-018,Office Building,Jakarta Pusat,800000000,556800000.0,0.0,60600000.0,60600000.0,496200000.0,0,72123.29,0.0,0
2026-04-09,ATM-018,Office Building,Jakarta Pusat,800000000,496200000.0,0.0,69500000.0,69500000.0,426700000.0,0,63212.33,0.0,0
2026-04-10,ATM-018,Office Building,Jakarta Pusat,800000000,426700000.0,0.0,46300000.0,46300000.0,380400000.0,0,55280.82,0.0,0
2026-04-11,ATM-018,Office Building,Jakarta Pusat,800000000,380400000.0,0.0,14400000.0,14400000.0,366000000.0,0,51123.29,0.0,0
2026-04-12,ATM-018,Office Building,Jakarta Pusat,800000000,366000000.0,0.0,11800000.0,11800000.0,354200000.0,0,49328.77,0.0,0
2026-04-13,ATM-018,Office Building,Jakarta Pusat,800000000,354200000.0,0.0,48000000.0,48000000.0,306200000.0,0,45232.88,0.0,0
2026-04-14,ATM-018,Office Building,Jakarta Pusat,800000000,306200000.0,0.0,52500000.0,52500000.0,253700000.0,0,38349.32,0.0,0
2026-04-15,ATM-018,Office Building,Jakarta Pusat,800000000,253700000.0,0.0,83400000.0,83400000.0,170300000.0,0,29041.1,0.0,0
2026-04-16,ATM-018,Office Building,Jakarta Pusat,800000000,170300000.0,0.0,60000000.0,60000000.0,110300000.0,0,19219.18,0.0,0
2026-04-17,ATM-018,Office Building,Jakarta Pusat,800000000,110300000.0,689700000.0,51700000.0,51700000.0,748300000.0,0,58808.22,407000.0,0
2026-04-18,ATM-018,Office Building,Jakarta Pusat,800000000,748300000.0,0.0,17200000.0,17200000.0,731100000.0,0,101328.77,0.0,0
2026-04-19,ATM-018,Office Building,Jakarta Pusat,800000000,731100000.0,0.0,14900000.0,14900000.0,716200000.0,0,99130.14,0.0,0
2026-04-20,ATM-018,Office Building,Jakarta Pusat,800000000,716200000.0,0.0,56200000.0,56200000.0,660000000.0,0,94260.27,0.0,0
2026-04-21,ATM-018,Office Building,Jakarta Pusat,800000000,660000000.0,0.0,56400000.0,56400000.0,603600000.0,0,86547.95,0.0,0
2026-04-22,ATM-018,Office Building,Jakarta Pusat,800000000,603600000.0,0.0,79000000.0,79000000.0,524600000.0,0,77273.97,0.0,0
2026-04-23,ATM-018,Office Building,Jakarta Pusat,800000000,524600000.0,0.0,39700000.0,39700000.0,484900000.0,0,69143.84,0.0,0
2026-04-24,ATM-018,Office Building,Jakarta Pusat,800000000,484900000.0,0.0,90900000.0,90900000.0,394000000.0,0,60198.63,0.0,0
2026-04-25,ATM-018,Office Building,Jakarta Pusat,800000000,394000000.0,0.0,16400000.0,16400000.0,377600000.0,0,52849.32,0.0,0
2026-04-26,ATM-018,Office Building,Jakarta Pusat,800000000,377600000.0,0.0,18800000.0,18800000.0,358800000.0,0,50438.36,0.0,0
2026-04-27,ATM-018,Office Building,Jakarta Pusat,800000000,358800000.0,0.0,74600000.0,74600000.0,284200000.0,0,44041.1,0.0,0
2026-04-28,ATM-018,Office Building,Jakarta Pusat,800000000,284200000.0,0.0,60200000.0,60200000.0,224000000.0,0,34808.22,0.0,0
2026-04-29,ATM-018,Office Building,Jakarta Pusat,800000000,224000000.0,0.0,47100000.0,47100000.0,176900000.0,0,27458.9,0.0,0
2026-04-30,ATM-018,Office Building,Jakarta Pusat,800000000,176900000.0,0.0,78700000.0,78700000.0,98200000.0,0,18842.47,0.0,0
2026-05-01,ATM-018,Office Building,Jakarta Pusat,800000000,98200000.0,701800000.0,64900000.0,64900000.0,735100000.0,0,57075.34,407000.0,0
2026-05-02,ATM-018,Office Building,Jakarta Pusat,800000000,735100000.0,0.0,17200000.0,17200000.0,717900000.0,0,99520.55,0.0,0
2026-05-03,ATM-018,Office Building,Jakarta Pusat,800000000,717900000.0,0.0,13000000.0,13000000.0,704900000.0,0,97452.05,0.0,0
2026-05-04,ATM-018,Office Building,Jakarta Pusat,800000000,704900000.0,0.0,60100000.0,60100000.0,644800000.0,0,92445.21,0.0,0
2026-05-05,ATM-018,Office Building,Jakarta Pusat,800000000,644800000.0,0.0,74200000.0,74200000.0,570600000.0,0,83246.58,0.0,0
2026-05-06,ATM-018,Office Building,Jakarta Pusat,800000000,570600000.0,0.0,55300000.0,55300000.0,515300000.0,0,74376.71,0.0,0
2026-05-07,ATM-018,Office Building,Jakarta Pusat,800000000,515300000.0,0.0,37400000.0,37400000.0,477900000.0,0,68027.4,0.0,0
2026-05-08,ATM-018,Office Building,Jakarta Pusat,800000000,477900000.0,0.0,81200000.0,81200000.0,396700000.0,0,59904.11,0.0,0
2026-05-09,ATM-018,Office Building,Jakarta Pusat,800000000,396700000.0,0.0,11400000.0,11400000.0,385300000.0,0,53561.64,0.0,0
2026-05-10,ATM-018,Office Building,Jakarta Pusat,800000000,385300000.0,0.0,14200000.0,14200000.0,371100000.0,0,51808.22,0.0,0
2026-05-11,ATM-018,Office Building,Jakarta Pusat,800000000,371100000.0,0.0,51600000.0,51600000.0,319500000.0,0,47301.37,0.0,0
2026-05-12,ATM-018,Office Building,Jakarta Pusat,800000000,319500000.0,0.0,53100000.0,53100000.0,266400000.0,0,40130.14,0.0,0
2026-05-13,ATM-018,Office Building,Jakarta Pusat,800000000,266400000.0,0.0,92300000.0,92300000.0,174100000.0,0,30171.23,0.0,0
2026-05-14,ATM-018,Office Building,Jakarta Pusat,800000000,174100000.0,0.0,44300000.0,44300000.0,129800000.0,0,20815.07,0.0,0
2026-05-15,ATM-018,Office Building,Jakarta Pusat,800000000,129800000.0,670200000.0,77700000.0,77700000.0,722300000.0,0,58363.01,407000.0,0
2026-05-16,ATM-018,Office Building,Jakarta Pusat,800000000,722300000.0,0.0,19200000.0,19200000.0,703100000.0,0,97630.14,0.0,0
2026-05-17,ATM-018,Office Building,Jakarta Pusat,800000000,703100000.0,0.0,15200000.0,15200000.0,687900000.0,0,95273.97,0.0,0
2026-05-18,ATM-018,Office Building,Jakarta Pusat,800000000,687900000.0,0.0,74900000.0,74900000.0,613000000.0,0,89102.74,0.0,0
2026-05-19,ATM-018,Office Building,Jakarta Pusat,800000000,613000000.0,0.0,76100000.0,76100000.0,536900000.0,0,78760.27,0.0,0
2025-11-01,ATM-019,Shopping Mall,Jakarta Utara,800000000,495687000.0,0.0,55900000.0,55900000.0,439787000.0,0,64073.56,0.0,0
2025-11-02,ATM-019,Shopping Mall,Jakarta Utara,800000000,439787000.0,0.0,77700000.0,77700000.0,362087000.0,0,54922.88,0.0,0
2025-11-03,ATM-019,Shopping Mall,Jakarta Utara,800000000,362087000.0,0.0,37200000.0,37200000.0,324887000.0,0,47053.01,0.0,0
2025-11-04,ATM-019,Shopping Mall,Jakarta Utara,800000000,324887000.0,0.0,46900000.0,46900000.0,277987000.0,0,41292.74,0.0,0
2025-11-05,ATM-019,Shopping Mall,Jakarta Utara,800000000,277987000.0,0.0,60200000.0,60200000.0,217787000.0,0,33957.12,0.0,0
2025-11-06,ATM-019,Shopping Mall,Jakarta Utara,800000000,217787000.0,0.0,51500000.0,51500000.0,166287000.0,0,26306.44,0.0,0
2025-11-07,ATM-019,Shopping Mall,Jakarta Utara,800000000,166287000.0,0.0,38500000.0,38500000.0,127787000.0,0,20142.05,0.0,0
2025-11-08,ATM-019,Shopping Mall,Jakarta Utara,800000000,127787000.0,672213000.0,102500000.0,102500000.0,697500000.0,0,56526.51,233000.0,0
2025-11-09,ATM-019,Shopping Mall,Jakarta Utara,800000000,697500000.0,0.0,115900000.0,115900000.0,581600000.0,0,87609.59,0.0,0
2025-11-10,ATM-019,Shopping Mall,Jakarta Utara,800000000,581600000.0,0.0,37100000.0,37100000.0,544500000.0,0,77130.14,0.0,0
2025-11-11,ATM-019,Shopping Mall,Jakarta Utara,800000000,544500000.0,0.0,51500000.0,51500000.0,493000000.0,0,71061.64,0.0,0
2025-11-12,ATM-019,Shopping Mall,Jakarta Utara,800000000,493000000.0,0.0,41000000.0,41000000.0,452000000.0,0,64726.03,0.0,0
2025-11-13,ATM-019,Shopping Mall,Jakarta Utara,800000000,452000000.0,0.0,41600000.0,41600000.0,410400000.0,0,59068.49,0.0,0
2025-11-14,ATM-019,Shopping Mall,Jakarta Utara,800000000,410400000.0,0.0,60900000.0,60900000.0,349500000.0,0,52047.95,0.0,0
2025-11-15,ATM-019,Shopping Mall,Jakarta Utara,800000000,349500000.0,0.0,66900000.0,66900000.0,282600000.0,0,43294.52,0.0,0
2025-11-16,ATM-019,Shopping Mall,Jakarta Utara,800000000,282600000.0,0.0,83500000.0,83500000.0,199100000.0,0,32993.15,0.0,0
2025-11-17,ATM-019,Shopping Mall,Jakarta Utara,800000000,199100000.0,0.0,26500000.0,26500000.0,172600000.0,0,25458.9,0.0,0
2025-11-18,ATM-019,Shopping Mall,Jakarta Utara,800000000,172600000.0,0.0,33400000.0,33400000.0,139200000.0,0,21356.16,0.0,0
2025-11-19,ATM-019,Shopping Mall,Jakarta Utara,800000000,139200000.0,660800000.0,33700000.0,33700000.0,766300000.0,0,62020.55,233000.0,0
2025-11-20,ATM-019,Shopping Mall,Jakarta Utara,800000000,766300000.0,0.0,57500000.0,57500000.0,708800000.0,0,101034.25,0.0,0
2025-11-21,ATM-019,Shopping Mall,Jakarta Utara,800000000,708800000.0,0.0,29000000.0,29000000.0,679800000.0,0,95109.59,0.0,0
2025-11-22,ATM-019,Shopping Mall,Jakarta Utara,800000000,679800000.0,0.0,64600000.0,64600000.0,615200000.0,0,88698.63,0.0,0
2025-11-23,ATM-019,Shopping Mall,Jakarta Utara,800000000,615200000.0,0.0,81800000.0,81800000.0,533400000.0,0,78671.23,0.0,0
2025-11-24,ATM-019,Shopping Mall,Jakarta Utara,800000000,533400000.0,0.0,49900000.0,49900000.0,483500000.0,0,69650.68,0.0,0
2025-11-25,ATM-019,Shopping Mall,Jakarta Utara,800000000,483500000.0,0.0,50200000.0,50200000.0,433300000.0,0,62794.52,0.0,0
2025-11-26,ATM-019,Shopping Mall,Jakarta Utara,800000000,433300000.0,0.0,36000000.0,36000000.0,397300000.0,0,56890.41,0.0,0
2025-11-27,ATM-019,Shopping Mall,Jakarta Utara,800000000,397300000.0,0.0,29800000.0,29800000.0,367500000.0,0,52383.56,0.0,0
2025-11-28,ATM-019,Shopping Mall,Jakarta Utara,800000000,367500000.0,0.0,33100000.0,33100000.0,334400000.0,0,48075.34,0.0,0
2025-11-29,ATM-019,Shopping Mall,Jakarta Utara,800000000,334400000.0,0.0,89400000.0,89400000.0,245000000.0,0,39684.93,0.0,0
2025-11-30,ATM-019,Shopping Mall,Jakarta Utara,800000000,245000000.0,0.0,129500000.0,129500000.0,115500000.0,0,24691.78,0.0,0
2025-12-01,ATM-019,Shopping Mall,Jakarta Utara,800000000,115500000.0,684500000.0,53700000.0,53700000.0,746300000.0,0,59027.4,233000.0,0
2025-12-02,ATM-019,Shopping Mall,Jakarta Utara,800000000,746300000.0,0.0,50300000.0,50300000.0,696000000.0,0,98787.67,0.0,0
2025-12-03,ATM-019,Shopping Mall,Jakarta Utara,800000000,696000000.0,0.0,26800000.0,26800000.0,669200000.0,0,93506.85,0.0,0
2025-12-04,ATM-019,Shopping Mall,Jakarta Utara,800000000,669200000.0,0.0,28700000.0,28700000.0,640500000.0,0,89705.48,0.0,0
2025-12-05,ATM-019,Shopping Mall,Jakarta Utara,800000000,640500000.0,0.0,45800000.0,45800000.0,594700000.0,0,84602.74,0.0,0
2025-12-06,ATM-019,Shopping Mall,Jakarta Utara,800000000,594700000.0,0.0,79000000.0,79000000.0,515700000.0,0,76054.79,0.0,0
2025-12-07,ATM-019,Shopping Mall,Jakarta Utara,800000000,515700000.0,0.0,79600000.0,79600000.0,436100000.0,0,65191.78,0.0,0
2025-12-08,ATM-019,Shopping Mall,Jakarta Utara,800000000,436100000.0,0.0,40300000.0,40300000.0,395800000.0,0,56979.45,0.0,0
2025-12-09,ATM-019,Shopping Mall,Jakarta Utara,800000000,395800000.0,0.0,51500000.0,51500000.0,344300000.0,0,50691.78,0.0,0
2025-12-10,ATM-019,Shopping Mall,Jakarta Utara,800000000,344300000.0,0.0,37000000.0,37000000.0,307300000.0,0,44630.14,0.0,0
2025-12-11,ATM-019,Shopping Mall,Jakarta Utara,800000000,307300000.0,0.0,36200000.0,36200000.0,271100000.0,0,39616.44,0.0,0
2025-12-12,ATM-019,Shopping Mall,Jakarta Utara,800000000,271100000.0,0.0,38500000.0,38500000.0,232600000.0,0,34500.0,0.0,0
2025-12-13,ATM-019,Shopping Mall,Jakarta Utara,800000000,232600000.0,0.0,80100000.0,80100000.0,152500000.0,0,26376.71,0.0,0
2025-12-14,ATM-019,Shopping Mall,Jakarta Utara,800000000,152500000.0,647500000.0,92800000.0,92800000.0,707200000.0,0,58883.56,233000.0,0
2025-12-15,ATM-019,Shopping Mall,Jakarta Utara,800000000,707200000.0,0.0,59100000.0,59100000.0,648100000.0,0,92828.77,0.0,0
2025-12-16,ATM-019,Shopping Mall,Jakarta Utara,800000000,648100000.0,0.0,47200000.0,47200000.0,600900000.0,0,85547.95,0.0,0
2025-12-17,ATM-019,Shopping Mall,Jakarta Utara,800000000,600900000.0,0.0,52500000.0,52500000.0,548400000.0,0,78719.18,0.0,0
2025-12-18,ATM-019,Shopping Mall,Jakarta Utara,800000000,548400000.0,0.0,34900000.0,34900000.0,513500000.0,0,72732.88,0.0,0
2025-12-19,ATM-019,Shopping Mall,Jakarta Utara,800000000,513500000.0,0.0,34300000.0,34300000.0,479200000.0,0,67993.15,0.0,0
2025-12-20,ATM-019,Shopping Mall,Jakarta Utara,800000000,479200000.0,0.0,71500000.0,71500000.0,407700000.0,0,60746.58,0.0,0
2025-12-21,ATM-019,Shopping Mall,Jakarta Utara,800000000,407700000.0,0.0,73700000.0,73700000.0,334000000.0,0,50801.37,0.0,0
2025-12-22,ATM-019,Shopping Mall,Jakarta Utara,800000000,334000000.0,0.0,44300000.0,44300000.0,289700000.0,0,42719.18,0.0,0
2025-12-23,ATM-019,Shopping Mall,Jakarta Utara,800000000,289700000.0,0.0,46500000.0,46500000.0,243200000.0,0,36500.0,0.0,0
2025-12-24,ATM-019,Shopping Mall,Jakarta Utara,800000000,243200000.0,0.0,38900000.0,38900000.0,204300000.0,0,30650.68,0.0,0
2025-12-25,ATM-019,Shopping Mall,Jakarta Utara,800000000,204300000.0,0.0,44400000.0,44400000.0,159900000.0,0,24945.21,0.0,0
2025-12-26,ATM-019,Shopping Mall,Jakarta Utara,800000000,159900000.0,640100000.0,38300000.0,38300000.0,761700000.0,0,63123.29,233000.0,0
2025-12-27,ATM-019,Shopping Mall,Jakarta Utara,800000000,761700000.0,0.0,129500000.0,129500000.0,632200000.0,0,95472.6,0.0,0
2025-12-28,ATM-019,Shopping Mall,Jakarta Utara,800000000,632200000.0,0.0,90800000.0,90800000.0,541400000.0,0,80383.56,0.0,0
2025-12-29,ATM-019,Shopping Mall,Jakarta Utara,800000000,541400000.0,0.0,45800000.0,45800000.0,495600000.0,0,71027.4,0.0,0
2025-12-30,ATM-019,Shopping Mall,Jakarta Utara,800000000,495600000.0,0.0,36800000.0,36800000.0,458800000.0,0,65369.86,0.0,0
2025-12-31,ATM-019,Shopping Mall,Jakarta Utara,800000000,458800000.0,0.0,33000000.0,33000000.0,425800000.0,0,60589.04,0.0,0
2026-01-01,ATM-019,Shopping Mall,Jakarta Utara,800000000,425800000.0,0.0,51000000.0,51000000.0,374800000.0,0,54835.62,0.0,0
2026-01-02,ATM-019,Shopping Mall,Jakarta Utara,800000000,374800000.0,0.0,31800000.0,31800000.0,343000000.0,0,49164.38,0.0,0
2026-01-03,ATM-019,Shopping Mall,Jakarta Utara,800000000,343000000.0,0.0,125900000.0,125900000.0,217100000.0,0,38363.01,0.0,0
2026-01-04,ATM-019,Shopping Mall,Jakarta Utara,800000000,217100000.0,0.0,74900000.0,74900000.0,142200000.0,0,24609.59,0.0,0
2026-01-05,ATM-019,Shopping Mall,Jakarta Utara,800000000,142200000.0,657800000.0,41900000.0,41900000.0,758100000.0,0,61664.38,233000.0,0
2026-01-06,ATM-019,Shopping Mall,Jakarta Utara,800000000,758100000.0,0.0,50200000.0,50200000.0,707900000.0,0,100410.96,0.0,0
2026-01-07,ATM-019,Shopping Mall,Jakarta Utara,800000000,707900000.0,0.0,53900000.0,53900000.0,654000000.0,0,93280.82,0.0,0
2026-01-08,ATM-019,Shopping Mall,Jakarta Utara,800000000,654000000.0,0.0,61800000.0,61800000.0,592200000.0,0,85356.16,0.0,0
2026-01-09,ATM-019,Shopping Mall,Jakarta Utara,800000000,592200000.0,0.0,41200000.0,41200000.0,551000000.0,0,78301.37,0.0,0
2026-01-10,ATM-019,Shopping Mall,Jakarta Utara,800000000,551000000.0,0.0,123300000.0,123300000.0,427700000.0,0,67034.25,0.0,0
2026-01-11,ATM-019,Shopping Mall,Jakarta Utara,800000000,427700000.0,0.0,73600000.0,73600000.0,354100000.0,0,53547.95,0.0,0
2026-01-12,ATM-019,Shopping Mall,Jakarta Utara,800000000,354100000.0,0.0,48700000.0,48700000.0,305400000.0,0,45171.23,0.0,0
2026-01-13,ATM-019,Shopping Mall,Jakarta Utara,800000000,305400000.0,0.0,27800000.0,27800000.0,277600000.0,0,39931.51,0.0,0
2026-01-14,ATM-019,Shopping Mall,Jakarta Utara,800000000,277600000.0,0.0,26800000.0,26800000.0,250800000.0,0,36191.78,0.0,0
2026-01-15,ATM-019,Shopping Mall,Jakarta Utara,800000000,250800000.0,0.0,38700000.0,38700000.0,212100000.0,0,31705.48,0.0,0
2026-01-16,ATM-019,Shopping Mall,Jakarta Utara,800000000,212100000.0,0.0,40700000.0,40700000.0,171400000.0,0,26267.12,0.0,0
2026-01-17,ATM-019,Shopping Mall,Jakarta Utara,800000000,171400000.0,0.0,109300000.0,109300000.0,62100000.0,0,15993.15,0.0,0
2026-01-18,ATM-019,Shopping Mall,Jakarta Utara,800000000,62100000.0,737900000.0,92100000.0,92100000.0,707900000.0,0,52739.73,233000.0,0
2026-01-19,ATM-019,Shopping Mall,Jakarta Utara,800000000,707900000.0,0.0,42500000.0,42500000.0,665400000.0,0,94061.64,0.0,0
2026-01-20,ATM-019,Shopping Mall,Jakarta Utara,800000000,665400000.0,0.0,33900000.0,33900000.0,631500000.0,0,88828.77,0.0,0
2026-01-21,ATM-019,Shopping Mall,Jakarta Utara,800000000,631500000.0,0.0,26100000.0,26100000.0,605400000.0,0,84719.18,0.0,0
2026-01-22,ATM-019,Shopping Mall,Jakarta Utara,800000000,605400000.0,0.0,34000000.0,34000000.0,571400000.0,0,80602.74,0.0,0
2026-01-23,ATM-019,Shopping Mall,Jakarta Utara,800000000,571400000.0,0.0,52600000.0,52600000.0,518800000.0,0,74671.23,0.0,0
2026-01-24,ATM-019,Shopping Mall,Jakarta Utara,800000000,518800000.0,0.0,50900000.0,50900000.0,467900000.0,0,67582.19,0.0,0
2026-01-25,ATM-019,Shopping Mall,Jakarta Utara,800000000,467900000.0,0.0,62500000.0,62500000.0,405400000.0,0,59815.07,0.0,0
2026-01-26,ATM-019,Shopping Mall,Jakarta Utara,800000000,405400000.0,0.0,61500000.0,61500000.0,343900000.0,0,51321.92,0.0,0
2026-01-27,ATM-019,Shopping Mall,Jakarta Utara,800000000,343900000.0,0.0,41100000.0,41100000.0,302800000.0,0,44294.52,0.0,0
2026-01-28,ATM-019,Shopping Mall,Jakarta Utara,800000000,302800000.0,0.0,28600000.0,28600000.0,274200000.0,0,39520.55,0.0,0
2026-01-29,ATM-019,Shopping Mall,Jakarta Utara,800000000,274200000.0,0.0,64400000.0,64400000.0,209800000.0,0,33150.68,0.0,0
2026-01-30,ATM-019,Shopping Mall,Jakarta Utara,800000000,209800000.0,0.0,32800000.0,32800000.0,177000000.0,0,26493.15,0.0,0
2026-01-31,ATM-019,Shopping Mall,Jakarta Utara,800000000,177000000.0,0.0,92200000.0,92200000.0,84800000.0,0,17931.51,0.0,0
2026-02-01,ATM-019,Shopping Mall,Jakarta Utara,800000000,84800000.0,715200000.0,78300000.0,78300000.0,721700000.0,0,55239.73,233000.0,0
2026-02-02,ATM-019,Shopping Mall,Jakarta Utara,800000000,721700000.0,0.0,35100000.0,35100000.0,686600000.0,0,96458.9,0.0,0
2026-02-03,ATM-019,Shopping Mall,Jakarta Utara,800000000,686600000.0,0.0,57800000.0,57800000.0,628800000.0,0,90095.89,0.0,0
2026-02-04,ATM-019,Shopping Mall,Jakarta Utara,800000000,628800000.0,0.0,69300000.0,69300000.0,559500000.0,0,81390.41,0.0,0
2026-02-05,ATM-019,Shopping Mall,Jakarta Utara,800000000,559500000.0,0.0,69100000.0,69100000.0,490400000.0,0,71910.96,0.0,0
2026-02-06,ATM-019,Shopping Mall,Jakarta Utara,800000000,490400000.0,0.0,46600000.0,46600000.0,443800000.0,0,63986.3,0.0,0
2026-02-07,ATM-019,Shopping Mall,Jakarta Utara,800000000,443800000.0,0.0,80300000.0,80300000.0,363500000.0,0,55294.52,0.0,0
2026-02-08,ATM-019,Shopping Mall,Jakarta Utara,800000000,363500000.0,0.0,94400000.0,94400000.0,269100000.0,0,43328.77,0.0,0
2026-02-09,ATM-019,Shopping Mall,Jakarta Utara,800000000,269100000.0,0.0,39300000.0,39300000.0,229800000.0,0,34171.23,0.0,0
2026-02-10,ATM-019,Shopping Mall,Jakarta Utara,800000000,229800000.0,0.0,57100000.0,57100000.0,172700000.0,0,27568.49,0.0,0
2026-02-11,ATM-019,Shopping Mall,Jakarta Utara,800000000,172700000.0,0.0,30600000.0,30600000.0,142100000.0,0,21561.64,0.0,0
2026-02-12,ATM-019,Shopping Mall,Jakarta Utara,800000000,142100000.0,657900000.0,42500000.0,42500000.0,757500000.0,0,61616.44,233000.0,0
2026-02-13,ATM-019,Shopping Mall,Jakarta Utara,800000000,757500000.0,0.0,51400000.0,51400000.0,706100000.0,0,100246.58,0.0,0
2026-02-14,ATM-019,Shopping Mall,Jakarta Utara,800000000,706100000.0,0.0,65400000.0,65400000.0,640700000.0,0,92246.58,0.0,0
2026-02-15,ATM-019,Shopping Mall,Jakarta Utara,800000000,640700000.0,0.0,123800000.0,123800000.0,516900000.0,0,79287.67,0.0,0
2026-02-16,ATM-019,Shopping Mall,Jakarta Utara,800000000,516900000.0,0.0,66000000.0,66000000.0,450900000.0,0,66287.67,0.0,0
2026-02-17,ATM-019,Shopping Mall,Jakarta Utara,800000000,450900000.0,0.0,50000000.0,50000000.0,400900000.0,0,58342.47,0.0,0
2026-02-18,ATM-019,Shopping Mall,Jakarta Utara,800000000,400900000.0,0.0,32100000.0,32100000.0,368800000.0,0,52719.18,0.0,0
2026-02-19,ATM-019,Shopping Mall,Jakarta Utara,800000000,368800000.0,0.0,41200000.0,41200000.0,327600000.0,0,47698.63,0.0,0
2026-02-20,ATM-019,Shopping Mall,Jakarta Utara,800000000,327600000.0,0.0,49800000.0,49800000.0,277800000.0,0,41465.75,0.0,0
2026-02-21,ATM-019,Shopping Mall,Jakarta Utara,800000000,277800000.0,0.0,99100000.0,99100000.0,178700000.0,0,31267.12,0.0,0
2026-02-22,ATM-019,Shopping Mall,Jakarta Utara,800000000,178700000.0,0.0,88600000.0,88600000.0,90100000.0,0,18410.96,0.0,0
2026-02-23,ATM-019,Shopping Mall,Jakarta Utara,800000000,90100000.0,709900000.0,37700000.0,37700000.0,762300000.0,0,58383.56,233000.0,0
2026-02-24,ATM-019,Shopping Mall,Jakarta Utara,800000000,762300000.0,0.0,55200000.0,55200000.0,707100000.0,0,100643.84,0.0,0
2026-02-25,ATM-019,Shopping Mall,Jakarta Utara,800000000,707100000.0,0.0,40700000.0,40700000.0,666400000.0,0,94075.34,0.0,0
2026-02-26,ATM-019,Shopping Mall,Jakarta Utara,800000000,666400000.0,0.0,49100000.0,49100000.0,617300000.0,0,87924.66,0.0,0
2026-02-27,ATM-019,Shopping Mall,Jakarta Utara,800000000,617300000.0,0.0,38700000.0,38700000.0,578600000.0,0,81910.96,0.0,0
2026-02-28,ATM-019,Shopping Mall,Jakarta Utara,800000000,578600000.0,0.0,64500000.0,64500000.0,514100000.0,0,74842.47,0.0,0
2026-03-01,ATM-019,Shopping Mall,Jakarta Utara,800000000,514100000.0,0.0,107100000.0,107100000.0,407000000.0,0,63089.04,0.0,0
2026-03-02,ATM-019,Shopping Mall,Jakarta Utara,800000000,407000000.0,0.0,45300000.0,45300000.0,361700000.0,0,52650.68,0.0,0
2026-03-03,ATM-019,Shopping Mall,Jakarta Utara,800000000,361700000.0,0.0,55400000.0,55400000.0,306300000.0,0,45753.42,0.0,0
2026-03-04,ATM-019,Shopping Mall,Jakarta Utara,800000000,306300000.0,0.0,42100000.0,42100000.0,264200000.0,0,39075.34,0.0,0
2026-03-05,ATM-019,Shopping Mall,Jakarta Utara,800000000,264200000.0,0.0,28400000.0,28400000.0,235800000.0,0,34246.58,0.0,0
2026-03-06,ATM-019,Shopping Mall,Jakarta Utara,800000000,235800000.0,0.0,40800000.0,40800000.0,195000000.0,0,29506.85,0.0,0
2026-03-07,ATM-019,Shopping Mall,Jakarta Utara,800000000,195000000.0,0.0,93700000.0,93700000.0,101300000.0,0,20294.52,0.0,0
2026-03-08,ATM-019,Shopping Mall,Jakarta Utara,800000000,101300000.0,698700000.0,94400000.0,94400000.0,705600000.0,0,55267.12,233000.0,0
2026-03-09,ATM-019,Shopping Mall,Jakarta Utara,800000000,705600000.0,0.0,42400000.0,42400000.0,663200000.0,0,93753.42,0.0,0
2026-03-10,ATM-019,Shopping Mall,Jakarta Utara,800000000,663200000.0,0.0,50200000.0,50200000.0,613000000.0,0,87410.96,0.0,0
2026-03-11,ATM-019,Shopping Mall,Jakarta Utara,800000000,613000000.0,0.0,36200000.0,36200000.0,576800000.0,0,81493.15,0.0,0
2026-03-12,ATM-019,Shopping Mall,Jakarta Utara,800000000,576800000.0,0.0,39200000.0,39200000.0,537600000.0,0,76328.77,0.0,0
2026-03-13,ATM-019,Shopping Mall,Jakarta Utara,800000000,537600000.0,0.0,34000000.0,34000000.0,503600000.0,0,71315.07,0.0,0
2026-03-14,ATM-019,Shopping Mall,Jakarta Utara,800000000,503600000.0,0.0,111100000.0,111100000.0,392500000.0,0,61376.71,0.0,0
2026-03-15,ATM-019,Shopping Mall,Jakarta Utara,800000000,392500000.0,0.0,109900000.0,109900000.0,282600000.0,0,46239.73,0.0,0
2026-03-16,ATM-019,Shopping Mall,Jakarta Utara,800000000,282600000.0,0.0,48500000.0,48500000.0,234100000.0,0,35390.41,0.0,0
2026-03-17,ATM-019,Shopping Mall,Jakarta Utara,800000000,234100000.0,0.0,26200000.0,26200000.0,207900000.0,0,30273.97,0.0,0
2026-03-18,ATM-019,Shopping Mall,Jakarta Utara,800000000,207900000.0,0.0,31600000.0,31600000.0,176300000.0,0,26315.07,0.0,0
2026-03-19,ATM-019,Shopping Mall,Jakarta Utara,800000000,176300000.0,0.0,36700000.0,36700000.0,139600000.0,0,21636.99,0.0,0
2026-03-20,ATM-019,Shopping Mall,Jakarta Utara,800000000,139600000.0,660400000.0,58500000.0,58500000.0,741500000.0,0,60349.32,233000.0,0
2026-03-21,ATM-019,Shopping Mall,Jakarta Utara,800000000,741500000.0,0.0,82800000.0,82800000.0,658700000.0,0,95904.11,0.0,0
2026-03-22,ATM-019,Shopping Mall,Jakarta Utara,800000000,658700000.0,0.0,143800000.0,143800000.0,514900000.0,0,80383.56,0.0,0
2026-03-23,ATM-019,Shopping Mall,Jakarta Utara,800000000,514900000.0,0.0,57600000.0,57600000.0,457300000.0,0,66589.04,0.0,0
2026-03-24,ATM-019,Shopping Mall,Jakarta Utara,800000000,457300000.0,0.0,46100000.0,46100000.0,411200000.0,0,59486.3,0.0,0
2026-03-25,ATM-019,Shopping Mall,Jakarta Utara,800000000,411200000.0,0.0,44000000.0,44000000.0,367200000.0,0,53315.07,0.0,0
2026-03-26,ATM-019,Shopping Mall,Jakarta Utara,800000000,367200000.0,0.0,51400000.0,51400000.0,315800000.0,0,46780.82,0.0,0
2026-03-27,ATM-019,Shopping Mall,Jakarta Utara,800000000,315800000.0,0.0,43500000.0,43500000.0,272300000.0,0,40280.82,0.0,0
2026-03-28,ATM-019,Shopping Mall,Jakarta Utara,800000000,272300000.0,0.0,98200000.0,98200000.0,174100000.0,0,30575.34,0.0,0
2026-03-29,ATM-019,Shopping Mall,Jakarta Utara,800000000,174100000.0,0.0,100200000.0,100200000.0,73900000.0,0,16986.3,0.0,0
2026-03-30,ATM-019,Shopping Mall,Jakarta Utara,800000000,73900000.0,726100000.0,33100000.0,33100000.0,766900000.0,0,57589.04,233000.0,0
2026-03-31,ATM-019,Shopping Mall,Jakarta Utara,800000000,766900000.0,0.0,40500000.0,40500000.0,726400000.0,0,102280.82,0.0,0
2026-04-01,ATM-019,Shopping Mall,Jakarta Utara,800000000,726400000.0,0.0,44500000.0,44500000.0,681900000.0,0,96458.9,0.0,0
2026-04-02,ATM-019,Shopping Mall,Jakarta Utara,800000000,681900000.0,0.0,59100000.0,59100000.0,622800000.0,0,89363.01,0.0,0
2026-04-03,ATM-019,Shopping Mall,Jakarta Utara,800000000,622800000.0,0.0,50900000.0,50900000.0,571900000.0,0,81828.77,0.0,0
2026-04-04,ATM-019,Shopping Mall,Jakarta Utara,800000000,571900000.0,0.0,99500000.0,99500000.0,472400000.0,0,71527.4,0.0,0
2026-04-05,ATM-019,Shopping Mall,Jakarta Utara,800000000,472400000.0,0.0,79000000.0,79000000.0,393400000.0,0,59301.37,0.0,0
2026-04-06,ATM-019,Shopping Mall,Jakarta Utara,800000000,393400000.0,0.0,45000000.0,45000000.0,348400000.0,0,50808.22,0.0,0
2026-04-07,ATM-019,Shopping Mall,Jakarta Utara,800000000,348400000.0,0.0,44500000.0,44500000.0,303900000.0,0,44678.08,0.0,0
2026-04-08,ATM-019,Shopping Mall,Jakarta Utara,800000000,303900000.0,0.0,42500000.0,42500000.0,261400000.0,0,38719.18,0.0,0
2026-04-09,ATM-019,Shopping Mall,Jakarta Utara,800000000,261400000.0,0.0,39900000.0,39900000.0,221500000.0,0,33075.34,0.0,0
2026-04-10,ATM-019,Shopping Mall,Jakarta Utara,800000000,221500000.0,0.0,34100000.0,34100000.0,187400000.0,0,28006.85,0.0,0
2026-04-11,ATM-019,Shopping Mall,Jakarta Utara,800000000,187400000.0,0.0,103000000.0,103000000.0,84400000.0,0,18616.44,0.0,0
2026-04-12,ATM-019,Shopping Mall,Jakarta Utara,800000000,84400000.0,715600000.0,91500000.0,91500000.0,708500000.0,0,54308.22,233000.0,0
2026-04-13,ATM-019,Shopping Mall,Jakarta Utara,800000000,708500000.0,0.0,46800000.0,46800000.0,661700000.0,0,93849.32,0.0,0
2026-04-14,ATM-019,Shopping Mall,Jakarta Utara,800000000,661700000.0,0.0,42900000.0,42900000.0,618800000.0,0,87705.48,0.0,0
2026-04-15,ATM-019,Shopping Mall,Jakarta Utara,800000000,618800000.0,0.0,34200000.0,34200000.0,584600000.0,0,82424.66,0.0,0
2026-04-16,ATM-019,Shopping Mall,Jakarta Utara,800000000,584600000.0,0.0,49700000.0,49700000.0,534900000.0,0,76678.08,0.0,0
2026-04-17,ATM-019,Shopping Mall,Jakarta Utara,800000000,534900000.0,0.0,54600000.0,54600000.0,480300000.0,0,69534.25,0.0,0
2026-04-18,ATM-019,Shopping Mall,Jakarta Utara,800000000,480300000.0,0.0,101800000.0,101800000.0,378500000.0,0,58821.92,0.0,0
2026-04-19,ATM-019,Shopping Mall,Jakarta Utara,800000000,378500000.0,0.0,110600000.0,110600000.0,267900000.0,0,44273.97,0.0,0
2026-04-20,ATM-019,Shopping Mall,Jakarta Utara,800000000,267900000.0,0.0,52400000.0,52400000.0,215500000.0,0,33109.59,0.0,0
2026-04-21,ATM-019,Shopping Mall,Jakarta Utara,800000000,215500000.0,0.0,42300000.0,42300000.0,173200000.0,0,26623.29,0.0,0
2026-04-22,ATM-019,Shopping Mall,Jakarta Utara,800000000,173200000.0,0.0,30100000.0,30100000.0,143100000.0,0,21664.38,0.0,0
2026-04-23,ATM-019,Shopping Mall,Jakarta Utara,800000000,143100000.0,656900000.0,46200000.0,46200000.0,753800000.0,0,61431.51,233000.0,0
2026-04-24,ATM-019,Shopping Mall,Jakarta Utara,800000000,753800000.0,0.0,47600000.0,47600000.0,706200000.0,0,100000.0,0.0,0
2026-04-25,ATM-019,Shopping Mall,Jakarta Utara,800000000,706200000.0,0.0,67700000.0,67700000.0,638500000.0,0,92102.74,0.0,0
2026-04-26,ATM-019,Shopping Mall,Jakarta Utara,800000000,638500000.0,0.0,66600000.0,66600000.0,571900000.0,0,82904.11,0.0,0
2026-04-27,ATM-019,Shopping Mall,Jakarta Utara,800000000,571900000.0,0.0,39100000.0,39100000.0,532800000.0,0,75664.38,0.0,0
2026-04-28,ATM-019,Shopping Mall,Jakarta Utara,800000000,532800000.0,0.0,38000000.0,38000000.0,494800000.0,0,70383.56,0.0,0
2026-04-29,ATM-019,Shopping Mall,Jakarta Utara,800000000,494800000.0,0.0,34400000.0,34400000.0,460400000.0,0,65424.66,0.0,0
2026-04-30,ATM-019,Shopping Mall,Jakarta Utara,800000000,460400000.0,0.0,41200000.0,41200000.0,419200000.0,0,60246.58,0.0,0
2026-05-01,ATM-019,Shopping Mall,Jakarta Utara,800000000,419200000.0,0.0,32000000.0,32000000.0,387200000.0,0,55232.88,0.0,0
2026-05-02,ATM-019,Shopping Mall,Jakarta Utara,800000000,387200000.0,0.0,80400000.0,80400000.0,306800000.0,0,47534.25,0.0,0
2026-05-03,ATM-019,Shopping Mall,Jakarta Utara,800000000,306800000.0,0.0,73000000.0,73000000.0,233800000.0,0,37027.4,0.0,0
2026-05-04,ATM-019,Shopping Mall,Jakarta Utara,800000000,233800000.0,0.0,33800000.0,33800000.0,200000000.0,0,29712.33,0.0,0
2026-05-05,ATM-019,Shopping Mall,Jakarta Utara,800000000,200000000.0,0.0,36700000.0,36700000.0,163300000.0,0,24883.56,0.0,0
2026-05-06,ATM-019,Shopping Mall,Jakarta Utara,800000000,163300000.0,0.0,67200000.0,67200000.0,96100000.0,0,17767.12,0.0,0
2026-05-07,ATM-019,Shopping Mall,Jakarta Utara,800000000,96100000.0,703900000.0,29900000.0,29900000.0,770100000.0,0,59328.77,233000.0,0
2026-05-08,ATM-019,Shopping Mall,Jakarta Utara,800000000,770100000.0,0.0,46600000.0,46600000.0,723500000.0,0,102301.37,0.0,0
2026-05-09,ATM-019,Shopping Mall,Jakarta Utara,800000000,723500000.0,0.0,92200000.0,92200000.0,631300000.0,0,92794.52,0.0,0
2026-05-10,ATM-019,Shopping Mall,Jakarta Utara,800000000,631300000.0,0.0,120400000.0,120400000.0,510900000.0,0,78232.88,0.0,0
2026-05-11,ATM-019,Shopping Mall,Jakarta Utara,800000000,510900000.0,0.0,48400000.0,48400000.0,462500000.0,0,66671.23,0.0,0
2026-05-12,ATM-019,Shopping Mall,Jakarta Utara,800000000,462500000.0,0.0,30700000.0,30700000.0,431800000.0,0,61253.42,0.0,0
2026-05-13,ATM-019,Shopping Mall,Jakarta Utara,800000000,431800000.0,0.0,28300000.0,28300000.0,403500000.0,0,57212.33,0.0,0
2026-05-14,ATM-019,Shopping Mall,Jakarta Utara,800000000,403500000.0,0.0,47100000.0,47100000.0,356400000.0,0,52047.95,0.0,0
2026-05-15,ATM-019,Shopping Mall,Jakarta Utara,800000000,356400000.0,0.0,53300000.0,53300000.0,303100000.0,0,45171.23,0.0,0
2026-05-16,ATM-019,Shopping Mall,Jakarta Utara,800000000,303100000.0,0.0,111000000.0,111000000.0,192100000.0,0,33917.81,0.0,0
2026-05-17,ATM-019,Shopping Mall,Jakarta Utara,800000000,192100000.0,0.0,103500000.0,103500000.0,88600000.0,0,19226.03,0.0,0
2026-05-18,ATM-019,Shopping Mall,Jakarta Utara,800000000,88600000.0,711400000.0,44500000.0,44500000.0,755500000.0,0,57815.07,233000.0,0
2026-05-19,ATM-019,Shopping Mall,Jakarta Utara,800000000,755500000.0,0.0,47200000.0,47200000.0,708300000.0,0,100260.27,0.0,0
2025-11-01,ATM-020,Office Building,Jakarta Selatan,800000000,650796000.0,0.0,13600000.0,13600000.0,637196000.0,0,88218.63,0.0,0
2025-11-02,ATM-020,Office Building,Jakarta Selatan,800000000,637196000.0,0.0,15700000.0,15700000.0,621496000.0,0,86211.78,0.0,0
2025-11-03,ATM-020,Office Building,Jakarta Selatan,800000000,621496000.0,0.0,60800000.0,60800000.0,560696000.0,0,80972.05,0.0,0
2025-11-04,ATM-020,Office Building,Jakarta Selatan,800000000,560696000.0,0.0,75400000.0,75400000.0,485296000.0,0,71643.29,0.0,0
2025-11-05,ATM-020,Office Building,Jakarta Selatan,800000000,485296000.0,0.0,74700000.0,74700000.0,410596000.0,0,61362.47,0.0,0
2025-11-06,ATM-020,Office Building,Jakarta Selatan,800000000,410596000.0,0.0,65500000.0,65500000.0,345096000.0,0,51759.73,0.0,0
2025-11-07,ATM-020,Office Building,Jakarta Selatan,800000000,345096000.0,0.0,78200000.0,78200000.0,266896000.0,0,41917.26,0.0,0
2025-11-08,ATM-020,Office Building,Jakarta Selatan,800000000,266896000.0,0.0,17000000.0,17000000.0,249896000.0,0,35396.71,0.0,0
2025-11-09,ATM-020,Office Building,Jakarta Selatan,800000000,249896000.0,0.0,14900000.0,14900000.0,234996000.0,0,33211.78,0.0,0
2025-11-10,ATM-020,Office Building,Jakarta Selatan,800000000,234996000.0,0.0,92600000.0,92600000.0,142396000.0,0,25848.77,0.0,0
2025-11-11,ATM-020,Office Building,Jakarta Selatan,800000000,142396000.0,657604000.0,67500000.0,67500000.0,732500000.0,0,59924.38,261000.0,0
2025-11-12,ATM-020,Office Building,Jakarta Selatan,800000000,732500000.0,0.0,77400000.0,77400000.0,655100000.0,0,95041.1,0.0,0
2025-11-13,ATM-020,Office Building,Jakarta Selatan,800000000,655100000.0,0.0,81000000.0,81000000.0,574100000.0,0,84191.78,0.0,0
2025-11-14,ATM-020,Office Building,Jakarta Selatan,800000000,574100000.0,0.0,36900000.0,36900000.0,537200000.0,0,76116.44,0.0,0
2025-11-15,ATM-020,Office Building,Jakarta Selatan,800000000,537200000.0,0.0,16400000.0,16400000.0,520800000.0,0,72465.75,0.0,0
2025-11-16,ATM-020,Office Building,Jakarta Selatan,800000000,520800000.0,0.0,13100000.0,13100000.0,507700000.0,0,70445.21,0.0,0
2025-11-17,ATM-020,Office Building,Jakarta Selatan,800000000,507700000.0,0.0,64300000.0,64300000.0,443400000.0,0,65143.84,0.0,0
2025-11-18,ATM-020,Office Building,Jakarta Selatan,800000000,443400000.0,0.0,47100000.0,47100000.0,396300000.0,0,57513.7,0.0,0
2025-11-19,ATM-020,Office Building,Jakarta Selatan,800000000,396300000.0,0.0,73800000.0,73800000.0,322500000.0,0,49232.88,0.0,0
2025-11-20,ATM-020,Office Building,Jakarta Selatan,800000000,322500000.0,0.0,88300000.0,88300000.0,234200000.0,0,38130.14,0.0,0
2025-11-21,ATM-020,Office Building,Jakarta Selatan,800000000,234200000.0,0.0,48100000.0,48100000.0,186100000.0,0,28787.67,0.0,0
2025-11-22,ATM-020,Office Building,Jakarta Selatan,800000000,186100000.0,0.0,13000000.0,13000000.0,173100000.0,0,24602.74,0.0,0
2025-11-23,ATM-020,Office Building,Jakarta Selatan,800000000,173100000.0,0.0,14600000.0,14600000.0,158500000.0,0,22712.33,0.0,0
2025-11-24,ATM-020,Office Building,Jakarta Selatan,800000000,158500000.0,641500000.0,53100000.0,53100000.0,746900000.0,0,62013.7,261000.0,0
2025-11-25,ATM-020,Office Building,Jakarta Selatan,800000000,746900000.0,0.0,60500000.0,60500000.0,686400000.0,0,98171.23,0.0,0
2025-11-26,ATM-020,Office Building,Jakarta Selatan,800000000,686400000.0,0.0,74900000.0,74900000.0,611500000.0,0,88897.26,0.0,0
2025-11-27,ATM-020,Office Building,Jakarta Selatan,800000000,611500000.0,0.0,92100000.0,92100000.0,519400000.0,0,77458.9,0.0,0
2025-11-28,ATM-020,Office Building,Jakarta Selatan,800000000,519400000.0,0.0,39200000.0,39200000.0,480200000.0,0,68465.75,0.0,0
2025-11-29,ATM-020,Office Building,Jakarta Selatan,800000000,480200000.0,0.0,10100000.0,10100000.0,470100000.0,0,65089.04,0.0,0
2025-11-30,ATM-020,Office Building,Jakarta Selatan,800000000,470100000.0,0.0,14700000.0,14700000.0,455400000.0,0,63390.41,0.0,0
2025-12-01,ATM-020,Office Building,Jakarta Selatan,800000000,455400000.0,0.0,48500000.0,48500000.0,406900000.0,0,59061.64,0.0,0
2025-12-02,ATM-020,Office Building,Jakarta Selatan,800000000,406900000.0,0.0,63600000.0,63600000.0,343300000.0,0,51383.56,0.0,0
2025-12-03,ATM-020,Office Building,Jakarta Selatan,800000000,343300000.0,0.0,51300000.0,51300000.0,292000000.0,0,43513.7,0.0,0
2025-12-04,ATM-020,Office Building,Jakarta Selatan,800000000,292000000.0,0.0,44600000.0,44600000.0,247400000.0,0,36945.21,0.0,0
2025-12-05,ATM-020,Office Building,Jakarta Selatan,800000000,247400000.0,0.0,54800000.0,54800000.0,192600000.0,0,30136.99,0.0,0
2025-12-06,ATM-020,Office Building,Jakarta Selatan,800000000,192600000.0,0.0,20700000.0,20700000.0,171900000.0,0,24965.75,0.0,0
2025-12-07,ATM-020,Office Building,Jakarta Selatan,800000000,171900000.0,0.0,17800000.0,17800000.0,154100000.0,0,22328.77,0.0,0
2025-12-08,ATM-020,Office Building,Jakarta Selatan,800000000,154100000.0,645900000.0,81100000.0,81100000.0,718900000.0,0,59794.52,261000.0,0
2025-12-09,ATM-020,Office Building,Jakarta Selatan,800000000,718900000.0,0.0,45500000.0,45500000.0,673400000.0,0,95363.01,0.0,0
2025-12-10,ATM-020,Office Building,Jakarta Selatan,800000000,673400000.0,0.0,44600000.0,44600000.0,628800000.0,0,89191.78,0.0,0
2025-12-11,ATM-020,Office Building,Jakarta Selatan,800000000,628800000.0,0.0,91800000.0,91800000.0,537000000.0,0,79849.32,0.0,0
2025-12-12,ATM-020,Office Building,Jakarta Selatan,800000000,537000000.0,0.0,52600000.0,52600000.0,484400000.0,0,69958.9,0.0,0
2025-12-13,ATM-020,Office Building,Jakarta Selatan,800000000,484400000.0,0.0,10600000.0,10600000.0,473800000.0,0,65630.14,0.0,0
2025-12-14,ATM-020,Office Building,Jakarta Selatan,800000000,473800000.0,0.0,18600000.0,18600000.0,455200000.0,0,63630.14,0.0,0
2025-12-15,ATM-020,Office Building,Jakarta Selatan,800000000,455200000.0,0.0,53000000.0,53000000.0,402200000.0,0,58726.03,0.0,0
2025-12-16,ATM-020,Office Building,Jakarta Selatan,800000000,402200000.0,0.0,58800000.0,58800000.0,343400000.0,0,51068.49,0.0,0
2025-12-17,ATM-020,Office Building,Jakarta Selatan,800000000,343400000.0,0.0,90400000.0,90400000.0,253000000.0,0,40849.32,0.0,0
2025-12-18,ATM-020,Office Building,Jakarta Selatan,800000000,253000000.0,0.0,41900000.0,41900000.0,211100000.0,0,31787.67,0.0,0
2025-12-19,ATM-020,Office Building,Jakarta Selatan,800000000,211100000.0,0.0,51200000.0,51200000.0,159900000.0,0,25410.96,0.0,0
2025-12-20,ATM-020,Office Building,Jakarta Selatan,800000000,159900000.0,640100000.0,13600000.0,13600000.0,786400000.0,0,64815.07,261000.0,0
2025-12-21,ATM-020,Office Building,Jakarta Selatan,800000000,786400000.0,0.0,10500000.0,10500000.0,775900000.0,0,107006.85,0.0,0
2025-12-22,ATM-020,Office Building,Jakarta Selatan,800000000,775900000.0,0.0,78900000.0,78900000.0,697000000.0,0,100883.56,0.0,0
2025-12-23,ATM-020,Office Building,Jakarta Selatan,800000000,697000000.0,0.0,40800000.0,40800000.0,656200000.0,0,92684.93,0.0,0
2025-12-24,ATM-020,Office Building,Jakarta Selatan,800000000,656200000.0,0.0,50300000.0,50300000.0,605900000.0,0,86445.21,0.0,0
2025-12-25,ATM-020,Office Building,Jakarta Selatan,800000000,605900000.0,0.0,55700000.0,55700000.0,550200000.0,0,79184.93,0.0,0
2025-12-26,ATM-020,Office Building,Jakarta Selatan,800000000,550200000.0,0.0,58500000.0,58500000.0,491700000.0,0,71363.01,0.0,0
2025-12-27,ATM-020,Office Building,Jakarta Selatan,800000000,491700000.0,0.0,12000000.0,12000000.0,479700000.0,0,66534.25,0.0,0
2025-12-28,ATM-020,Office Building,Jakarta Selatan,800000000,479700000.0,0.0,15600000.0,15600000.0,464100000.0,0,64643.84,0.0,0
2025-12-29,ATM-020,Office Building,Jakarta Selatan,800000000,464100000.0,0.0,38500000.0,38500000.0,425600000.0,0,60938.36,0.0,0
2025-12-30,ATM-020,Office Building,Jakarta Selatan,800000000,425600000.0,0.0,57300000.0,57300000.0,368300000.0,0,54376.71,0.0,0
2025-12-31,ATM-020,Office Building,Jakarta Selatan,800000000,368300000.0,0.0,75000000.0,75000000.0,293300000.0,0,45315.07,0.0,0
2026-01-01,ATM-020,Office Building,Jakarta Selatan,800000000,293300000.0,0.0,79900000.0,79900000.0,213400000.0,0,34705.48,0.0,0
2026-01-02,ATM-020,Office Building,Jakarta Selatan,800000000,213400000.0,0.0,71700000.0,71700000.0,141700000.0,0,24321.92,0.0,0
2026-01-03,ATM-020,Office Building,Jakarta Selatan,800000000,141700000.0,658300000.0,20400000.0,20400000.0,779600000.0,0,63102.74,261000.0,0
2026-01-04,ATM-020,Office Building,Jakarta Selatan,800000000,779600000.0,0.0,21400000.0,21400000.0,758200000.0,0,105328.77,0.0,0
2026-01-05,ATM-020,Office Building,Jakarta Selatan,800000000,758200000.0,0.0,87900000.0,87900000.0,670300000.0,0,97842.47,0.0,0
2026-01-06,ATM-020,Office Building,Jakarta Selatan,800000000,670300000.0,0.0,69700000.0,69700000.0,600600000.0,0,87047.95,0.0,0
2026-01-07,ATM-020,Office Building,Jakarta Selatan,800000000,600600000.0,0.0,82800000.0,82800000.0,517800000.0,0,76602.74,0.0,0
2026-01-08,ATM-020,Office Building,Jakarta Selatan,800000000,517800000.0,0.0,63800000.0,63800000.0,454000000.0,0,66561.64,0.0,0
2026-01-09,ATM-020,Office Building,Jakarta Selatan,800000000,454000000.0,0.0,59900000.0,59900000.0,394100000.0,0,58089.04,0.0,0
2026-01-10,ATM-020,Office Building,Jakarta Selatan,800000000,394100000.0,0.0,16600000.0,16600000.0,377500000.0,0,52849.32,0.0,0
2026-01-11,ATM-020,Office Building,Jakarta Selatan,800000000,377500000.0,0.0,14600000.0,14600000.0,362900000.0,0,50712.33,0.0,0
2026-01-12,ATM-020,Office Building,Jakarta Selatan,800000000,362900000.0,0.0,53400000.0,53400000.0,309500000.0,0,46054.79,0.0,0
2026-01-13,ATM-020,Office Building,Jakarta Selatan,800000000,309500000.0,0.0,79900000.0,79900000.0,229600000.0,0,36924.66,0.0,0
2026-01-14,ATM-020,Office Building,Jakarta Selatan,800000000,229600000.0,0.0,82100000.0,82100000.0,147500000.0,0,25828.77,0.0,0
2026-01-15,ATM-020,Office Building,Jakarta Selatan,800000000,147500000.0,652500000.0,60700000.0,60700000.0,739300000.0,0,60739.73,261000.0,0
2026-01-16,ATM-020,Office Building,Jakarta Selatan,800000000,739300000.0,0.0,81600000.0,81600000.0,657700000.0,0,95684.93,0.0,0
2026-01-17,ATM-020,Office Building,Jakarta Selatan,800000000,657700000.0,0.0,10100000.0,10100000.0,647600000.0,0,89404.11,0.0,0
2026-01-18,ATM-020,Office Building,Jakarta Selatan,800000000,647600000.0,0.0,11200000.0,11200000.0,636400000.0,0,87945.21,0.0,0
2026-01-19,ATM-020,Office Building,Jakarta Selatan,800000000,636400000.0,0.0,40900000.0,40900000.0,595500000.0,0,84376.71,0.0,0
2026-01-20,ATM-020,Office Building,Jakarta Selatan,800000000,595500000.0,0.0,89600000.0,89600000.0,505900000.0,0,75438.36,0.0,0
2026-01-21,ATM-020,Office Building,Jakarta Selatan,800000000,505900000.0,0.0,95600000.0,95600000.0,410300000.0,0,62753.42,0.0,0
2026-01-22,ATM-020,Office Building,Jakarta Selatan,800000000,410300000.0,0.0,51400000.0,51400000.0,358900000.0,0,52684.93,0.0,0
2026-01-23,ATM-020,Office Building,Jakarta Selatan,800000000,358900000.0,0.0,79700000.0,79700000.0,279200000.0,0,43705.48,0.0,0
2026-01-24,ATM-020,Office Building,Jakarta Selatan,800000000,279200000.0,0.0,18100000.0,18100000.0,261100000.0,0,37006.85,0.0,0
2026-01-25,ATM-020,Office Building,Jakarta Selatan,800000000,261100000.0,0.0,15100000.0,15100000.0,246000000.0,0,34732.88,0.0,0
2026-01-26,ATM-020,Office Building,Jakarta Selatan,800000000,246000000.0,0.0,46900000.0,46900000.0,199100000.0,0,30486.3,0.0,0
2026-01-27,ATM-020,Office Building,Jakarta Selatan,800000000,199100000.0,0.0,50700000.0,50700000.0,148400000.0,0,23801.37,0.0,0
2026-01-28,ATM-020,Office Building,Jakarta Selatan,800000000,148400000.0,651600000.0,77900000.0,77900000.0,722100000.0,0,59623.29,261000.0,0
2026-01-29,ATM-020,Office Building,Jakarta Selatan,800000000,722100000.0,0.0,65900000.0,65900000.0,656200000.0,0,94404.11,0.0,0
2026-01-30,ATM-020,Office Building,Jakarta Selatan,800000000,656200000.0,0.0,80900000.0,80900000.0,575300000.0,0,84349.32,0.0,0
2026-01-31,ATM-020,Office Building,Jakarta Selatan,800000000,575300000.0,0.0,15300000.0,15300000.0,560000000.0,0,77760.27,0.0,0
2026-02-01,ATM-020,Office Building,Jakarta Selatan,800000000,560000000.0,0.0,12900000.0,12900000.0,547100000.0,0,75828.77,0.0,0
2026-02-02,ATM-020,Office Building,Jakarta Selatan,800000000,547100000.0,0.0,46300000.0,46300000.0,500800000.0,0,71773.97,0.0,0
2026-02-03,ATM-020,Office Building,Jakarta Selatan,800000000,500800000.0,0.0,38100000.0,38100000.0,462700000.0,0,65993.15,0.0,0
2026-02-04,ATM-020,Office Building,Jakarta Selatan,800000000,462700000.0,0.0,61400000.0,61400000.0,401300000.0,0,59178.08,0.0,0
2026-02-05,ATM-020,Office Building,Jakarta Selatan,800000000,401300000.0,0.0,42000000.0,42000000.0,359300000.0,0,52095.89,0.0,0
2026-02-06,ATM-020,Office Building,Jakarta Selatan,800000000,359300000.0,0.0,78900000.0,78900000.0,280400000.0,0,43815.07,0.0,0
2026-02-07,ATM-020,Office Building,Jakarta Selatan,800000000,280400000.0,0.0,17300000.0,17300000.0,263100000.0,0,37226.03,0.0,0
2026-02-08,ATM-020,Office Building,Jakarta Selatan,800000000,263100000.0,0.0,11800000.0,11800000.0,251300000.0,0,35232.88,0.0,0
2026-02-09,ATM-020,Office Building,Jakarta Selatan,800000000,251300000.0,0.0,60500000.0,60500000.0,190800000.0,0,30280.82,0.0,0
2026-02-10,ATM-020,Office Building,Jakarta Selatan,800000000,190800000.0,0.0,45500000.0,45500000.0,145300000.0,0,23020.55,0.0,0
2026-02-11,ATM-020,Office Building,Jakarta Selatan,800000000,145300000.0,654700000.0,47900000.0,47900000.0,752100000.0,0,61465.75,261000.0,0
2026-02-12,ATM-020,Office Building,Jakarta Selatan,800000000,752100000.0,0.0,65800000.0,65800000.0,686300000.0,0,98520.55,0.0,0
2026-02-13,ATM-020,Office Building,Jakarta Selatan,800000000,686300000.0,0.0,59600000.0,59600000.0,626700000.0,0,89931.51,0.0,0
2026-02-14,ATM-020,Office Building,Jakarta Selatan,800000000,626700000.0,0.0,12800000.0,12800000.0,613900000.0,0,84972.6,0.0,0
2026-02-15,ATM-020,Office Building,Jakarta Selatan,800000000,613900000.0,0.0,12100000.0,12100000.0,601800000.0,0,83267.12,0.0,0
2026-02-16,ATM-020,Office Building,Jakarta Selatan,800000000,601800000.0,0.0,62200000.0,62200000.0,539600000.0,0,78178.08,0.0,0
2026-02-17,ATM-020,Office Building,Jakarta Selatan,800000000,539600000.0,0.0,84700000.0,84700000.0,454900000.0,0,68116.44,0.0,0
2026-02-18,ATM-020,Office Building,Jakarta Selatan,800000000,454900000.0,0.0,90500000.0,90500000.0,364400000.0,0,56116.44,0.0,0
2026-02-19,ATM-020,Office Building,Jakarta Selatan,800000000,364400000.0,0.0,39000000.0,39000000.0,325400000.0,0,47246.58,0.0,0
2026-02-20,ATM-020,Office Building,Jakarta Selatan,800000000,325400000.0,0.0,91300000.0,91300000.0,234100000.0,0,38321.92,0.0,0
2026-02-21,ATM-020,Office Building,Jakarta Selatan,800000000,234100000.0,0.0,19900000.0,19900000.0,214200000.0,0,30705.48,0.0,0
2026-02-22,ATM-020,Office Building,Jakarta Selatan,800000000,214200000.0,0.0,12600000.0,12600000.0,201600000.0,0,28479.45,0.0,0
2026-02-23,ATM-020,Office Building,Jakarta Selatan,800000000,201600000.0,0.0,52100000.0,52100000.0,149500000.0,0,24047.95,0.0,0
2026-02-24,ATM-020,Office Building,Jakarta Selatan,800000000,149500000.0,650500000.0,59500000.0,59500000.0,740500000.0,0,60958.9,261000.0,0
2026-02-25,ATM-020,Office Building,Jakarta Selatan,800000000,740500000.0,0.0,58300000.0,58300000.0,682200000.0,0,97445.21,0.0,0
2026-02-26,ATM-020,Office Building,Jakarta Selatan,800000000,682200000.0,0.0,46300000.0,46300000.0,635900000.0,0,90280.82,0.0,0
2026-02-27,ATM-020,Office Building,Jakarta Selatan,800000000,635900000.0,0.0,41800000.0,41800000.0,594100000.0,0,84246.58,0.0,0
2026-02-28,ATM-020,Office Building,Jakarta Selatan,800000000,594100000.0,0.0,10100000.0,10100000.0,584000000.0,0,80691.78,0.0,0
2026-03-01,ATM-020,Office Building,Jakarta Selatan,800000000,584000000.0,0.0,17200000.0,17200000.0,566800000.0,0,78821.92,0.0,0
2026-03-02,ATM-020,Office Building,Jakarta Selatan,800000000,566800000.0,0.0,101500000.0,101500000.0,465300000.0,0,70691.78,0.0,0
2026-03-03,ATM-020,Office Building,Jakarta Selatan,800000000,465300000.0,0.0,84000000.0,84000000.0,381300000.0,0,57986.3,0.0,0
2026-03-04,ATM-020,Office Building,Jakarta Selatan,800000000,381300000.0,0.0,68100000.0,68100000.0,313200000.0,0,47568.49,0.0,0
2026-03-05,ATM-020,Office Building,Jakarta Selatan,800000000,313200000.0,0.0,66900000.0,66900000.0,246300000.0,0,38321.92,0.0,0
2026-03-06,ATM-020,Office Building,Jakarta Selatan,800000000,246300000.0,0.0,49000000.0,49000000.0,197300000.0,0,30383.56,0.0,0
2026-03-07,ATM-020,Office Building,Jakarta Selatan,800000000,197300000.0,0.0,14200000.0,14200000.0,183100000.0,0,26054.79,0.0,0
2026-03-08,ATM-020,Office Building,Jakarta Selatan,800000000,183100000.0,0.0,11600000.0,11600000.0,171500000.0,0,24287.67,0.0,0
2026-03-09,ATM-020,Office Building,Jakarta Selatan,800000000,171500000.0,0.0,61500000.0,61500000.0,110000000.0,0,19280.82,0.0,0
2026-03-10,ATM-020,Office Building,Jakarta Selatan,800000000,110000000.0,690000000.0,76400000.0,76400000.0,723600000.0,0,57095.89,261000.0,0
2026-03-11,ATM-020,Office Building,Jakarta Selatan,800000000,723600000.0,0.0,69300000.0,69300000.0,654300000.0,0,94376.71,0.0,0
2026-03-12,ATM-020,Office Building,Jakarta Selatan,800000000,654300000.0,0.0,79300000.0,79300000.0,575000000.0,0,84198.63,0.0,0
2026-03-13,ATM-020,Office Building,Jakarta Selatan,800000000,575000000.0,0.0,94500000.0,94500000.0,480500000.0,0,72294.52,0.0,0
2026-03-14,ATM-020,Office Building,Jakarta Selatan,800000000,480500000.0,0.0,10100000.0,10100000.0,470400000.0,0,65130.14,0.0,0
2026-03-15,ATM-020,Office Building,Jakarta Selatan,800000000,470400000.0,0.0,19100000.0,19100000.0,451300000.0,0,63130.14,0.0,0
2026-03-16,ATM-020,Office Building,Jakarta Selatan,800000000,451300000.0,0.0,79700000.0,79700000.0,371600000.0,0,56363.01,0.0,0
2026-03-17,ATM-020,Office Building,Jakarta Selatan,800000000,371600000.0,0.0,65400000.0,65400000.0,306200000.0,0,46424.66,0.0,0
2026-03-18,ATM-020,Office Building,Jakarta Selatan,800000000,306200000.0,0.0,67300000.0,67300000.0,238900000.0,0,37335.62,0.0,0
2026-03-19,ATM-020,Office Building,Jakarta Selatan,800000000,238900000.0,0.0,54900000.0,54900000.0,184000000.0,0,28965.75,0.0,0
2026-03-20,ATM-020,Office Building,Jakarta Selatan,800000000,184000000.0,0.0,99600000.0,99600000.0,84400000.0,0,18383.56,0.0,0
2026-03-21,ATM-020,Office Building,Jakarta Selatan,800000000,84400000.0,715600000.0,11200000.0,11200000.0,788800000.0,0,59808.22,261000.0,0
2026-03-22,ATM-020,Office Building,Jakarta Selatan,800000000,788800000.0,0.0,19200000.0,19200000.0,769600000.0,0,106739.73,0.0,0
2026-03-23,ATM-020,Office Building,Jakarta Selatan,800000000,769600000.0,0.0,61900000.0,61900000.0,707700000.0,0,101184.93,0.0,0
2026-03-24,ATM-020,Office Building,Jakarta Selatan,800000000,707700000.0,0.0,85700000.0,85700000.0,622000000.0,0,91075.34,0.0,0
2026-03-25,ATM-020,Office Building,Jakarta Selatan,800000000,622000000.0,0.0,47900000.0,47900000.0,574100000.0,0,81924.66,0.0,0
2026-03-26,ATM-020,Office Building,Jakarta Selatan,800000000,574100000.0,0.0,73400000.0,73400000.0,500700000.0,0,73616.44,0.0,0
2026-03-27,ATM-020,Office Building,Jakarta Selatan,800000000,500700000.0,0.0,65400000.0,65400000.0,435300000.0,0,64109.59,0.0,0
2026-03-28,ATM-020,Office Building,Jakarta Selatan,800000000,435300000.0,0.0,15800000.0,15800000.0,419500000.0,0,58547.95,0.0,0
2026-03-29,ATM-020,Office Building,Jakarta Selatan,800000000,419500000.0,0.0,12600000.0,12600000.0,406900000.0,0,56602.74,0.0,0
2026-03-30,ATM-020,Office Building,Jakarta Selatan,800000000,406900000.0,0.0,91500000.0,91500000.0,315400000.0,0,49472.6,0.0,0
2026-03-31,ATM-020,Office Building,Jakarta Selatan,800000000,315400000.0,0.0,46900000.0,46900000.0,268500000.0,0,39993.15,0.0,0
2026-04-01,ATM-020,Office Building,Jakarta Selatan,800000000,268500000.0,0.0,73900000.0,73900000.0,194600000.0,0,31719.18,0.0,0
2026-04-02,ATM-020,Office Building,Jakarta Selatan,800000000,194600000.0,0.0,51800000.0,51800000.0,142800000.0,0,23109.59,0.0,0
2026-04-03,ATM-020,Office Building,Jakarta Selatan,800000000,142800000.0,657200000.0,83000000.0,83000000.0,717000000.0,0,58890.41,261000.0,0
2026-04-04,ATM-020,Office Building,Jakarta Selatan,800000000,717000000.0,0.0,15600000.0,15600000.0,701400000.0,0,97150.68,0.0,0
2026-04-05,ATM-020,Office Building,Jakarta Selatan,800000000,701400000.0,0.0,14500000.0,14500000.0,686900000.0,0,95089.04,0.0,0
2026-04-06,ATM-020,Office Building,Jakarta Selatan,800000000,686900000.0,0.0,46900000.0,46900000.0,640000000.0,0,90883.56,0.0,0
2026-04-07,ATM-020,Office Building,Jakarta Selatan,800000000,640000000.0,0.0,70300000.0,70300000.0,569700000.0,0,82856.16,0.0,0
2026-04-08,ATM-020,Office Building,Jakarta Selatan,800000000,569700000.0,0.0,66600000.0,66600000.0,503100000.0,0,73479.45,0.0,0
2026-04-09,ATM-020,Office Building,Jakarta Selatan,800000000,503100000.0,0.0,63500000.0,63500000.0,439600000.0,0,64568.49,0.0,0
2026-04-10,ATM-020,Office Building,Jakarta Selatan,800000000,439600000.0,0.0,43600000.0,43600000.0,396000000.0,0,57232.88,0.0,0
2026-04-11,ATM-020,Office Building,Jakarta Selatan,800000000,396000000.0,0.0,19100000.0,19100000.0,376900000.0,0,52938.36,0.0,0
2026-04-12,ATM-020,Office Building,Jakarta Selatan,800000000,376900000.0,0.0,15900000.0,15900000.0,361000000.0,0,50541.1,0.0,0
2026-04-13,ATM-020,Office Building,Jakarta Selatan,800000000,361000000.0,0.0,37500000.0,37500000.0,323500000.0,0,46883.56,0.0,0
2026-04-14,ATM-020,Office Building,Jakarta Selatan,800000000,323500000.0,0.0,70500000.0,70500000.0,253000000.0,0,39486.3,0.0,0
2026-04-15,ATM-020,Office Building,Jakarta Selatan,800000000,253000000.0,0.0,82000000.0,82000000.0,171000000.0,0,29041.1,0.0,0
2026-04-16,ATM-020,Office Building,Jakarta Selatan,800000000,171000000.0,0.0,74900000.0,74900000.0,96100000.0,0,18294.52,0.0,0
2026-04-17,ATM-020,Office Building,Jakarta Selatan,800000000,96100000.0,703900000.0,72300000.0,72300000.0,727700000.0,0,56424.66,261000.0,0
2026-04-18,ATM-020,Office Building,Jakarta Selatan,800000000,727700000.0,0.0,12300000.0,12300000.0,715400000.0,0,98842.47,0.0,0
2026-04-19,ATM-020,Office Building,Jakarta Selatan,800000000,715400000.0,0.0,12000000.0,12000000.0,703400000.0,0,97178.08,0.0,0
2026-04-20,ATM-020,Office Building,Jakarta Selatan,800000000,703400000.0,0.0,68700000.0,68700000.0,634700000.0,0,91650.68,0.0,0
2026-04-21,ATM-020,Office Building,Jakarta Selatan,800000000,634700000.0,0.0,61900000.0,61900000.0,572800000.0,0,82705.48,0.0,0
2026-04-22,ATM-020,Office Building,Jakarta Selatan,800000000,572800000.0,0.0,47400000.0,47400000.0,525400000.0,0,75219.18,0.0,0
2026-04-23,ATM-020,Office Building,Jakarta Selatan,800000000,525400000.0,0.0,41700000.0,41700000.0,483700000.0,0,69116.44,0.0,0
2026-04-24,ATM-020,Office Building,Jakarta Selatan,800000000,483700000.0,0.0,75000000.0,75000000.0,408700000.0,0,61123.29,0.0,0
2026-04-25,ATM-020,Office Building,Jakarta Selatan,800000000,408700000.0,0.0,12200000.0,12200000.0,396500000.0,0,55150.68,0.0,0
2026-04-26,ATM-020,Office Building,Jakarta Selatan,800000000,396500000.0,0.0,19200000.0,19200000.0,377300000.0,0,53000.0,0.0,0
2026-04-27,ATM-020,Office Building,Jakarta Selatan,800000000,377300000.0,0.0,91600000.0,91600000.0,285700000.0,0,45410.96,0.0,0
2026-04-28,ATM-020,Office Building,Jakarta Selatan,800000000,285700000.0,0.0,59500000.0,59500000.0,226200000.0,0,35061.64,0.0,0
2026-04-29,ATM-020,Office Building,Jakarta Selatan,800000000,226200000.0,0.0,58300000.0,58300000.0,167900000.0,0,26993.15,0.0,0
2026-04-30,ATM-020,Office Building,Jakarta Selatan,800000000,167900000.0,0.0,101400000.0,101400000.0,66500000.0,0,16054.79,0.0,0
2026-05-01,ATM-020,Office Building,Jakarta Selatan,800000000,66500000.0,733500000.0,95100000.0,95100000.0,704900000.0,0,52835.62,261000.0,0
2026-05-02,ATM-020,Office Building,Jakarta Selatan,800000000,704900000.0,0.0,15800000.0,15800000.0,689100000.0,0,95479.45,0.0,0
2026-05-03,ATM-020,Office Building,Jakarta Selatan,800000000,689100000.0,0.0,10000000.0,10000000.0,679100000.0,0,93712.33,0.0,0
2026-05-04,ATM-020,Office Building,Jakarta Selatan,800000000,679100000.0,0.0,47500000.0,47500000.0,631600000.0,0,89773.97,0.0,0
2026-05-05,ATM-020,Office Building,Jakarta Selatan,800000000,631600000.0,0.0,67800000.0,67800000.0,563800000.0,0,81876.71,0.0,0
2026-05-06,ATM-020,Office Building,Jakarta Selatan,800000000,563800000.0,0.0,88100000.0,88100000.0,475700000.0,0,71198.63,0.0,0
2026-05-07,ATM-020,Office Building,Jakarta Selatan,800000000,475700000.0,0.0,48900000.0,48900000.0,426800000.0,0,61815.07,0.0,0
2026-05-08,ATM-020,Office Building,Jakarta Selatan,800000000,426800000.0,0.0,76100000.0,76100000.0,350700000.0,0,53253.42,0.0,0
2026-05-09,ATM-020,Office Building,Jakarta Selatan,800000000,350700000.0,0.0,19100000.0,19100000.0,331600000.0,0,46732.88,0.0,0
2026-05-10,ATM-020,Office Building,Jakarta Selatan,800000000,331600000.0,0.0,14300000.0,14300000.0,317300000.0,0,44445.21,0.0,0
2026-05-11,ATM-020,Office Building,Jakarta Selatan,800000000,317300000.0,0.0,72200000.0,72200000.0,245100000.0,0,38520.55,0.0,0
2026-05-12,ATM-020,Office Building,Jakarta Selatan,800000000,245100000.0,0.0,53100000.0,53100000.0,192000000.0,0,29938.36,0.0,0
2026-05-13,ATM-020,Office Building,Jakarta Selatan,800000000,192000000.0,0.0,105700000.0,105700000.0,86300000.0,0,19061.64,0.0,0
2026-05-14,ATM-020,Office Building,Jakarta Selatan,800000000,86300000.0,713700000.0,65000000.0,65000000.0,735000000.0,0,56253.42,261000.0,0
2026-05-15,ATM-020,Office Building,Jakarta Selatan,800000000,735000000.0,0.0,47500000.0,47500000.0,687500000.0,0,97431.51,0.0,0
2026-05-16,ATM-020,Office Building,Jakarta Selatan,800000000,687500000.0,0.0,16800000.0,16800000.0,670700000.0,0,93027.4,0.0,0
2026-05-17,ATM-020,Office Building,Jakarta Selatan,800000000,670700000.0,0.0,15100000.0,15100000.0,655600000.0,0,90842.47,0.0,0
2026-05-18,ATM-020,Office Building,Jakarta Selatan,800000000,655600000.0,0.0,62700000.0,62700000.0,592900000.0,0,85513.7,0.0,0
2026-05-19,ATM-020,Office Building,Jakarta Selatan,800000000,592900000.0,0.0,42800000.0,42800000.0,550100000.0,0,78287.67,0.0,0
